{"type":"FeatureCollection","name":"t500_por_clase","features":[{"type":"Feature","properties":{"clase":"14 sectores de suelo urbano y urbanizable","t500_ha":21.85,"pct_t500":6.6},"geometry":{"type":"MultiPolygon","coordinates":[[[[-5.8753635,43.3095273],[-5.8753632,43.3095278],[-5.8753569,43.3095337],[-5.8753499,43.309539],[-5.8753231,43.309556],[-5.8753126,43.3095637],[-5.8752998,43.3095745],[-5.8752942,43.3095799],[-5.8752896,43.3095854],[-5.8752777,43.3096045],[-5.8752729,43.3096114],[-5.8752635,43.309623],[-5.8752591,43.3096275],[-5.8752521,43.3096325],[-5.8752454,43.3096351],[-5.8752403,43.3096345],[-5.8752373,43.3096303],[-5.875236,43.3096231],[-5.875235,43.3096139],[-5.8752328,43.3096037],[-5.8752283,43.309593],[-5.8752274,43.3095919],[-5.8752205,43.309583],[-5.87521,43.3095734],[-5.8751977,43.3095646],[-5.8751842,43.3095567],[-5.8751702,43.30955],[-5.8751565,43.309545],[-5.8751436,43.3095423],[-5.8751324,43.3095424],[-5.8751248,43.3095452],[-5.875119,43.3095501],[-5.8751152,43.3095565],[-5.8751134,43.3095646],[-5.8751128,43.3095856],[-5.8751134,43.3095983],[-5.8751154,43.3096113],[-5.8751191,43.3096242],[-5.8751234,43.3096371],[-5.8751269,43.3096501],[-5.8751284,43.3096621],[-5.8751295,43.3096865],[-5.8751309,43.3096987],[-5.8751345,43.3097133],[-5.875139,43.3097278],[-5.8751424,43.3097406],[-5.8751429,43.3097424],[-5.8751447,43.3097573],[-5.8751437,43.3097697],[-5.8751407,43.3097823],[-5.8751363,43.309795],[-5.875132,43.3098059],[-5.875127,43.3098167],[-5.8751214,43.3098274],[-5.8751089,43.3098475],[-5.8750892,43.3098761],[-5.875079,43.3098894],[-5.8750683,43.3099016],[-5.8750556,43.3099138],[-5.8750436,43.309924],[-5.8750251,43.3099368],[-5.8750203,43.3099408],[-5.8750084,43.309953],[-5.8750008,43.3099597],[-5.8749914,43.3099665],[-5.8749399,43.3099989],[-5.8749168,43.3100141],[-5.8748666,43.3100505],[-5.8748354,43.3100718],[-5.8748237,43.3100794],[-5.8748116,43.3100866],[-5.8747952,43.3100951],[-5.874786,43.3100991],[-5.8747517,43.3101083],[-5.8747004,43.3101177],[-5.8745172,43.310053],[-5.8741453,43.3098879],[-5.8743337,43.309662],[-5.874398,43.3095863],[-5.8744005,43.3095867],[-5.8744169,43.3095893],[-5.8744419,43.3095927],[-5.874454,43.3095948],[-5.8744658,43.3095976],[-5.8744768,43.309601],[-5.8744851,43.3096041],[-5.874495,43.3096089],[-5.8745034,43.3096139],[-5.8745096,43.3096183],[-5.8745242,43.3096289],[-5.87453,43.3096342],[-5.87454,43.3096447],[-5.874544,43.309648],[-5.8745482,43.3096502],[-5.8745536,43.3096508],[-5.8745571,43.3096501],[-5.8745598,43.3096487],[-5.8745624,43.3096467],[-5.8745706,43.3096379],[-5.8745851,43.3096236],[-5.8745933,43.3096149],[-5.8746013,43.3096052],[-5.8746061,43.3095986],[-5.8746105,43.3095916],[-5.8746164,43.3095803],[-5.8746273,43.3095566],[-5.8746368,43.3095373],[-5.8746407,43.3095303],[-5.8746451,43.3095238],[-5.8746497,43.3095177],[-5.8746664,43.3094976],[-5.8746764,43.3094864],[-5.8747006,43.3094623],[-5.8747416,43.3094234],[-5.8747554,43.3094099],[-5.8747687,43.3093961],[-5.8747814,43.309382],[-5.8747929,43.3093676],[-5.8748029,43.3093527],[-5.8748097,43.3093398],[-5.8748152,43.3093267],[-5.8748197,43.3093133],[-5.8748233,43.3092999],[-5.874826,43.3092864],[-5.8748311,43.3092534],[-5.8748331,43.309245],[-5.8748355,43.3092365],[-5.8748408,43.309223],[-5.8748472,43.3092097],[-5.8748545,43.3091963],[-5.8748651,43.3091782],[-5.8748818,43.3091513],[-5.8749124,43.3091041],[-5.8749288,43.3090767],[-5.8749637,43.3090133],[-5.8749729,43.308995],[-5.8749781,43.3089834],[-5.8749825,43.3089719],[-5.8749858,43.3089604],[-5.8749877,43.3089507],[-5.8749889,43.3089419],[-5.8749912,43.3089143],[-5.8749932,43.3089012],[-5.8749967,43.3088894],[-5.8750011,43.308879],[-5.8750058,43.3088705],[-5.8750101,43.3088641],[-5.8750152,43.3088573],[-5.8750156,43.3088553],[-5.8750144,43.308855],[-5.8750133,43.3088532],[-5.8750097,43.3088515],[-5.8749993,43.3088495],[-5.8750899,43.3087345],[-5.8752262,43.308583],[-5.8753307,43.3084887],[-5.8754497,43.3084102],[-5.8756319,43.3082948],[-5.8756608,43.3083355],[-5.8756788,43.308361],[-5.8756766,43.3083621],[-5.8756643,43.3083713],[-5.875654,43.3083823],[-5.8756461,43.3083937],[-5.87564,43.3084059],[-5.8756369,43.3084159],[-5.8756354,43.308426],[-5.8756356,43.3084364],[-5.875638,43.3084484],[-5.8756424,43.3084615],[-5.8756484,43.3084746],[-5.875656,43.3084876],[-5.8756626,43.3084969],[-5.8756697,43.3085061],[-5.8757081,43.3085515],[-5.8757176,43.3085651],[-5.8757238,43.3085774],[-5.8757287,43.3085899],[-5.8757402,43.3086281],[-5.8757429,43.3086402],[-5.8757441,43.3086521],[-5.8757432,43.3086637],[-5.8757389,43.3086763],[-5.8757312,43.3086878],[-5.8757199,43.3086983],[-5.8757077,43.3087073],[-5.8756966,43.3087143],[-5.8756725,43.3087276],[-5.8756321,43.3087479],[-5.875619,43.3087548],[-5.8756071,43.3087621],[-5.8755983,43.3087686],[-5.8755821,43.3087816],[-5.8755732,43.3087876],[-5.8755633,43.3087927],[-5.8755498,43.3087969],[-5.8755345,43.3087997],[-5.8755181,43.3088016],[-5.8755039,43.3088028],[-5.8754894,43.3088036],[-5.8754745,43.3088038],[-5.8754295,43.3088029],[-5.8753917,43.3088026],[-5.8753691,43.3088025],[-5.8753149,43.3088012],[-5.8753015,43.3088012],[-5.8752887,43.308802],[-5.8752768,43.3088038],[-5.8752635,43.3088079],[-5.8752517,43.3088135],[-5.8752416,43.3088202],[-5.8752347,43.3088263],[-5.8752294,43.3088327],[-5.8752259,43.30884],[-5.8752238,43.3088477],[-5.8752217,43.30886],[-5.8752199,43.3088703],[-5.8752183,43.3088775],[-5.8752134,43.3088914],[-5.8752129,43.308894],[-5.875213,43.3088984],[-5.8752167,43.3089032],[-5.8752209,43.308905],[-5.8752265,43.3089064],[-5.8752611,43.3089121],[-5.8752851,43.3089165],[-5.8753019,43.3089197],[-5.8753153,43.3089228],[-5.8753189,43.3089236],[-5.8753341,43.3089281],[-5.8753495,43.3089332],[-5.8753848,43.3089458],[-5.8754025,43.3089526],[-5.87542,43.30896],[-5.8754369,43.3089679],[-5.8754527,43.3089763],[-5.8754677,43.3089853],[-5.8754814,43.3089948],[-5.8754938,43.3090047],[-5.8755044,43.3090148],[-5.8755131,43.3090252],[-5.8755198,43.3090355],[-5.8755241,43.3090457],[-5.8755254,43.3090555],[-5.875524,43.3090635],[-5.875521,43.3090715],[-5.8755081,43.3090969],[-5.8754927,43.30913],[-5.8754883,43.3091383],[-5.8754833,43.3091462],[-5.8754744,43.3091568],[-5.8753835,43.309326],[-5.8753802,43.3094773],[-5.8753796,43.3094911],[-5.8753795,43.3094916],[-5.8753692,43.3095157],[-5.8753635,43.3095273]]],[[[-5.8755798,43.3206771],[-5.8755668,43.3206793],[-5.8755518,43.320681],[-5.8755217,43.3206833],[-5.8754889,43.3206863],[-5.8754687,43.3206871],[-5.8754091,43.320688],[-5.8753596,43.3206902],[-5.8753439,43.3206906],[-5.8753283,43.3206905],[-5.875313,43.32069],[-5.8752966,43.320689],[-5.8752808,43.3206873],[-5.8752659,43.3206847],[-5.8752515,43.3206808],[-5.8752384,43.320676],[-5.8752274,43.320671],[-5.8752178,43.3206656],[-5.8752102,43.3206597],[-5.8752059,43.320655],[-5.8752029,43.3206501],[-5.8752015,43.3206463],[-5.8752003,43.3206406],[-5.8752,43.3206346],[-5.8752002,43.3206279],[-5.8752018,43.3206178],[-5.8752073,43.3205949],[-5.8752108,43.3205765],[-5.8752119,43.3205654],[-5.8752118,43.3205543],[-5.87521,43.3205426],[-5.8752076,43.3205331],[-5.8751983,43.3205025],[-5.8751949,43.3204866],[-5.8751937,43.3204784],[-5.8751923,43.3204616],[-5.875192,43.3204451],[-5.875193,43.3204285],[-5.8751972,43.3204021],[-5.8752029,43.3203752],[-5.8752269,43.3202849],[-5.8752334,43.3202576],[-5.87524,43.3202247],[-5.875242,43.3202021],[-5.8752434,43.3201911],[-5.8752456,43.3201793],[-5.8752483,43.320167],[-5.8752555,43.3201409],[-5.8752601,43.3201267],[-5.8752705,43.3200978],[-5.8752751,43.3200862],[-5.8752333,43.32003],[-5.8751886,43.3199995],[-5.8750671,43.3199745],[-5.8748981,43.3199612],[-5.8747347,43.3199307],[-5.8747257,43.3199359],[-5.8747165,43.3199371],[-5.8747073,43.319935],[-5.8746991,43.31993],[-5.8746923,43.3199219],[-5.8746877,43.3199117],[-5.8746853,43.3199001],[-5.8746853,43.3198877],[-5.8746877,43.3198755],[-5.8746916,43.3198634],[-5.8747094,43.3198114],[-5.8747099,43.3198055],[-5.8747086,43.3198026],[-5.8747062,43.3198004],[-5.8747013,43.3197985],[-5.8746949,43.3197977],[-5.8746871,43.3197977],[-5.8746846,43.319798],[-5.8747754,43.3197106],[-5.8748243,43.3196942],[-5.8749369,43.3197561],[-5.8751754,43.3198302],[-5.8753947,43.3198857],[-5.8754885,43.3199367],[-5.8756173,43.3200098],[-5.8757204,43.3200358],[-5.8758751,43.320049],[-5.8760471,43.3200428],[-5.8762895,43.3200329],[-5.8764225,43.3200295],[-5.8765405,43.3200104],[-5.8766121,43.3199752],[-5.876714,43.3198945],[-5.8767457,43.3199022],[-5.8768602,43.3199766],[-5.8769503,43.3200591],[-5.8769899,43.3201516],[-5.8769963,43.3202315],[-5.8770109,43.3202645],[-5.877028,43.3202955],[-5.8766775,43.3204216],[-5.8766237,43.320443],[-5.8766228,43.3205345],[-5.8766434,43.3207525],[-5.8766407,43.3207549],[-5.8766298,43.3207661],[-5.8766246,43.3207704],[-5.8766189,43.3207744],[-5.8766131,43.3207778],[-5.8766069,43.3207809],[-5.8765965,43.3207854],[-5.8765854,43.3207887],[-5.8765767,43.32079],[-5.876567,43.3207905],[-5.8765536,43.3207907],[-5.8765233,43.3207902],[-5.8764737,43.3207881],[-5.8764029,43.3207831],[-5.8763756,43.3207807],[-5.8763636,43.3207791],[-5.8763517,43.3207771],[-5.8763398,43.3207748],[-5.8763033,43.3207669],[-5.8762905,43.3207647],[-5.8762616,43.3207608],[-5.876227,43.3207572],[-5.8762028,43.3207553],[-5.8761352,43.3207479],[-5.8761145,43.3207459],[-5.876038,43.32074],[-5.8759944,43.320738],[-5.875979,43.3207381],[-5.8759779,43.3207382],[-5.8757941,43.3206866],[-5.8757856,43.320679],[-5.8757739,43.3206693],[-5.8757611,43.3206612],[-5.8757525,43.3206572],[-5.8757435,43.3206542],[-5.8757336,43.3206521],[-5.8757234,43.3206512],[-5.8757068,43.3206521],[-5.8756897,43.3206551],[-5.8756852,43.3206561],[-5.8756766,43.3206536],[-5.875648,43.3206563],[-5.8756157,43.3206697],[-5.8755798,43.3206771]]],[[[-5.8616761,43.3048384],[-5.8616914,43.3045281],[-5.8616821,43.3045168],[-5.8616938,43.3043905],[-5.861736,43.3041283],[-5.8617587,43.3038603],[-5.8619584,43.3036508],[-5.8620408,43.3035677],[-5.8620798,43.3034999],[-5.8620982,43.3033657],[-5.8620897,43.3032219],[-5.8619567,43.3032033],[-5.8617815,43.3031833],[-5.8616518,43.3031222],[-5.8611589,43.303087],[-5.8608302,43.3030618],[-5.8606337,43.3030397],[-5.8604115,43.303027],[-5.8604115,43.3030261],[-5.860409,43.3030195],[-5.8604043,43.3030129],[-5.8603973,43.3030068],[-5.860388,43.303002],[-5.8603748,43.3029986],[-5.8603594,43.3029972],[-5.8603427,43.302997],[-5.8603156,43.3029981],[-5.8603021,43.3029983],[-5.8602216,43.3029973],[-5.8601388,43.3029962],[-5.8601284,43.3029957],[-5.8601185,43.3029937],[-5.8601098,43.30299],[-5.8601055,43.3029867],[-5.8601022,43.3029829],[-5.8600932,43.3029648],[-5.8600883,43.3029583],[-5.8600813,43.3029527],[-5.8600732,43.3029488],[-5.8600615,43.3029455],[-5.8600482,43.3029431],[-5.8600086,43.3029378],[-5.8599957,43.3029366],[-5.8599453,43.3029341],[-5.8599326,43.3029332],[-5.8599209,43.3029317],[-5.8599104,43.302929],[-5.8598986,43.3029229],[-5.8597927,43.3029284],[-5.8597906,43.3029289],[-5.8597825,43.3029301],[-5.8597742,43.3029305],[-5.8597653,43.3029298],[-5.8597563,43.3029283],[-5.8597473,43.3029262],[-5.8597382,43.3029238],[-5.8597222,43.3029187],[-5.859707,43.3029129],[-5.8597,43.3029095],[-5.8596938,43.3029057],[-5.8596885,43.3029014],[-5.859684,43.3028968],[-5.8596801,43.3028919],[-5.8596769,43.3028866],[-5.8596743,43.3028806],[-5.8596726,43.3028735],[-5.8596726,43.3028662],[-5.8596745,43.3028591],[-5.8596776,43.3028521],[-5.8596892,43.3028301],[-5.8596895,43.3028287],[-5.8596962,43.30283],[-5.8597132,43.3028326],[-5.8597361,43.3028356],[-5.8597577,43.302838],[-5.859894,43.302834],[-5.859903,43.3028301],[-5.8599147,43.3028291],[-5.8599384,43.3028314],[-5.859947,43.3028319],[-5.8599572,43.3028315],[-5.8599665,43.3028303],[-5.8599743,43.3028283],[-5.8599799,43.302826],[-5.8599835,43.3028237],[-5.859985,43.3028213],[-5.8599851,43.3028245],[-5.8599895,43.3028311],[-5.8599959,43.302838],[-5.8600044,43.3028458],[-5.8600145,43.3028543],[-5.8600231,43.3028613],[-5.8600325,43.3028683],[-5.8600442,43.3028759],[-5.8600568,43.3028831],[-5.8600676,43.3028886],[-5.8600784,43.3028935],[-5.8600937,43.3028995],[-5.8601073,43.302904],[-5.8601252,43.3029088],[-5.8601312,43.3029099],[-5.8601393,43.3029098],[-5.8601455,43.3029085],[-5.8601503,43.3029064],[-5.8601542,43.3029053],[-5.8601565,43.3029055],[-5.8601597,43.3029067],[-5.8601628,43.3029088],[-5.8601657,43.3029125],[-5.8601674,43.3029176],[-5.8602438,43.3029213],[-5.8602291,43.3028541],[-5.8601791,43.3028411],[-5.8601788,43.3028414],[-5.8601723,43.302845],[-5.8601656,43.3028475],[-5.8601588,43.3028495],[-5.860153,43.3028509],[-5.8601476,43.3028517],[-5.8601426,43.3028516],[-5.8601367,43.3028499],[-5.860132,43.3028467],[-5.8601289,43.3028429],[-5.8601277,43.3028391],[-5.8601283,43.3028364],[-5.8601311,43.3028314],[-5.8601317,43.3028287],[-5.8601313,43.3028264],[-5.8601298,43.302824],[-5.8601256,43.3028204],[-5.8601195,43.3028169],[-5.8601121,43.3028135],[-5.8601039,43.3028102],[-5.860095,43.3028073],[-5.8600854,43.3028053],[-5.8600758,43.3028043],[-5.860067,43.3028045],[-5.860063,43.3028051],[-5.8600538,43.302807],[-5.8600481,43.3028072],[-5.8600421,43.3028057],[-5.8600361,43.3028028],[-5.8600304,43.3027987],[-5.8600267,43.302795],[-5.8600234,43.3027911],[-5.860019,43.302785],[-5.8600161,43.3027792],[-5.8600152,43.3027758],[-5.8600151,43.3027728],[-5.8600162,43.3027695],[-5.8600179,43.3027673],[-5.8600194,43.3027664],[-5.8600211,43.302767],[-5.8600268,43.3027672],[-5.8600578,43.3027666],[-5.8600713,43.3027668],[-5.8600871,43.3027678],[-5.860103,43.3027695],[-5.8601184,43.3027721],[-5.8601335,43.3027759],[-5.8601424,43.3027792],[-5.8601501,43.3027829],[-5.8601561,43.3027866],[-5.8601616,43.3027906],[-5.8601691,43.3027974],[-5.8602759,43.3028369],[-5.8602852,43.3028416],[-5.8602923,43.3028471],[-5.8602976,43.3028533],[-5.8603011,43.3028598],[-5.860305,43.3028715],[-5.8603103,43.3028849],[-5.8603127,43.3028932],[-5.8603159,43.3029097],[-5.8603177,43.3029143],[-5.8603205,43.3029192],[-5.8603253,43.3029256],[-5.8603313,43.3029316],[-5.8603371,43.3029358],[-5.8603433,43.3029394],[-5.8603528,43.3029432],[-5.8603602,43.3029447],[-5.860375,43.3029461],[-5.8603815,43.3029472],[-5.8603877,43.3029487],[-5.8604012,43.3029531],[-5.860411,43.3029557],[-5.8604399,43.3029623],[-5.860449,43.3029636],[-5.8604585,43.3029645],[-5.8604682,43.3029647],[-5.8604767,43.3029642],[-5.8604853,43.3029632],[-5.8605013,43.3029608],[-5.8605134,43.3029579],[-5.8605243,43.3029543],[-5.8605312,43.3029513],[-5.8605375,43.3029475],[-5.8605416,43.302944],[-5.8605534,43.3029317],[-5.8605585,43.3029252],[-5.8605614,43.302918],[-5.860561,43.3029094],[-5.8605552,43.3028892],[-5.8605533,43.3028797],[-5.8605519,43.3028701],[-5.8605513,43.3028606],[-5.8605514,43.3028532],[-5.8605526,43.3028463],[-5.8605577,43.3028366],[-5.8605667,43.3028289],[-5.8605729,43.3028258],[-5.860586,43.3028222],[-5.8606004,43.302821],[-5.8606153,43.3028223],[-5.8606266,43.3028251],[-5.8606376,43.3028291],[-5.8606687,43.3028429],[-5.8606792,43.3028466],[-5.860694,43.3028496],[-5.8607329,43.3028537],[-5.8607569,43.3028565],[-5.8607703,43.3028584],[-5.8608015,43.3028636],[-5.8608191,43.302866],[-5.8608346,43.3028674],[-5.8608502,43.3028682],[-5.8608736,43.3028688],[-5.8608852,43.3028696],[-5.8609076,43.3028721],[-5.8609225,43.3028743],[-5.8609373,43.302877],[-5.8609518,43.3028802],[-5.861,43.3028931],[-5.8610145,43.3028975],[-5.861029,43.3029012],[-5.8610413,43.302903],[-5.861054,43.3029035],[-5.8610698,43.3029022],[-5.8611017,43.3028978],[-5.8611175,43.3028959],[-5.8611329,43.3028947],[-5.8611474,43.3028943],[-5.8611563,43.3028946],[-5.8611836,43.3028967],[-5.8612048,43.302899],[-5.8612138,43.3029004],[-5.8612484,43.302907],[-5.8612596,43.3029081],[-5.8612889,43.3029081],[-5.8613003,43.302909],[-5.8613123,43.3029106],[-5.8613364,43.3029145],[-5.861348,43.3029168],[-5.8613604,43.3029198],[-5.8613948,43.3029308],[-5.861423,43.3029378],[-5.861436,43.3029418],[-5.8614469,43.3029466],[-5.8614662,43.3029569],[-5.8614719,43.3029595],[-5.8614776,43.3029615],[-5.8614871,43.3029633],[-5.8614965,43.3029644],[-5.8615059,43.3029662],[-5.8615144,43.3029696],[-5.8615218,43.3029738],[-5.86153,43.3029796],[-5.861546,43.3029927],[-5.8615509,43.3029959],[-5.8615561,43.3029982],[-5.8615631,43.3029995],[-5.86157,43.302999],[-5.8615744,43.3029978],[-5.8615828,43.3029938],[-5.8615918,43.3029882],[-5.861596,43.3029844],[-5.8616106,43.3029664],[-5.8616377,43.3029362],[-5.8616473,43.3029278],[-5.8616587,43.3029207],[-5.8616689,43.3029166],[-5.8616798,43.3029138],[-5.8616908,43.3029123],[-5.8616995,43.302912],[-5.8617193,43.3029129],[-5.8617298,43.3029128],[-5.8617394,43.3029116],[-5.8617466,43.3029095],[-5.8617588,43.302905],[-5.8617645,43.3029035],[-5.8617863,43.3028993],[-5.8617946,43.3028968],[-5.8618024,43.3028933],[-5.861819,43.3028831],[-5.8618285,43.3028782],[-5.8618373,43.3028747],[-5.861847,43.302872],[-5.8618871,43.3028643],[-5.8619168,43.3028577],[-5.8619322,43.302854],[-5.8619476,43.3028497],[-5.8620111,43.3028308],[-5.862028,43.3028262],[-5.8620448,43.3028226],[-5.8620614,43.3028205],[-5.8620751,43.3028202],[-5.862126,43.3028231],[-5.8621417,43.3028229],[-5.8621573,43.302822],[-5.8621859,43.30282],[-5.862199,43.3028197],[-5.8622108,43.3028205],[-5.8622347,43.3028233],[-5.8622462,43.3028243],[-5.862258,43.302825],[-5.8623017,43.3028267],[-5.8623144,43.302828],[-5.8623271,43.3028303],[-5.8623358,43.3028325],[-5.8623441,43.3028351],[-5.8623528,43.3028387],[-5.8623773,43.3028505],[-5.8623907,43.3028562],[-5.8624046,43.3028602],[-5.8624162,43.3028619],[-5.8624306,43.3028628],[-5.862445,43.3028633],[-5.862457,43.3028641],[-5.8624945,43.3028702],[-5.862515,43.3028728],[-5.8625249,43.3028734],[-5.862537,43.3028726],[-5.8625472,43.3028695],[-5.8625548,43.3028638],[-5.8625607,43.3028562],[-5.8625712,43.3028397],[-5.8625778,43.3028325],[-5.8625866,43.3028271],[-5.8625967,43.3028241],[-5.862607,43.3028238],[-5.8626141,43.3028255],[-5.8626212,43.3028284],[-5.8626407,43.302837],[-5.8626537,43.3028418],[-5.8626618,43.3028442],[-5.8626701,43.3028461],[-5.8626793,43.3028473],[-5.8627035,43.302849],[-5.8627188,43.302849],[-5.8627334,43.3028477],[-5.8627669,43.3028418],[-5.8627755,43.3028409],[-5.8627837,43.3028406],[-5.8627914,43.3028412],[-5.8627996,43.3028431],[-5.8628066,43.3028464],[-5.862812,43.3028506],[-5.8628159,43.302857],[-5.8628172,43.3028641],[-5.8628167,43.3028704],[-5.8628141,43.3028812],[-5.8628133,43.302886],[-5.8628131,43.302891],[-5.8628135,43.3028974],[-5.8628148,43.3029033],[-5.8628177,43.3029083],[-5.8628209,43.3029109],[-5.8628251,43.3029128],[-5.8628314,43.3029142],[-5.8628388,43.3029147],[-5.8628478,43.3029147],[-5.8628603,43.3029134],[-5.8628715,43.3029107],[-5.862895,43.3029038],[-5.862907,43.3029007],[-5.8629149,43.302899],[-5.8629235,43.3028977],[-5.8629323,43.3028974],[-5.8629426,43.3028986],[-5.862953,43.302901],[-5.8629644,43.3029048],[-5.8629842,43.3029132],[-5.8630093,43.3029248],[-5.8630386,43.3029399],[-5.863056,43.3029483],[-5.8630902,43.3029628],[-5.8631024,43.3029684],[-5.8631258,43.3029804],[-5.863137,43.3029865],[-5.8631532,43.3029965],[-5.8631683,43.3030068],[-5.8631821,43.303017],[-5.8632118,43.3030407],[-5.8632258,43.3030496],[-5.8632334,43.303055],[-5.8632394,43.3030603],[-5.8632434,43.3030649],[-5.8632476,43.3030688],[-5.8632537,43.3030722],[-5.8632615,43.3030743],[-5.8632706,43.3030748],[-5.8632884,43.303075],[-5.863296,43.3030754],[-5.8633078,43.3030764],[-5.8633202,43.303078],[-5.8633623,43.3030862],[-5.8633898,43.3030903],[-5.8634001,43.3030923],[-5.863458,43.3031063],[-5.8634736,43.3031098],[-5.8634886,43.3031127],[-5.8635046,43.3031154],[-5.8635196,43.3031186],[-5.8635338,43.3031236],[-5.8635471,43.3031301],[-5.8635595,43.3031374],[-5.8635789,43.3031506],[-5.8635873,43.3031559],[-5.8635993,43.3031616],[-5.8636132,43.3031666],[-5.8636285,43.3031711],[-5.8636402,43.3031739],[-5.8636523,43.3031764],[-5.863665,43.3031786],[-5.8636891,43.3031818],[-5.8637397,43.303188],[-5.863758,43.3031909],[-5.8638165,43.3032016],[-5.8638752,43.3032133],[-5.8638964,43.3032178],[-5.8639642,43.3032339],[-5.8639833,43.303239],[-5.8640203,43.3032497],[-5.8640621,43.3032625],[-5.8640815,43.3032674],[-5.8641208,43.3032763],[-5.8641627,43.3032851],[-5.8641736,43.3032878],[-5.8641949,43.3032939],[-5.864208,43.3032982],[-5.8642254,43.3033048],[-5.864243,43.303312],[-5.864355,43.3033597],[-5.8643717,43.3033673],[-5.8643815,43.3033721],[-5.8643907,43.3033772],[-5.8644031,43.3033854],[-5.8644144,43.3033942],[-5.8644217,43.3034004],[-5.8644427,43.3034188],[-5.8644548,43.303429],[-5.8644616,43.3034343],[-5.8644686,43.303439],[-5.8644762,43.3034431],[-5.8645013,43.3034556],[-5.8645108,43.3034597],[-5.8645207,43.3034632],[-5.8645329,43.3034659],[-5.8645457,43.3034671],[-5.8645587,43.3034666],[-5.8645705,43.3034648],[-5.8645943,43.3034593],[-5.8646085,43.3034563],[-5.8646212,43.3034543],[-5.8646329,43.3034534],[-5.8646447,43.3034535],[-5.8646566,43.3034548],[-5.8646685,43.3034571],[-5.8646785,43.3034595],[-5.8646886,43.3034623],[-5.8647243,43.3034732],[-5.8647429,43.3034793],[-5.8648022,43.3035017],[-5.8648133,43.3035056],[-5.8648246,43.3035092],[-5.8648818,43.3035235],[-5.864902,43.3035289],[-5.8649224,43.3035348],[-5.8649426,43.3035414],[-5.8649623,43.3035487],[-5.8649817,43.3035565],[-5.8650969,43.303605],[-5.8651106,43.30361],[-5.8651226,43.3036132],[-5.8651344,43.3036151],[-5.8651455,43.3036159],[-5.8651527,43.3036157],[-5.8651797,43.3036132],[-5.8652056,43.3036095],[-5.8652197,43.3036081],[-5.8652501,43.3036067],[-5.8652775,43.3036065],[-5.8652895,43.3036068],[-5.865308,43.3036078],[-5.8653551,43.3036113],[-5.8653677,43.3036128],[-5.8653784,43.3036151],[-5.8653865,43.3036187],[-5.8653924,43.3036248],[-5.8653958,43.3036326],[-5.8653988,43.3036412],[-5.8654019,43.3036482],[-5.8654059,43.303655],[-5.8654099,43.3036602],[-5.865415,43.3036649],[-5.8654214,43.3036692],[-5.8654349,43.3036764],[-5.8654498,43.303683],[-5.8654761,43.3036938],[-5.8655097,43.3037073],[-5.8655436,43.3037192],[-5.8655794,43.3037325],[-5.8655976,43.3037388],[-5.8656134,43.3037436],[-5.8656626,43.3037581],[-5.8656956,43.3037673],[-5.8657117,43.3037724],[-5.8657257,43.3037778],[-5.8657392,43.3037838],[-5.8657508,43.3037894],[-5.8657621,43.3037955],[-5.865777,43.3038046],[-5.865822,43.3038346],[-5.8658726,43.3038648],[-5.8658987,43.3038815],[-5.8659121,43.3038913],[-5.8659203,43.3038984],[-5.865928,43.3039059],[-5.8659367,43.3039157],[-5.8659452,43.3039274],[-5.8659524,43.3039397],[-5.8659585,43.3039524],[-5.8659625,43.3039623],[-5.8659707,43.3039868],[-5.8659747,43.3040015],[-5.8659775,43.3040143],[-5.8659797,43.3040273],[-5.8659838,43.3040554],[-5.8659852,43.3040705],[-5.8659858,43.30409],[-5.8659862,43.3041255],[-5.8659855,43.304155],[-5.8659842,43.3041816],[-5.8659832,43.3041934],[-5.8659813,43.304209],[-5.8659788,43.3042243],[-5.8659757,43.3042391],[-5.8659721,43.3042532],[-5.865964,43.3042772],[-5.8659606,43.3042892],[-5.8659535,43.3043227],[-5.8659483,43.3043516],[-5.8659458,43.3043614],[-5.8659415,43.3043729],[-5.8659281,43.3044053],[-5.8659203,43.3044274],[-5.8659136,43.3044521],[-5.8659036,43.3044965],[-5.8658917,43.3045609],[-5.8658901,43.304573],[-5.8658875,43.3046097],[-5.8658862,43.3046227],[-5.8658805,43.3046595],[-5.8658733,43.304701],[-5.8658693,43.3047295],[-5.8658664,43.3047581],[-5.8658625,43.3048112],[-5.865861,43.3048236],[-5.8658589,43.3048358],[-5.8658562,43.3048479],[-5.8658532,43.3048588],[-5.8658238,43.3049598],[-5.8658171,43.3049809],[-5.8658129,43.304992],[-5.8658083,43.3050022],[-5.8657734,43.3050732],[-5.8657695,43.3050825],[-5.8657657,43.3050937],[-5.8657596,43.3051174],[-5.8657513,43.3051541],[-5.8657405,43.3051908],[-5.8657321,43.3052253],[-5.865726,43.3052562],[-5.8657232,43.3052807],[-5.86572,43.3053002],[-5.8657184,43.3053064],[-5.865713,43.3053226],[-5.8657111,43.3053295],[-5.8657096,43.3053369],[-5.8657067,43.3053548],[-5.8657031,43.3053809],[-5.8657012,43.3054121],[-5.8656949,43.305485],[-5.8656941,43.3055017],[-5.865694,43.3055263],[-5.865696,43.3055891],[-5.8656961,43.3056044],[-5.8656957,43.3056193],[-5.8656946,43.3056339],[-5.8656914,43.3056609],[-5.8656907,43.3056772],[-5.8656912,43.3056859],[-5.8656937,43.305699],[-5.865701,43.3057241],[-5.8657031,43.3057332],[-5.8657068,43.305755],[-5.8657082,43.3057677],[-5.865709,43.3057803],[-5.8657092,43.3058202],[-5.8657104,43.3058332],[-5.8657175,43.3058665],[-5.8657203,43.3058911],[-5.8657177,43.3058952],[-5.8656427,43.3060212],[-5.8656758,43.306239],[-5.8657072,43.3064568],[-5.8657613,43.3065969],[-5.8658207,43.3067742],[-5.8650538,43.3067188],[-5.864783,43.3066896],[-5.8642398,43.3066338],[-5.8636233,43.3065553],[-5.8633121,43.3064911],[-5.8629839,43.3064029],[-5.8626987,43.306329],[-5.8622485,43.3061924],[-5.8616768,43.3060164],[-5.8617007,43.3059631],[-5.8619115,43.3055398],[-5.8619827,43.3053696],[-5.8619897,43.3053295],[-5.8616439,43.3053163],[-5.8616761,43.3048384]]],[[[-5.8591466,43.304615],[-5.8600405,43.3046775],[-5.8597584,43.3053269],[-5.8596872,43.3054791],[-5.8591531,43.3052835],[-5.8592521,43.3051557],[-5.8590003,43.3050816],[-5.8591466,43.304615]]],[[[-5.8568274,43.305471],[-5.8568285,43.3054697],[-5.8568367,43.3054648],[-5.8568572,43.3054558],[-5.8569911,43.3054914],[-5.8571944,43.3055635],[-5.8574725,43.3056729],[-5.8578148,43.3058193],[-5.8579639,43.3058831],[-5.8580853,43.3059354],[-5.8583545,43.3060431],[-5.858529,43.3061037],[-5.8588137,43.3062039],[-5.8589738,43.3062585],[-5.8591913,43.306334],[-5.859484,43.3064437],[-5.8597761,43.3065528],[-5.8599679,43.3066245],[-5.8600524,43.3066258],[-5.860139,43.3066361],[-5.8602381,43.3066371],[-5.8602918,43.3066364],[-5.860336,43.3066391],[-5.8604205,43.3066582],[-5.8605123,43.3066816],[-5.8605688,43.3066982],[-5.8606974,43.3067368],[-5.8608322,43.3067952],[-5.860964,43.3068459],[-5.8611096,43.3068898],[-5.8613435,43.3069592],[-5.8615198,43.3069959],[-5.8622882,43.3071966],[-5.8626123,43.3072541],[-5.8631431,43.3073822],[-5.863303,43.3074233],[-5.8622707,43.3082586],[-5.8611204,43.3086493],[-5.860682,43.3086279],[-5.860344,43.3086134],[-5.8603367,43.3086123],[-5.8602516,43.3085972],[-5.8602285,43.3085927],[-5.8602105,43.3085888],[-5.8601375,43.3085715],[-5.8600695,43.3085568],[-5.8600577,43.3085544],[-5.8600236,43.3085486],[-5.8598754,43.3084571],[-5.8598218,43.3084349],[-5.8598758,43.3083121],[-5.8598546,43.3082755],[-5.8598123,43.3082331],[-5.8597814,43.3082018],[-5.8597851,43.3081934],[-5.8597893,43.3081825],[-5.8597928,43.3081716],[-5.8597951,43.3081627],[-5.8597968,43.3081539],[-5.8597985,43.3081387],[-5.8597993,43.3081245],[-5.859799,43.3081101],[-5.8597973,43.3080979],[-5.8597947,43.3080855],[-5.8597918,43.3080742],[-5.8597882,43.308063],[-5.8597839,43.3080518],[-5.859777,43.3080379],[-5.8597688,43.3080242],[-5.8597595,43.3080107],[-5.8597493,43.3079975],[-5.8597382,43.3079846],[-5.8597295,43.3079754],[-5.8597203,43.3079664],[-5.8597083,43.3079557],[-5.8596957,43.3079453],[-5.8596736,43.3079283],[-5.8596213,43.3078904],[-5.8595932,43.3078693],[-5.8595682,43.3078494],[-5.8595381,43.3078235],[-5.8595165,43.3078038],[-5.8594564,43.3077471],[-5.8594383,43.3077305],[-5.8594167,43.307712],[-5.8593774,43.3076792],[-5.8593608,43.3076648],[-5.8592759,43.307585],[-5.859246,43.3075586],[-5.8592001,43.3075195],[-5.8591708,43.3074932],[-5.8591571,43.3074798],[-5.8590876,43.3074085],[-5.8590752,43.3073962],[-5.8590627,43.3073847],[-5.8589956,43.3073271],[-5.8589813,43.3073156],[-5.858962,43.3073012],[-5.8589478,43.3072899],[-5.858934,43.3072779],[-5.8588627,43.3072106],[-5.8588328,43.3071838],[-5.8588017,43.3071567],[-5.8587868,43.307143],[-5.8587754,43.3071316],[-5.8587646,43.3071199],[-5.8587545,43.307108],[-5.8587393,43.3070881],[-5.8587115,43.3070481],[-5.8587022,43.3070361],[-5.8586922,43.3070243],[-5.8586817,43.3070127],[-5.8586626,43.3069925],[-5.8586495,43.3069798],[-5.8586222,43.3069547],[-5.8585487,43.3068857],[-5.8585204,43.3068576],[-5.8584946,43.3068306],[-5.8584813,43.3068173],[-5.8584685,43.3068052],[-5.8584275,43.3067682],[-5.8583929,43.3067359],[-5.8583685,43.3067119],[-5.8583393,43.306684],[-5.8583086,43.3066539],[-5.8582621,43.3066097],[-5.8582254,43.3065725],[-5.8582106,43.3065587],[-5.8581593,43.3065121],[-5.8581468,43.3065002],[-5.8581113,43.3064648],[-5.8580504,43.3064078],[-5.8580385,43.306396],[-5.8580156,43.3063715],[-5.8580052,43.3063612],[-5.857993,43.3063502],[-5.8579802,43.3063394],[-5.8579667,43.306329],[-5.8579645,43.3063274],[-5.8579548,43.3063206],[-5.8579424,43.3063125],[-5.8579322,43.3063063],[-5.8579067,43.3062916],[-5.857878,43.3062756],[-5.8578642,43.3062675],[-5.8578513,43.3062589],[-5.8578346,43.306246],[-5.8577991,43.3062174],[-5.8577867,43.306207],[-5.857775,43.306196],[-5.8577643,43.3061842],[-5.8577544,43.3061719],[-5.8577261,43.3061334],[-5.8577158,43.3061211],[-5.8577045,43.3061095],[-5.8576947,43.3061013],[-5.857687,43.3060953],[-5.857652,43.3060691],[-5.8576366,43.306057],[-5.85762,43.3060425],[-5.8575881,43.3060125],[-5.8575616,43.3059881],[-5.8575343,43.3059636],[-5.857521,43.3059523],[-5.8575073,43.3059417],[-5.8574817,43.3059238],[-5.8574557,43.3059036],[-5.8574294,43.3058818],[-5.8573908,43.3058479],[-5.8573714,43.3058313],[-5.8573574,43.3058187],[-5.857344,43.3058057],[-5.8573311,43.3057924],[-5.857319,43.3057786],[-5.857309,43.3057664],[-5.8572996,43.3057541],[-5.8572739,43.3057185],[-5.8572658,43.3057079],[-5.8572558,43.3056966],[-5.857245,43.3056856],[-5.8572336,43.3056747],[-5.85721,43.3056536],[-5.8571976,43.3056432],[-5.857186,43.3056342],[-5.8571618,43.3056166],[-5.8571392,43.3056015],[-5.8571002,43.3055766],[-5.8570854,43.3055679],[-5.8570582,43.3055536],[-5.8570443,43.3055467],[-5.8570217,43.3055364],[-5.857007,43.3055305],[-5.856992,43.3055251],[-5.8569723,43.305519],[-5.8569525,43.3055136],[-5.8569328,43.3055089],[-5.8569288,43.3055081],[-5.8569169,43.3055001],[-5.8568274,43.305471]]],[[[-5.8745136,43.309295],[-5.8745215,43.3092683],[-5.8745234,43.3092594],[-5.8745232,43.3092503],[-5.8745207,43.3092416],[-5.8745173,43.3092357],[-5.8745123,43.3092308],[-5.8745022,43.3092257],[-5.8744897,43.3092229],[-5.8744801,43.309222],[-5.8744705,43.3092222],[-5.8744597,43.3092238],[-5.8744329,43.3092292],[-5.8744162,43.3092315],[-5.8743989,43.3092326],[-5.874367,43.309232],[-5.8743588,43.3092322],[-5.8743071,43.3092105],[-5.8746763,43.3087158],[-5.8747888,43.3087571],[-5.8748175,43.3087709],[-5.8748334,43.308778],[-5.8748527,43.3087857],[-5.8748717,43.3087921],[-5.8748902,43.3087971],[-5.8749049,43.3087996],[-5.8749346,43.3088105],[-5.8748843,43.3088878],[-5.8748818,43.3088896],[-5.8748742,43.3088966],[-5.8748484,43.3089269],[-5.8748418,43.3089342],[-5.874826,43.3089505],[-5.8748186,43.3089575],[-5.8747917,43.3089814],[-5.8747824,43.3089904],[-5.8747744,43.3089997],[-5.8747681,43.3090092],[-5.874763,43.3090189],[-5.8747586,43.3090288],[-5.8747551,43.3090382],[-5.874753,43.3090471],[-5.8747519,43.3090611],[-5.874751,43.309067],[-5.874748,43.3090728],[-5.8747433,43.3090771],[-5.8747383,43.3090794],[-5.8747231,43.3090839],[-5.8747124,43.3090884],[-5.8747072,43.3090911],[-5.8746989,43.3090968],[-5.8746908,43.3091036],[-5.8746835,43.3091111],[-5.8746789,43.3091165],[-5.8746724,43.309125],[-5.8746689,43.3091304],[-5.8746664,43.309136],[-5.8746647,43.3091419],[-5.8746616,43.3091585],[-5.8746596,43.3091651],[-5.874635,43.3091872],[-5.8746139,43.3091963],[-5.8746075,43.3092003],[-5.8746027,43.3092055],[-5.8745996,43.3092117],[-5.8745978,43.3092192],[-5.8745975,43.309221],[-5.8745132,43.3092968],[-5.8745127,43.3092966],[-5.8745136,43.309295]]],[[[-5.871376,43.3165859],[-5.8713745,43.3165711],[-5.8713691,43.3165378],[-5.8713685,43.3165303],[-5.8713689,43.3165214],[-5.8713707,43.3165129],[-5.8713737,43.3165047],[-5.8713802,43.3164944],[-5.8713852,43.3164894],[-5.8713952,43.3164819],[-5.8714038,43.3164766],[-5.871424,43.316465],[-5.8714332,43.3164579],[-5.8714523,43.3164405],[-5.871464,43.3164311],[-5.8714771,43.3164214],[-5.8715182,43.3163925],[-5.8715303,43.3163832],[-5.8715412,43.3163737],[-5.8715716,43.3163448],[-5.871581,43.3163354],[-5.8715891,43.3163258],[-5.8715951,43.3163165],[-5.8715987,43.3163078],[-5.8715993,43.3163027],[-5.8715984,43.3162967],[-5.8715947,43.3162912],[-5.8715894,43.3162867],[-5.8715831,43.3162829],[-5.8715777,43.3162807],[-5.8715714,43.3162793],[-5.8715641,43.3162787],[-5.8715437,43.3162781],[-5.8715279,43.3162765],[-5.8715115,43.3162733],[-5.8714957,43.3162685],[-5.8714819,43.3162621],[-5.8714714,43.3162536],[-5.871466,43.3162446],[-5.8714636,43.3162344],[-5.8714639,43.3162234],[-5.8714666,43.3162119],[-5.8714714,43.3162002],[-5.8714779,43.3161885],[-5.8714989,43.3161555],[-5.8715043,43.3161445],[-5.8715085,43.3161313],[-5.8715105,43.3161177],[-5.871511,43.316104],[-5.8715103,43.3160907],[-5.8715072,43.3160685],[-5.8715059,43.3160605],[-5.871504,43.316053],[-5.8715018,43.3160473],[-5.8714988,43.316042],[-5.8714865,43.3160301],[-5.8714739,43.3160205],[-5.8714677,43.3160145],[-5.8714655,43.3160107],[-5.8714652,43.3160095],[-5.8713671,43.3159146],[-5.8713038,43.3158689],[-5.871302,43.3158696],[-5.8712931,43.3158722],[-5.8712843,43.3158741],[-5.8712761,43.315875],[-5.8712684,43.315875],[-5.8712586,43.3158727],[-5.8712495,43.3158664],[-5.8712428,43.3158571],[-5.871238,43.3158455],[-5.8712349,43.3158323],[-5.8712334,43.3158181],[-5.8712335,43.3158034],[-5.8712351,43.3157897],[-5.8712378,43.3157763],[-5.8712415,43.3157627],[-5.8712465,43.3157498],[-5.8712523,43.3157395],[-5.8712594,43.3157303],[-5.871395,43.3154717],[-5.8713885,43.3154634],[-5.8713862,43.3154561],[-5.871388,43.3154515],[-5.8713923,43.3154477],[-5.8714,43.3154445],[-5.8714094,43.3154425],[-5.8714188,43.3154416],[-5.8714281,43.3154413],[-5.8714425,43.3154414],[-5.8714482,43.315441],[-5.8714562,43.3154386],[-5.8714627,43.3154338],[-5.871465,43.3154299],[-5.8714662,43.3154257],[-5.8714665,43.3154179],[-5.8714643,43.3154088],[-5.8714607,43.3154011],[-5.8717189,43.3153895],[-5.871711,43.3153132],[-5.871869,43.3152187],[-5.872567,43.3148327],[-5.8728621,43.3152874],[-5.872508,43.3155304],[-5.8719942,43.315879],[-5.8716211,43.3161287],[-5.8718963,43.3163419],[-5.8716461,43.3164762],[-5.8713771,43.3166183],[-5.871376,43.3165859]]]]}},{"type":"Feature","properties":{"clase":"Núcleos rurales","t500_ha":51.82,"pct_t500":15.6},"geometry":{"type":"MultiPolygon","coordinates":[[[[-5.8868318,43.311872],[-5.8864869,43.3120142],[-5.8861191,43.3121468],[-5.8858937,43.3121977],[-5.8853533,43.3122524],[-5.8848176,43.3122844],[-5.8844108,43.3122495],[-5.8840783,43.3121778],[-5.8839174,43.312116],[-5.8839196,43.3121153],[-5.8839375,43.31211],[-5.8839921,43.3120948],[-5.8840136,43.3120886],[-5.8840993,43.3120625],[-5.8842454,43.3120197],[-5.8843402,43.3119937],[-5.8844623,43.3119563],[-5.8844832,43.3119503],[-5.8845752,43.3119271],[-5.8846589,43.3119077],[-5.88473,43.3118927],[-5.8847573,43.3118864],[-5.8847671,43.3118834],[-5.8847768,43.31188],[-5.8848344,43.3118582],[-5.8848522,43.3118518],[-5.8848901,43.3118398],[-5.8849651,43.3118173],[-5.8850606,43.3117905],[-5.8851283,43.31177],[-5.8851813,43.3117551],[-5.8851985,43.3117507],[-5.8852156,43.3117467],[-5.8852344,43.3117429],[-5.8852527,43.3117398],[-5.8852703,43.3117371],[-5.8853167,43.3117314],[-5.8853288,43.3117304],[-5.8853575,43.3117298],[-5.8853662,43.311729],[-5.8853756,43.3117274],[-5.8854007,43.3117216],[-5.8854817,43.3117012],[-5.8855124,43.3116952],[-5.8855359,43.3116899],[-5.8855828,43.3116767],[-5.8856036,43.3116714],[-5.8856226,43.3116673],[-5.8857295,43.3116472],[-5.8857491,43.3116429],[-5.885784,43.3116344],[-5.8857991,43.3116301],[-5.8858142,43.3116251],[-5.885855,43.3116102],[-5.8858908,43.3115979],[-5.8859275,43.3115867],[-5.8859537,43.3115795],[-5.8860158,43.3115645],[-5.8860521,43.3115545],[-5.88607,43.3115491],[-5.8860876,43.3115434],[-5.8861049,43.3115374],[-5.8861554,43.311518],[-5.8861723,43.3115119],[-5.8862158,43.3114977],[-5.8862733,43.3114778],[-5.8863098,43.3114659],[-5.8863294,43.3114598],[-5.8863534,43.3114531],[-5.8863778,43.3114469],[-5.886399,43.3114421],[-5.886442,43.3114332],[-5.886557,43.3114119],[-5.8866252,43.3113999],[-5.8866717,43.3113912],[-5.8867181,43.3113839],[-5.8867699,43.3113745],[-5.8868176,43.311367],[-5.8868309,43.311365],[-5.8868656,43.3113605],[-5.8868781,43.3113592],[-5.8868951,43.3113578],[-5.8869139,43.3113569],[-5.8869663,43.3113559],[-5.8869818,43.3113546],[-5.8869958,43.3113521],[-5.8870099,43.3113475],[-5.8870322,43.3113386],[-5.8870417,43.3113357],[-5.8870582,43.3113324],[-5.8870759,43.3113308],[-5.8870854,43.3113306],[-5.887095,43.3113307],[-5.8871182,43.3113324],[-5.8871448,43.3113352],[-5.8871867,43.3113381],[-5.8872016,43.3113386],[-5.8872161,43.311338],[-5.8872306,43.3113364],[-5.8872449,43.3113338],[-5.8872602,43.3113298],[-5.8872755,43.3113252],[-5.8872914,43.3113209],[-5.8873081,43.3113175],[-5.8873278,43.3113151],[-5.8873485,43.3113141],[-5.8873698,43.3113138],[-5.8873914,43.311314],[-5.8874356,43.3113152],[-5.8874805,43.3113172],[-5.8875577,43.3113214],[-5.8875788,43.3113221],[-5.8876633,43.3113237],[-5.8876977,43.3113247],[-5.8876574,43.3113622],[-5.8875695,43.3114261],[-5.8874705,43.311519],[-5.8873267,43.3116305],[-5.8871573,43.3117354],[-5.8868318,43.311872]]],[[[-5.8741576,43.3108565],[-5.8741589,43.3108644],[-5.8741584,43.3108683],[-5.8741536,43.3108441],[-5.8741576,43.3108565]]],[[[-5.8741453,43.3098879],[-5.8745172,43.310053],[-5.8747004,43.3101177],[-5.8747517,43.3101083],[-5.874786,43.3100991],[-5.874778,43.3101026],[-5.8747601,43.3101088],[-5.8747416,43.3101137],[-5.8747229,43.3101169],[-5.8747039,43.3101188],[-5.8746848,43.3101197],[-5.8746657,43.3101199],[-5.8746469,43.3101196],[-5.8746024,43.3101175],[-5.8745849,43.3101178],[-5.8745671,43.3101198],[-5.8745313,43.3101259],[-5.8745155,43.3101279],[-5.8744994,43.3101293],[-5.8744833,43.3101303],[-5.8744671,43.3101305],[-5.8744458,43.3101292],[-5.8744251,43.310127],[-5.8744033,43.3101239],[-5.8743766,43.3101193],[-5.8743593,43.3101164],[-5.8743373,43.310113],[-5.8743181,43.3101107],[-5.8742992,43.3101092],[-5.8742811,43.3101087],[-5.8742699,43.310109],[-5.8742593,43.31011],[-5.8742464,43.3101127],[-5.8742348,43.3101168],[-5.8742247,43.3101225],[-5.8742167,43.3101294],[-5.87421,43.3101375],[-5.874205,43.3101451],[-5.8742007,43.3101532],[-5.874196,43.3101644],[-5.8741926,43.3101762],[-5.8741903,43.31019],[-5.8741869,43.3102179],[-5.874183,43.3102727],[-5.874181,43.3102865],[-5.8741785,43.3102961],[-5.8741748,43.3103038],[-5.8741694,43.3103089],[-5.8741614,43.310311],[-5.8741516,43.3103102],[-5.874141,43.310307],[-5.8741305,43.3103019],[-5.8741258,43.3102988],[-5.8741563,43.3100919],[-5.8741453,43.3098879]]],[[[-5.8753795,43.3094916],[-5.8753766,43.3095045],[-5.8753712,43.3095169],[-5.8753635,43.3095273],[-5.8753692,43.3095157],[-5.8753795,43.3094916]]],[[[-5.9145664,43.3113423],[-5.9140691,43.3114273],[-5.9138766,43.3114349],[-5.9138822,43.3114228],[-5.9138952,43.3113959],[-5.9139048,43.3113771],[-5.9139218,43.311345],[-5.9139392,43.3113132],[-5.9139563,43.3112831],[-5.9139702,43.31126],[-5.9139807,43.3112441],[-5.9139917,43.3112283],[-5.9140344,43.3111685],[-5.9140613,43.3111317],[-5.9141393,43.3110337],[-5.9141593,43.3110097],[-5.9141709,43.3109966],[-5.9141996,43.3109663],[-5.9142197,43.310947],[-5.9142586,43.3109126],[-5.9143128,43.3108617],[-5.9143324,43.3108437],[-5.9143417,43.3108357],[-5.9143527,43.3108269],[-5.9143641,43.3108185],[-5.914376,43.3108105],[-5.9143889,43.3108027],[-5.9143996,43.310797],[-5.9144105,43.3107915],[-5.9144275,43.310784],[-5.9144451,43.3107774],[-5.9144634,43.3107718],[-5.9144854,43.3107668],[-5.9145082,43.3107629],[-5.9145314,43.3107599],[-5.914596,43.3107526],[-5.9146136,43.3107502],[-5.9146301,43.3107476],[-5.9146464,43.3107445],[-5.9146624,43.3107411],[-5.9146746,43.3107381],[-5.914695,43.3107321],[-5.9147148,43.3107253],[-5.9147338,43.3107177],[-5.9147475,43.3107115],[-5.9147607,43.3107049],[-5.9147733,43.3106978],[-5.9147865,43.3106894],[-5.9148244,43.3106631],[-5.9148684,43.3106355],[-5.9148821,43.3106259],[-5.9148928,43.3106172],[-5.9149024,43.310608],[-5.9149109,43.3105982],[-5.9149179,43.3105884],[-5.914924,43.3105782],[-5.9149383,43.3105521],[-5.9149685,43.3105023],[-5.914975,43.3104913],[-5.914992,43.3104602],[-5.9149989,43.3104492],[-5.9150073,43.3104372],[-5.9150165,43.3104255],[-5.915027,43.3104145],[-5.9150408,43.3104027],[-5.9150564,43.3103918],[-5.9150734,43.310382],[-5.9150909,43.3103734],[-5.9151091,43.3103655],[-5.9151649,43.3103427],[-5.9151828,43.3103345],[-5.9152048,43.310323],[-5.9152281,43.3103096],[-5.9152419,43.310301],[-5.9152606,43.3102882],[-5.915273,43.3102793],[-5.9152851,43.31027],[-5.9152981,43.310259],[-5.9153437,43.3102178],[-5.9153535,43.3102084],[-5.9153634,43.3101978],[-5.9153776,43.3101796],[-5.9153955,43.3101557],[-5.9154014,43.3101489],[-5.9154076,43.3101427],[-5.9154178,43.3101345],[-5.9154301,43.310128],[-5.9154437,43.3101234],[-5.9154583,43.3101209],[-5.9154695,43.3101203],[-5.9155215,43.3101212],[-5.9155378,43.3101208],[-5.915554,43.3101195],[-5.9155697,43.3101168],[-5.9155854,43.3101123],[-5.9155952,43.3101086],[-5.915624,43.3100961],[-5.9156339,43.310092],[-5.9156443,43.3100884],[-5.9156565,43.3100849],[-5.9156694,43.3100822],[-5.9156827,43.3100799],[-5.9156965,43.3100782],[-5.9157164,43.3100763],[-5.9157781,43.3100718],[-5.9157987,43.3100697],[-5.9158279,43.3100652],[-5.9158501,43.3100609],[-5.915872,43.3100557],[-5.9158918,43.3100497],[-5.9159111,43.3100429],[-5.9159265,43.3100368],[-5.9159417,43.3100305],[-5.9159567,43.3100238],[-5.9159922,43.3100071],[-5.91601,43.3099992],[-5.9160284,43.3099923],[-5.9160466,43.3099869],[-5.9160653,43.3099824],[-5.9160844,43.3099786],[-5.9161029,43.3099753],[-5.9161217,43.3099726],[-5.9161402,43.3099705],[-5.9161587,43.3099689],[-5.9161771,43.3099679],[-5.9161968,43.3099673],[-5.9162162,43.3099679],[-5.9162368,43.3099703],[-5.9162571,43.3099743],[-5.9162772,43.3099795],[-5.9163019,43.3099872],[-5.9163419,43.3100015],[-5.9163652,43.3100094],[-5.9163771,43.310013],[-5.9163953,43.3100173],[-5.916414,43.3100207],[-5.9164331,43.3100236],[-5.9164665,43.3100278],[-5.9164887,43.31003],[-5.9164612,43.3101041],[-5.9164398,43.310162],[-5.9163192,43.3103148],[-5.9160935,43.3106008],[-5.9158342,43.3107685],[-5.915511,43.3109776],[-5.9150728,43.3112016],[-5.9145664,43.3113423]]],[[[-5.9124007,43.3112868],[-5.9120229,43.31119],[-5.9117354,43.3110312],[-5.9114566,43.3111746],[-5.9111034,43.3112262],[-5.9106793,43.3112582],[-5.9100407,43.3111936],[-5.9095222,43.3110791],[-5.909052,43.3108782],[-5.9086097,43.310651],[-5.9082373,43.3104221],[-5.9078907,43.3101243],[-5.9078672,43.310092],[-5.9077419,43.3099199],[-5.9077068,43.3098672],[-5.9076495,43.3097812],[-5.9076217,43.3097395],[-5.907611,43.3097066],[-5.9074842,43.3093353],[-5.9074917,43.3093383],[-5.9074012,43.3090298],[-5.9073949,43.3087745],[-5.9074999,43.30841],[-5.9076196,43.3081185],[-5.9076227,43.3081184],[-5.9076444,43.3081164],[-5.9076633,43.3081138],[-5.9076938,43.3081085],[-5.9077185,43.3081032],[-5.9077556,43.3080941],[-5.9078013,43.3080811],[-5.9078186,43.3080765],[-5.9078357,43.3080727],[-5.9078528,43.3080698],[-5.9079079,43.3080642],[-5.9079246,43.3080619],[-5.9079525,43.3080571],[-5.9079685,43.3080547],[-5.9079845,43.3080531],[-5.9080553,43.3080507],[-5.9080954,43.3080502],[-5.9081249,43.3080504],[-5.9081551,43.3080512],[-5.9082729,43.3080561],[-5.908315,43.3080571],[-5.9083327,43.3080578],[-5.908392,43.308061],[-5.9084475,43.3080647],[-5.9084876,43.3080686],[-5.9085188,43.3080725],[-5.9085363,43.3080754],[-5.9085407,43.3080764],[-5.9085536,43.3080791],[-5.9085876,43.3080869],[-5.9086043,43.3080904],[-5.908621,43.3080932],[-5.9086316,43.3080943],[-5.9086423,43.3080951],[-5.9086706,43.3080957],[-5.9086928,43.3080966],[-5.9087442,43.3081004],[-5.9087586,43.3081009],[-5.9087839,43.3081008],[-5.9088032,43.3081016],[-5.9088232,43.3081035],[-5.908836,43.3081053],[-5.9088437,43.3081064],[-5.9088643,43.3081103],[-5.9088823,43.3081145],[-5.9089837,43.3081408],[-5.9090025,43.3081466],[-5.9090495,43.3081646],[-5.9090681,43.3081704],[-5.9090873,43.3081745],[-5.9091266,43.3081805],[-5.909146,43.3081842],[-5.909165,43.3081891],[-5.9091752,43.3081923],[-5.9091864,43.3081964],[-5.9091972,43.3082009],[-5.9092341,43.3082191],[-5.90925,43.3082275],[-5.9092656,43.3082363],[-5.9092845,43.3082479],[-5.9092928,43.3082536],[-5.9093095,43.3082663],[-5.9093167,43.3082725],[-5.9093729,43.3083239],[-5.9093962,43.3083444],[-5.9094119,43.3083607],[-5.90942,43.3083709],[-5.9094241,43.3083776],[-5.9094272,43.3083846],[-5.9094303,43.3083969],[-5.9094331,43.3084151],[-5.9094391,43.3084428],[-5.9094419,43.3084573],[-5.9094436,43.3084743],[-5.9094441,43.3084861],[-5.9094439,43.3084979],[-5.9094416,43.3085254],[-5.9094412,43.3085388],[-5.9094426,43.3085519],[-5.909445,43.3085607],[-5.9094484,43.3085694],[-5.9094574,43.3085879],[-5.9094643,43.3086003],[-5.9094719,43.3086123],[-5.9094805,43.308624],[-5.90949,43.3086355],[-5.9095006,43.3086464],[-5.9095138,43.3086581],[-5.9095413,43.3086804],[-5.9095512,43.308689],[-5.9095602,43.3086978],[-5.909568,43.3087069],[-5.9095756,43.3087185],[-5.9095817,43.3087304],[-5.9095969,43.3087655],[-5.9096007,43.3087753],[-5.909604,43.3087854],[-5.9096067,43.3087957],[-5.9096139,43.308835],[-5.909623,43.3088737],[-5.9096336,43.3089226],[-5.9096379,43.3089443],[-5.9096445,43.3089724],[-5.9096455,43.3089805],[-5.9096454,43.3089884],[-5.9096438,43.3089981],[-5.9096417,43.3090075],[-5.9096409,43.3090171],[-5.9096423,43.3090255],[-5.9096468,43.3090355],[-5.9096539,43.3090453],[-5.9096632,43.3090546],[-5.9096716,43.3090612],[-5.9096959,43.3090791],[-5.909717,43.3090959],[-5.9097271,43.3091047],[-5.9097342,43.3091116],[-5.9097407,43.3091187],[-5.9097481,43.3091279],[-5.909756,43.30914],[-5.909762,43.3091522],[-5.9097662,43.3091643],[-5.9097712,43.3091836],[-5.9097737,43.3091913],[-5.90978,43.3092023],[-5.909789,43.3092135],[-5.9098001,43.3092246],[-5.9098129,43.3092354],[-5.9098465,43.3092602],[-5.9098555,43.3092677],[-5.9098762,43.3092873],[-5.9098872,43.3092969],[-5.9099003,43.3093064],[-5.909915,43.3093151],[-5.909931,43.3093227],[-5.9099466,43.3093286],[-5.909963,43.3093338],[-5.90998,43.3093385],[-5.9099973,43.3093428],[-5.910022,43.3093482],[-5.9100446,43.3093525],[-5.9100672,43.309356],[-5.9100831,43.3093582],[-5.9100961,43.30936],[-5.9101164,43.3093635],[-5.9101367,43.3093676],[-5.9102323,43.3093887],[-5.9103117,43.3094051],[-5.9103431,43.3094119],[-5.910365,43.3094163],[-5.9103818,43.3094195],[-5.9104314,43.3094289],[-5.9104913,43.3094415],[-5.9105254,43.3094479],[-5.9105453,43.309452],[-5.9105563,43.3094536],[-5.9105607,43.3094535],[-5.910564,43.3094528],[-5.9105726,43.309449],[-5.9105783,43.3094478],[-5.9105849,43.3094478],[-5.9105985,43.3094486],[-5.9106041,43.3094476],[-5.9106079,43.3094447],[-5.9106089,43.30944],[-5.9106056,43.3094331],[-5.9105975,43.3094258],[-5.910587,43.3094197],[-5.9105743,43.3094138],[-5.910545,43.3094013],[-5.9104706,43.3093665],[-5.9104587,43.3093613],[-5.910442,43.3093555],[-5.9104287,43.3093516],[-5.9103842,43.3093398],[-5.9103803,43.3093387],[-5.9103625,43.3093346],[-5.910326,43.3093269],[-5.910294,43.3093198],[-5.9102607,43.3093116],[-5.9102217,43.3093012],[-5.9102001,43.3092946],[-5.9101831,43.3092885],[-5.9101645,43.3092808],[-5.9101471,43.3092727],[-5.9101463,43.3092723],[-5.9101256,43.3092615],[-5.9101129,43.3092543],[-5.9100882,43.3092394],[-5.9100471,43.3092125],[-5.9100181,43.309194],[-5.9100061,43.309186],[-5.9099945,43.3091777],[-5.9099834,43.309169],[-5.909971,43.3091583],[-5.9099592,43.3091471],[-5.9099367,43.3091245],[-5.9099152,43.3091019],[-5.9099001,43.3090845],[-5.9098907,43.3090719],[-5.9098652,43.3090328],[-5.9098548,43.3090176],[-5.90981,43.3089542],[-5.9097941,43.3089304],[-5.9097802,43.3089076],[-5.9097694,43.3088881],[-5.909741,43.3088335],[-5.9097338,43.3088191],[-5.9097275,43.3088045],[-5.9097222,43.3087898],[-5.9097197,43.3087812],[-5.9097176,43.3087729],[-5.9097143,43.3087564],[-5.90971,43.3087247],[-5.9097057,43.308672],[-5.9097039,43.3086617],[-5.9096977,43.3086441],[-5.9096968,43.3086361],[-5.909698,43.308631],[-5.9097016,43.3086242],[-5.9097106,43.30861],[-5.9097135,43.3086034],[-5.9097149,43.3085966],[-5.9097146,43.3085899],[-5.9097113,43.3085816],[-5.9096972,43.3085582],[-5.9096767,43.3085196],[-5.9096685,43.3085061],[-5.9096591,43.3084927],[-5.9096486,43.3084805],[-5.909637,43.3084685],[-5.9096129,43.3084445],[-5.9096013,43.3084322],[-5.9095913,43.3084203],[-5.9095818,43.3084081],[-5.9095541,43.30837],[-5.909545,43.3083565],[-5.9095377,43.3083433],[-5.9095316,43.3083302],[-5.9095251,43.3083127],[-5.9095231,43.3083054],[-5.9095213,43.3082955],[-5.9095211,43.3082861],[-5.9095233,43.3082775],[-5.9095292,43.3082685],[-5.9095377,43.3082603],[-5.9095541,43.3082471],[-5.9095769,43.3082294],[-5.9095829,43.3082242],[-5.9095881,43.3082187],[-5.9095926,43.3082126],[-5.9095968,43.3082059],[-5.9096008,43.3081986],[-5.9096036,43.3081931],[-5.9096059,43.3081885],[-5.9096097,43.3081776],[-5.9096123,43.3081658],[-5.9096141,43.3081533],[-5.909615,43.3081402],[-5.9096151,43.30813],[-5.9096144,43.3081073],[-5.9096134,43.3080948],[-5.9096115,43.3080783],[-5.9096082,43.3080572],[-5.9096067,43.3080445],[-5.9096066,43.3080318],[-5.9096076,43.3080189],[-5.9096133,43.3079804],[-5.9096161,43.3079648],[-5.9096197,43.3079492],[-5.9096257,43.3079308],[-5.9096325,43.3079145],[-5.9096405,43.3078993],[-5.9096498,43.3078842],[-5.9096598,43.3078692],[-5.9096922,43.3078232],[-5.9097146,43.3077928],[-5.9097242,43.3077806],[-5.9097341,43.3077686],[-5.9097712,43.3077285],[-5.90979,43.3077061],[-5.9098131,43.3076762],[-5.9098291,43.3076569],[-5.9098364,43.3076474],[-5.9098413,43.3076401],[-5.9098564,43.3076152],[-5.9098643,43.3076054],[-5.9098737,43.3075966],[-5.9098846,43.3075893],[-5.909897,43.3075838],[-5.9099107,43.3075807],[-5.9099255,43.3075795],[-5.9099409,43.3075799],[-5.9099563,43.3075813],[-5.9099712,43.3075836],[-5.9099836,43.307586],[-5.910005,43.307591],[-5.9100136,43.3075924],[-5.9100211,43.3075923],[-5.9100259,43.30759],[-5.9100288,43.3075863],[-5.9100304,43.3075808],[-5.9100299,43.307575],[-5.910028,43.3075712],[-5.9100244,43.3075676],[-5.9100191,43.3075644],[-5.9099885,43.3075502],[-5.9099771,43.3075441],[-5.9099665,43.3075369],[-5.90996,43.307531],[-5.9099546,43.3075245],[-5.9099486,43.307513],[-5.909945,43.3075003],[-5.9099431,43.3074867],[-5.9099424,43.3074723],[-5.9099424,43.3074574],[-5.9099438,43.3074226],[-5.9099506,43.3072965],[-5.9099534,43.3072639],[-5.9099574,43.3072315],[-5.9099601,43.3072154],[-5.9099636,43.3071987],[-5.9099676,43.3071821],[-5.9099724,43.3071657],[-5.9099778,43.3071494],[-5.9099841,43.3071334],[-5.9099915,43.3071176],[-5.9099981,43.3071056],[-5.9100053,43.3070938],[-5.9100191,43.3070731],[-5.9100361,43.3070505],[-5.9100471,43.307037],[-5.9100574,43.3070252],[-5.9100683,43.3070137],[-5.910076,43.3070064],[-5.9100925,43.3069925],[-5.9101013,43.3069858],[-5.9101179,43.3069743],[-5.9101694,43.3069416],[-5.9101833,43.3069323],[-5.9101967,43.3069227],[-5.9102161,43.3069075],[-5.9102275,43.3068971],[-5.9102383,43.3068863],[-5.910256,43.3068673],[-5.9102777,43.3068419],[-5.9103343,43.3067781],[-5.9103615,43.3067465],[-5.9103734,43.3067313],[-5.9104076,43.3066849],[-5.9104194,43.3066697],[-5.9104276,43.3066599],[-5.9104525,43.3066316],[-5.910484,43.3065977],[-5.9105064,43.3065729],[-5.9105535,43.3065191],[-5.9105644,43.3065085],[-5.9105757,43.3064987],[-5.9106001,43.3064789],[-5.9106255,43.3064592],[-5.9106594,43.3064343],[-5.9106696,43.3064264],[-5.9106823,43.3064154],[-5.9106943,43.3064037],[-5.9107056,43.3063914],[-5.9107162,43.3063786],[-5.9107263,43.3063654],[-5.9107356,43.3063519],[-5.9107448,43.3063373],[-5.9107624,43.306308],[-5.9107928,43.3062602],[-5.9108039,43.306241],[-5.9108202,43.3062095],[-5.9108308,43.3061928],[-5.9108356,43.3061843],[-5.9108393,43.3061765],[-5.9108419,43.3061697],[-5.9108431,43.306165],[-5.9108428,43.3061615],[-5.9108416,43.3061594],[-5.91084,43.3061586],[-5.910838,43.3061588],[-5.9108359,43.3061596],[-5.9108214,43.3061655],[-5.9108184,43.3061661],[-5.9108155,43.3061661],[-5.9108116,43.3061646],[-5.9108084,43.3061616],[-5.9108048,43.3061562],[-5.9108031,43.3061546],[-5.9107986,43.3061527],[-5.9107903,43.3061515],[-5.9107864,43.3061505],[-5.9107838,43.3061483],[-5.910783,43.306145],[-5.9107838,43.3061407],[-5.910792,43.3061224],[-5.910797,43.3061068],[-5.9107993,43.3060985],[-5.9108002,43.3060912],[-5.9108002,43.3060843],[-5.9107983,43.3060688],[-5.9107985,43.3060627],[-5.9107996,43.3060564],[-5.9108027,43.3060462],[-5.9108033,43.3060424],[-5.9108033,43.3060317],[-5.9108046,43.3060272],[-5.9108077,43.3060233],[-5.9108121,43.3060194],[-5.9108266,43.3060077],[-5.9108318,43.3060027],[-5.9108341,43.3059996],[-5.9108349,43.3059964],[-5.910834,43.3059932],[-5.9108317,43.3059898],[-5.9108227,43.3059807],[-5.9108202,43.3059771],[-5.9108182,43.3059732],[-5.9108167,43.3059686],[-5.9108157,43.3059616],[-5.910816,43.305957],[-5.9108168,43.3059527],[-5.91082,43.3059431],[-5.9108203,43.305939],[-5.9108181,43.3059343],[-5.9108108,43.305926],[-5.9108099,43.3059246],[-5.9108081,43.3059215],[-5.9108065,43.3059149],[-5.9108065,43.3059081],[-5.910807,43.3059043],[-5.9108096,43.305899],[-5.910812,43.305897],[-5.9108148,43.3058956],[-5.9108234,43.3058924],[-5.9108261,43.3058906],[-5.9108277,43.3058886],[-5.9108281,43.3058866],[-5.9108276,43.3058845],[-5.9108211,43.3058693],[-5.910818,43.3058653],[-5.910815,43.3058633],[-5.910811,43.3058622],[-5.910806,43.305862],[-5.9107835,43.3058639],[-5.9107758,43.3058636],[-5.9107762,43.3058637],[-5.9107769,43.3058643],[-5.9107763,43.3058655],[-5.9107742,43.3058674],[-5.9107705,43.3058701],[-5.9107688,43.305871],[-5.9107678,43.3058708],[-5.9107668,43.3058696],[-5.9107631,43.3058612],[-5.910768,43.305862],[-5.9107603,43.3058585],[-5.9107549,43.3058538],[-5.9107535,43.3058496],[-5.9107544,43.3058454],[-5.9107558,43.3058434],[-5.9107605,43.3058391],[-5.9107996,43.3058084],[-5.9108087,43.3058004],[-5.9108222,43.3057875],[-5.9108247,43.3057847],[-5.9108262,43.3057822],[-5.9108266,43.30578],[-5.9108256,43.3057792],[-5.9108226,43.3057806],[-5.9108081,43.3057913],[-5.9107967,43.3057992],[-5.9107895,43.3058036],[-5.9107803,43.3058085],[-5.9107728,43.3058112],[-5.9107668,43.3058121],[-5.9107552,43.305812],[-5.9107446,43.3058136],[-5.9107397,43.3058141],[-5.9107353,43.3058138],[-5.9107321,43.3058122],[-5.9107304,43.3058102],[-5.9107293,43.3058078],[-5.9107284,43.3058034],[-5.910729,43.3057947],[-5.9107284,43.305792],[-5.9107268,43.3057895],[-5.9107227,43.3057871],[-5.9107173,43.3057852],[-5.9107058,43.3057822],[-5.9107036,43.3057814],[-5.9107004,43.3057795],[-5.9106992,43.3057771],[-5.9107004,43.3057746],[-5.9107034,43.3057721],[-5.9107178,43.3057647],[-5.9107223,43.3057617],[-5.9107265,43.3057585],[-5.9107318,43.3057535],[-5.9107348,43.3057489],[-5.9107359,43.305745],[-5.9107368,43.3057356],[-5.9107368,43.3057297],[-5.910736,43.3057256],[-5.9107344,43.305722],[-5.9107265,43.3057128],[-5.9107239,43.305709],[-5.9107219,43.3057045],[-5.9107206,43.3056965],[-5.9107212,43.3056878],[-5.9107229,43.3056787],[-5.9107284,43.305657],[-5.9107293,43.3056509],[-5.9107293,43.3056446],[-5.9107282,43.3056379],[-5.910723,43.3056196],[-5.9107165,43.3055885],[-5.9107137,43.3055771],[-5.910707,43.3055559],[-5.9107026,43.3055448],[-5.9106975,43.3055363],[-5.910694,43.305532],[-5.9106821,43.3055201],[-5.9106663,43.3055026],[-5.9106607,43.305495],[-5.9106562,43.3054874],[-5.9106503,43.3054758],[-5.9106475,43.3054716],[-5.9106407,43.3054651],[-5.9106253,43.3054544],[-5.9106159,43.3054466],[-5.910607,43.3054371],[-5.9105875,43.305413],[-5.9105768,43.3054015],[-5.9105649,43.30539],[-5.9105521,43.3053785],[-5.9105388,43.3053671],[-5.9105113,43.3053445],[-5.9104699,43.3053121],[-5.9104605,43.305304],[-5.9104516,43.3052957],[-5.9104032,43.305246],[-5.9104002,43.3052423],[-5.9108479,43.3052679],[-5.9110829,43.3053195],[-5.9110967,43.3053258],[-5.9111099,43.3053329],[-5.911121,43.3053411],[-5.9111306,43.3053516],[-5.9111452,43.3053725],[-5.9111638,43.3053971],[-5.9112006,43.3054506],[-5.911221,43.3054846],[-5.9112451,43.3055265],[-5.9112668,43.3055603],[-5.9112748,43.3055744],[-5.9112813,43.3055891],[-5.9112864,43.305604],[-5.9112898,43.3056191],[-5.9112911,43.3056344],[-5.9112902,43.3056483],[-5.9112876,43.3056622],[-5.9112839,43.3056761],[-5.9112794,43.3056899],[-5.9112745,43.3057032],[-5.9112692,43.3057163],[-5.9112572,43.3057436],[-5.9112379,43.3057825],[-5.9112222,43.3058215],[-5.9112142,43.3058394],[-5.9112104,43.3058463],[-5.9112062,43.3058529],[-5.9111985,43.3058626],[-5.9111767,43.305886],[-5.9111719,43.3058924],[-5.9111629,43.3059078],[-5.9111538,43.3059263],[-5.9111453,43.305946],[-5.9111418,43.3059561],[-5.9111387,43.3059696],[-5.9111379,43.3059826],[-5.9111388,43.3059958],[-5.9111406,43.3060093],[-5.9111516,43.3060721],[-5.9111532,43.306085],[-5.9111569,43.3061222],[-5.9111579,43.3061334],[-5.9111584,43.3061451],[-5.9111573,43.3061598],[-5.9111546,43.3061747],[-5.9111509,43.3061898],[-5.9111466,43.3062049],[-5.9111308,43.3062547],[-5.9111255,43.3062771],[-5.9111232,43.3062907],[-5.9111213,43.3063113],[-5.9111209,43.3063231],[-5.9111212,43.3063522],[-5.911121,43.3063632],[-5.9111202,43.3063741],[-5.9111189,43.3063846],[-5.9111158,43.3063993],[-5.9111106,43.3064128],[-5.9111024,43.3064245],[-5.9110924,43.3064329],[-5.9110803,43.3064399],[-5.9110669,43.3064457],[-5.9110502,43.3064519],[-5.9110344,43.3064584],[-5.9110191,43.3064661],[-5.9110052,43.306475],[-5.9109936,43.3064853],[-5.9109885,43.3064917],[-5.9109843,43.3064986],[-5.9109791,43.3065101],[-5.9109757,43.3065223],[-5.9109741,43.3065348],[-5.9109744,43.3065475],[-5.9109769,43.3065602],[-5.9109827,43.3065749],[-5.9109906,43.3065894],[-5.911003,43.30661],[-5.9110087,43.3066205],[-5.9110125,43.3066288],[-5.9110157,43.3066372],[-5.9110196,43.306649],[-5.9110229,43.3066609],[-5.9110255,43.3066726],[-5.9110315,43.3067064],[-5.9110341,43.3067163],[-5.9110408,43.3067336],[-5.911043,43.3067411],[-5.9110432,43.306748],[-5.911042,43.3067542],[-5.9110377,43.3067668],[-5.911035,43.306772],[-5.9110307,43.3067767],[-5.9110223,43.3067811],[-5.9109953,43.3067903],[-5.910963,43.3068031],[-5.9109565,43.3068064],[-5.9109509,43.3068103],[-5.9109461,43.3068151],[-5.9109294,43.3068356],[-5.9109222,43.3068447],[-5.9109154,43.3068545],[-5.9109088,43.3068649],[-5.9109026,43.3068759],[-5.9108854,43.30691],[-5.910854,43.3069647],[-5.9108395,43.3069929],[-5.9108346,43.3070016],[-5.9108267,43.3070141],[-5.9108181,43.3070265],[-5.9108169,43.307028],[-5.910809,43.3070386],[-5.9107635,43.3070956],[-5.9107593,43.3071017],[-5.9107543,43.30711],[-5.9107503,43.3071183],[-5.9107463,43.3071284],[-5.9107429,43.3071382],[-5.9107387,43.3071549],[-5.9107359,43.3071639],[-5.9107324,43.3071731],[-5.9107203,43.3072012],[-5.9107177,43.3072088],[-5.9107123,43.3072278],[-5.9107063,43.3072526],[-5.9107027,43.3072653],[-5.910692,43.3072917],[-5.9106883,43.3073048],[-5.9106823,43.30732],[-5.910677,43.3073382],[-5.9106766,43.3073448],[-5.9106777,43.3073492],[-5.910682,43.3073613],[-5.910684,43.3073688],[-5.9106847,43.3073692],[-5.9106854,43.30737],[-5.9106856,43.307371],[-5.9106852,43.307372],[-5.9106845,43.3073726],[-5.9106851,43.307378],[-5.910684,43.3073887],[-5.9106805,43.3073997],[-5.9106769,43.3074065],[-5.9106726,43.3074133],[-5.9106645,43.307424],[-5.9106424,43.307451],[-5.9106333,43.3074605],[-5.9106234,43.3074691],[-5.9106009,43.3074854],[-5.9105915,43.3074941],[-5.9105711,43.3075141],[-5.9105672,43.307518],[-5.9105638,43.3075221],[-5.9105597,43.3075303],[-5.9105578,43.3075371],[-5.9105561,43.3075457],[-5.9105518,43.3075807],[-5.9105503,43.3075889],[-5.9105477,43.307595],[-5.9105449,43.3075975],[-5.9105418,43.3075989],[-5.9105393,43.3075993],[-5.9105301,43.3075997],[-5.9105259,43.3076013],[-5.9105242,43.3076028],[-5.9105233,43.307605],[-5.9105233,43.3076078],[-5.9105253,43.3076202],[-5.9105252,43.307625],[-5.9105243,43.30763],[-5.9105228,43.3076344],[-5.9105201,43.3076386],[-5.9105124,43.3076445],[-5.9105042,43.3076486],[-5.9104752,43.3076606],[-5.9104665,43.3076661],[-5.9104601,43.3076729],[-5.910455,43.3076813],[-5.91045,43.3076918],[-5.9104458,43.3077032],[-5.9104423,43.3077166],[-5.9104397,43.3077292],[-5.9104355,43.3077669],[-5.9104335,43.3078034],[-5.9104319,43.307812],[-5.9104284,43.3078206],[-5.910425,43.3078263],[-5.9104195,43.3078325],[-5.910414,43.3078368],[-5.9104079,43.3078399],[-5.9103972,43.307842],[-5.910367,43.3078427],[-5.9103614,43.3078433],[-5.910357,43.3078446],[-5.9103538,43.3078464],[-5.9103516,43.3078484],[-5.9103502,43.3078506],[-5.9103497,43.3078531],[-5.9103523,43.3078561],[-5.9103556,43.3078571],[-5.9103683,43.3078595],[-5.9103783,43.3078617],[-5.9103989,43.3078682],[-5.9104108,43.3078715],[-5.9104248,43.3078745],[-5.9104399,43.3078768],[-5.9104556,43.3078786],[-5.9104988,43.3078814],[-5.9105158,43.3078836],[-5.9105323,43.307887],[-5.9105478,43.3078918],[-5.9105565,43.3078955],[-5.9105705,43.307904],[-5.9105817,43.3079143],[-5.9105899,43.3079259],[-5.9105944,43.3079383],[-5.910595,43.3079497],[-5.9105931,43.3079612],[-5.9105897,43.3079726],[-5.9105786,43.3080028],[-5.9105754,43.3080105],[-5.9106387,43.3081649],[-5.9106504,43.3081746],[-5.9106559,43.3081808],[-5.9106624,43.308191],[-5.9106674,43.308202],[-5.9106714,43.3082166],[-5.9106736,43.3082318],[-5.9106777,43.3082924],[-5.91068,43.3083445],[-5.9106808,43.308352],[-5.9106822,43.3083588],[-5.9106871,43.3083749],[-5.9106892,43.308385],[-5.9106896,43.3083962],[-5.9106883,43.3084078],[-5.9106858,43.3084197],[-5.9106823,43.3084322],[-5.9106771,43.3084442],[-5.910702,43.3085628],[-5.9107041,43.3085644],[-5.9107116,43.3085729],[-5.910717,43.3085823],[-5.9107211,43.3085925],[-5.9107324,43.3086267],[-5.9107356,43.3086393],[-5.9107361,43.3086491],[-5.9107346,43.3086587],[-5.9107312,43.3086677],[-5.9107257,43.3086758],[-5.9107249,43.3086955],[-5.9107177,43.3088673],[-5.9107171,43.3088824],[-5.9107189,43.308883],[-5.9107241,43.3088846],[-5.9107391,43.3088912],[-5.9107521,43.3088991],[-5.910761,43.3089066],[-5.9107702,43.3089165],[-5.9107831,43.3089324],[-5.9107905,43.30894],[-5.9108001,43.3089478],[-5.910811,43.3089553],[-5.9108405,43.3089737],[-5.9108589,43.3089858],[-5.9108765,43.308999],[-5.9109052,43.3090225],[-5.9109174,43.3090318],[-5.9109431,43.3090498],[-5.9109555,43.3090577],[-5.9109683,43.3090652],[-5.910982,43.3090722],[-5.9109962,43.3090785],[-5.9110211,43.3090886],[-5.9110373,43.3090956],[-5.9110529,43.3091031],[-5.9110679,43.3091111],[-5.9110819,43.3091197],[-5.911113,43.3091419],[-5.9111242,43.3091488],[-5.911136,43.3091554],[-5.9111486,43.3091615],[-5.9111678,43.3091696],[-5.9111878,43.3091772],[-5.9112711,43.309208],[-5.9112923,43.3092151],[-5.9113139,43.3092213],[-5.9113319,43.3092254],[-5.91135,43.3092286],[-5.9113626,43.3092302],[-5.9113752,43.3092313],[-5.9113933,43.3092318],[-5.9114114,43.3092314],[-5.9114711,43.3092281],[-5.9114898,43.3092273],[-5.9115083,43.3092272],[-5.9115266,43.309228],[-5.9115452,43.3092302],[-5.9115637,43.3092333],[-5.9116008,43.3092403],[-5.911684,43.3092528],[-5.9117243,43.3092582],[-5.9117571,43.3092623],[-5.911806,43.3092671],[-5.9118202,43.3092688],[-5.9118342,43.3092709],[-5.911877,43.3092786],[-5.9118947,43.3092815],[-5.9119318,43.3092867],[-5.9119497,43.3092896],[-5.9119817,43.3092956],[-5.9119999,43.3092984],[-5.9120417,43.3093042],[-5.912087,43.3093097],[-5.9121195,43.3093141],[-5.9121362,43.3093168],[-5.9121454,43.3093188],[-5.9121737,43.3093258],[-5.9121994,43.3093329],[-5.9122223,43.3093401],[-5.9122409,43.309347],[-5.9122527,43.3093521],[-5.9122641,43.3093578],[-5.9122771,43.3093649],[-5.9122907,43.3093732],[-5.9122983,43.3093789],[-5.91231,43.3093903],[-5.9123375,43.3094237],[-5.9123391,43.3094256],[-5.9123532,43.3094412],[-5.9123639,43.3094519],[-5.9123755,43.309462],[-5.9123879,43.3094716],[-5.9124013,43.3094804],[-5.9124169,43.3094888],[-5.9124333,43.3094965],[-5.9124671,43.3095113],[-5.9125079,43.3095302],[-5.9125182,43.3095347],[-5.9125995,43.3095705],[-5.9126146,43.3095778],[-5.912634,43.3095882],[-5.9126522,43.3095993],[-5.912665,43.3096076],[-5.9126772,43.3096162],[-5.9126884,43.3096251],[-5.9126974,43.3096332],[-5.9127078,43.3096438],[-5.9127166,43.3096547],[-5.9127215,43.3096627],[-5.9127316,43.3096838],[-5.9127384,43.3096952],[-5.9127465,43.3097069],[-5.9127736,43.3097431],[-5.9127916,43.3097686],[-5.9128088,43.3097908],[-5.9128178,43.309804],[-5.9128254,43.3098175],[-5.9128462,43.3098583],[-5.912852,43.3098685],[-5.9128577,43.3098768],[-5.9128642,43.3098843],[-5.912872,43.3098906],[-5.9128848,43.309897],[-5.9128998,43.3099013],[-5.9129162,43.3099038],[-5.9129335,43.3099047],[-5.9129511,43.3099041],[-5.9129839,43.3099005],[-5.9130033,43.3098992],[-5.9130234,43.3098987],[-5.9130439,43.3098993],[-5.9130642,43.3099008],[-5.9130815,43.3099029],[-5.9130981,43.3099057],[-5.9131168,43.3099094],[-5.9131265,43.3099119],[-5.9131354,43.3099146],[-5.9131464,43.3099188],[-5.9131545,43.3099234],[-5.9131581,43.309927],[-5.9131593,43.3099305],[-5.9131573,43.3099346],[-5.913152,43.3099382],[-5.9131444,43.3099411],[-5.9131376,43.3099427],[-5.9131298,43.3099438],[-5.9131176,43.3099447],[-5.9130903,43.3099455],[-5.9130511,43.3099472],[-5.9129564,43.3099529],[-5.9129315,43.3099557],[-5.9129219,43.3099571],[-5.9129014,43.3099609],[-5.9128841,43.3099648],[-5.9128728,43.3099681],[-5.9128635,43.309972],[-5.9128578,43.3099757],[-5.9128538,43.3099798],[-5.9128517,43.3099839],[-5.912852,43.309989],[-5.9128547,43.3099939],[-5.9128588,43.3099986],[-5.912863,43.3100017],[-5.9128683,43.3100042],[-5.9128749,43.3100062],[-5.9128948,43.3100109],[-5.9129058,43.3100144],[-5.9129166,43.3100192],[-5.9129276,43.3100266],[-5.9129377,43.3100358],[-5.9129474,43.3100462],[-5.9129759,43.3100805],[-5.9129851,43.3100923],[-5.9129929,43.3101045],[-5.9129975,43.3101137],[-5.9130012,43.3101233],[-5.9130043,43.3101333],[-5.9130068,43.3101434],[-5.9130088,43.3101544],[-5.9130101,43.3101654],[-5.913011,43.3101763],[-5.9130116,43.3101908],[-5.9130105,43.3102048],[-5.9130074,43.3102164],[-5.9130022,43.3102274],[-5.9129953,43.3102378],[-5.9129882,43.310246],[-5.9129708,43.3102644],[-5.9129637,43.3102726],[-5.912957,43.3102811],[-5.9129502,43.3102913],[-5.9129442,43.3103019],[-5.9129391,43.3103128],[-5.9129337,43.3103269],[-5.9129302,43.3103411],[-5.9129292,43.3103508],[-5.9129289,43.3103604],[-5.912929,43.3103738],[-5.91293,43.310393],[-5.91293,43.3104005],[-5.9129291,43.3104073],[-5.9129267,43.3104158],[-5.9129224,43.3104235],[-5.9129171,43.3104291],[-5.9129104,43.310434],[-5.9128999,43.3104392],[-5.9128919,43.3104422],[-5.9128533,43.3104543],[-5.912808,43.3104696],[-5.9127796,43.3104775],[-5.9127708,43.3104803],[-5.9127623,43.3104837],[-5.912752,43.3104889],[-5.9127428,43.3104949],[-5.9127349,43.3105017],[-5.912726,43.3105125],[-5.912704,43.3105453],[-5.9126909,43.3105658],[-5.9126752,43.3105888],[-5.9126696,43.3105998],[-5.9126654,43.3106116],[-5.9126631,43.3106238],[-5.9126631,43.3106363],[-5.9126657,43.3106493],[-5.9126701,43.3106624],[-5.9126805,43.3106892],[-5.9126925,43.3107276],[-5.9126968,43.3107394],[-5.9127003,43.3107476],[-5.9127057,43.3107584],[-5.9127112,43.3107686],[-5.9127171,43.3107784],[-5.9127234,43.3107876],[-5.9127302,43.3107962],[-5.9127514,43.3108203],[-5.9127562,43.310825],[-5.9127769,43.3108433],[-5.912782,43.3108471],[-5.9128091,43.3108639],[-5.9128162,43.310868],[-5.9128433,43.3108818],[-5.9128549,43.3108889],[-5.9128664,43.310897],[-5.9128763,43.3109049],[-5.9128887,43.3109164],[-5.9129292,43.3109609],[-5.9129375,43.3109708],[-5.912944,43.3109799],[-5.9129496,43.310989],[-5.9129543,43.3109981],[-5.9129635,43.3110193],[-5.9129678,43.3110273],[-5.9129738,43.3110357],[-5.9129873,43.3110522],[-5.9129978,43.3110661],[-5.9130026,43.3110734],[-5.9130065,43.3110807],[-5.9130108,43.311091],[-5.9130136,43.3111022],[-5.913017,43.3111277],[-5.913018,43.3111419],[-5.9130182,43.3111561],[-5.913017,43.3111701],[-5.9130142,43.3111836],[-5.9130075,43.3112061],[-5.9130044,43.311215],[-5.912997,43.3112333],[-5.9129949,43.3112396],[-5.9129937,43.3112451],[-5.9129936,43.3112504],[-5.9129943,43.3112558],[-5.9129971,43.3112702],[-5.9129983,43.3112794],[-5.9130001,43.311299],[-5.9130008,43.3113142],[-5.9129996,43.3113229],[-5.912997,43.31133],[-5.912993,43.3113367],[-5.9129867,43.3113446],[-5.9129791,43.3113516],[-5.9129707,43.3113572],[-5.9129619,43.3113624],[-5.9129534,43.3113682],[-5.9129439,43.311377],[-5.9129389,43.3113825],[-5.9129342,43.3113885],[-5.9129278,43.3113981],[-5.9129268,43.3114],[-5.9128664,43.3113941],[-5.9124007,43.3112868]],[[-5.910545,43.3068201],[-5.9105336,43.306831],[-5.9105223,43.3068425],[-5.9105117,43.3068546],[-5.9105043,43.3068644],[-5.9104857,43.3068908],[-5.9104785,43.3069004],[-5.9104727,43.3069079],[-5.9104664,43.3069149],[-5.9104541,43.3069258],[-5.9104261,43.3069465],[-5.9104154,43.3069552],[-5.9103862,43.3069806],[-5.9103771,43.3069876],[-5.9103686,43.306993],[-5.9103518,43.3070015],[-5.9103389,43.3070073],[-5.9103256,43.3070125],[-5.9103133,43.3070164],[-5.9103011,43.3070196],[-5.9102721,43.3070265],[-5.9102569,43.3070312],[-5.9102374,43.307039],[-5.9102279,43.3070436],[-5.9102185,43.3070493],[-5.9102075,43.3070572],[-5.9101978,43.3070657],[-5.91019,43.3070741],[-5.9101859,43.3070804],[-5.9101832,43.3070866],[-5.9101819,43.3070927],[-5.9101813,43.3070999],[-5.9101816,43.3071096],[-5.9101784,43.3071074],[-5.9101742,43.3071068],[-5.9101678,43.3071071],[-5.9101605,43.3071088],[-5.9101546,43.3071114],[-5.9101477,43.3071157],[-5.910141,43.3071215],[-5.9101325,43.3071306],[-5.9101248,43.3071412],[-5.9101175,43.3071541],[-5.9101128,43.3071674],[-5.910112,43.3071802],[-5.9101138,43.3071877],[-5.9101173,43.3071945],[-5.9101259,43.3072035],[-5.9101367,43.3072113],[-5.9101486,43.3072185],[-5.9101605,43.3072247],[-5.9101726,43.3072301],[-5.9101847,43.3072342],[-5.9101967,43.3072365],[-5.91021,43.3072366],[-5.910223,43.307235],[-5.9102331,43.307233],[-5.9102417,43.3072309],[-5.9102496,43.307228],[-5.9102561,43.3072243],[-5.9102622,43.3072199],[-5.9102782,43.3072058],[-5.9102883,43.307198],[-5.9103111,43.3071819],[-5.9103204,43.3071747],[-5.9103307,43.3071636],[-5.9103367,43.3071581],[-5.9103442,43.3071533],[-5.9103536,43.3071484],[-5.9103777,43.3071374],[-5.9103896,43.3071315],[-5.9104065,43.3071227],[-5.9104236,43.3071129],[-5.9104404,43.3071023],[-5.9104542,43.3070925],[-5.9104676,43.3070821],[-5.9104917,43.3070622],[-5.9105218,43.3070362],[-5.9105343,43.3070249],[-5.9105771,43.3069817],[-5.9105955,43.3069639],[-5.9106129,43.3069463],[-5.9106224,43.3069356],[-5.9106312,43.3069247],[-5.91064,43.3069114],[-5.9106469,43.3068976],[-5.9106506,43.3068874],[-5.9106533,43.306877],[-5.9106558,43.3068623],[-5.9106563,43.3068479],[-5.9106551,43.306838],[-5.910653,43.3068284],[-5.91065,43.3068194],[-5.9106461,43.306811],[-5.9106411,43.3068037],[-5.9106349,43.3067978],[-5.9106275,43.3067933],[-5.9106192,43.3067907],[-5.9106116,43.30679],[-5.9106036,43.3067905],[-5.910591,43.3067933],[-5.9105801,43.3067969],[-5.9105693,43.3068019],[-5.9105568,43.3068101],[-5.910545,43.3068201]]],[[[-5.8938375,43.3151588],[-5.8942301,43.3150536],[-5.8949987,43.3150188],[-5.8957272,43.3150176],[-5.8963973,43.315054],[-5.897158,43.3151262],[-5.8980355,43.3152412],[-5.898748,43.3153985],[-5.8988424,43.3155163],[-5.899863,43.3156739],[-5.8998619,43.3159809],[-5.8998583,43.3162326],[-5.899878,43.3163127],[-5.8998722,43.3163135],[-5.8998564,43.3163146],[-5.8998286,43.3163156],[-5.8998164,43.3163163],[-5.8997988,43.3163189],[-5.8997821,43.3163231],[-5.8997669,43.316329],[-5.8997561,43.3163348],[-5.899735,43.3163473],[-5.8997264,43.3163514],[-5.8997077,43.3163594],[-5.8996344,43.3163866],[-5.8996121,43.3163943],[-5.899568,43.3164074],[-5.8995466,43.3164133],[-5.8995039,43.3164241],[-5.8994695,43.3164322],[-5.8994562,43.3164348],[-5.8994434,43.3164368],[-5.8994294,43.3164382],[-5.8994165,43.3164388],[-5.8994105,43.3164388],[-5.8993993,43.316438],[-5.8993884,43.3164364],[-5.8992486,43.316443],[-5.8990967,43.3164501],[-5.8989887,43.3164747],[-5.8989811,43.3164783],[-5.8989728,43.3164815],[-5.8989586,43.316485],[-5.8989429,43.3164874],[-5.8988679,43.3164955],[-5.8988514,43.3164968],[-5.8988359,43.3164969],[-5.8988207,43.3164962],[-5.898803,43.3164947],[-5.898793,43.3164933],[-5.8987839,43.3164916],[-5.898774,43.3164893],[-5.8987664,43.3164866],[-5.8987619,43.3164834],[-5.8987609,43.3164799],[-5.8987646,43.3164759],[-5.8985816,43.31646],[-5.8985686,43.3164636],[-5.8985548,43.3164668],[-5.8985436,43.3164689],[-5.8984002,43.31649],[-5.8983854,43.3164924],[-5.8983648,43.3164965],[-5.8983569,43.3164984],[-5.8983479,43.3165011],[-5.8983399,43.3165043],[-5.8983325,43.3165082],[-5.8983215,43.3165147],[-5.8983093,43.3165215],[-5.8982947,43.3165278],[-5.8982827,43.3165321],[-5.8982702,43.3165359],[-5.8982571,43.3165392],[-5.8982436,43.3165421],[-5.8982291,43.3165443],[-5.8982136,43.3165457],[-5.8981978,43.316546],[-5.898182,43.3165455],[-5.8981666,43.3165442],[-5.898133,43.3165403],[-5.8981014,43.316538],[-5.8978739,43.3165875],[-5.8978602,43.3165911],[-5.897846,43.3165924],[-5.8978322,43.3165913],[-5.8978214,43.3165884],[-5.897811,43.3165844],[-5.8977897,43.3165755],[-5.8977753,43.316571],[-5.8977605,43.3165676],[-5.8977265,43.3165623],[-5.8977174,43.3165596],[-5.8977068,43.3165541],[-5.8976963,43.3165465],[-5.8976856,43.3165375],[-5.897654,43.3165095],[-5.8976374,43.3164958],[-5.8976115,43.316476],[-5.8975876,43.3164596],[-5.8975713,43.3164498],[-5.8975558,43.3164425],[-5.8975397,43.3164367],[-5.8975232,43.3164329],[-5.8975065,43.3164315],[-5.897491,43.3164325],[-5.8974754,43.3164353],[-5.8974652,43.3164377],[-5.8974549,43.3164406],[-5.8974415,43.3164452],[-5.8974173,43.3164549],[-5.8973813,43.3164703],[-5.8973463,43.3164839],[-5.8973269,43.3164906],[-5.897307,43.3164963],[-5.8972894,43.3165003],[-5.8972715,43.3165035],[-5.8972537,43.3165061],[-5.897203,43.3165129],[-5.8971886,43.3165156],[-5.8971603,43.3165216],[-5.897141,43.3165268],[-5.8970841,43.3165468],[-5.8970738,43.3165502],[-5.8970551,43.3165555],[-5.8970358,43.31656],[-5.897016,43.3165634],[-5.8969958,43.3165654],[-5.8969798,43.3165659],[-5.8969636,43.3165658],[-5.8969248,43.3165643],[-5.8968974,43.3165628],[-5.8968818,43.3165616],[-5.896863,43.3165597],[-5.8968262,43.3165549],[-5.8967973,43.3165501],[-5.89675,43.3165393],[-5.8967371,43.316536],[-5.8967239,43.316532],[-5.8967034,43.3165238],[-5.896694,43.3165211],[-5.8966879,43.3165205],[-5.8966818,43.3165208],[-5.8966717,43.3165231],[-5.8966496,43.3165306],[-5.8966317,43.3165348],[-5.896621,43.316537],[-5.8966095,43.3165389],[-5.8965904,43.3165409],[-5.89657,43.3165419],[-5.8965486,43.3165422],[-5.8965266,43.3165419],[-5.8964261,43.3165386],[-5.89641,43.3165383],[-5.8963948,43.3165385],[-5.8963531,43.3165404],[-5.896344,43.3165411],[-5.8963357,43.3165423],[-5.8963157,43.3165463],[-5.8963016,43.3165483],[-5.8962861,43.316549],[-5.8962693,43.3165487],[-5.8962331,43.3165464],[-5.8961958,43.3165432],[-5.8961515,43.3165388],[-5.8961337,43.3165365],[-5.8960227,43.3165147],[-5.8958624,43.3165023],[-5.8958388,43.3165009],[-5.8958197,43.316499],[-5.895801,43.3164963],[-5.8957829,43.3164933],[-5.8957402,43.3164852],[-5.8957131,43.316481],[-5.8957032,43.3164788],[-5.8956943,43.3164759],[-5.8956852,43.3164723],[-5.8954011,43.3164054],[-5.8953924,43.3164078],[-5.8953858,43.3164068],[-5.8953835,43.3164045],[-5.8953829,43.3164027],[-5.8950735,43.3163563],[-5.8950662,43.3163599],[-5.8950651,43.3163605],[-5.8950563,43.3163608],[-5.8950462,43.3163584],[-5.8950352,43.3163542],[-5.8950235,43.3163487],[-5.8950147,43.3163442],[-5.8949818,43.3163374],[-5.8948197,43.316304],[-5.8945918,43.3163816],[-5.8945738,43.3164029],[-5.8945436,43.3164411],[-5.8945375,43.3164483],[-5.8945285,43.3164578],[-5.8945228,43.316463],[-5.8945188,43.3164667],[-5.8945086,43.3164751],[-5.8944961,43.316484],[-5.8944832,43.3164917],[-5.89447,43.3164978],[-5.8944572,43.3165018],[-5.8944447,43.316504],[-5.8944331,43.3165044],[-5.8944231,43.316503],[-5.8944154,43.3164998],[-5.8944143,43.3164987],[-5.8944105,43.316495],[-5.8944088,43.3164897],[-5.8942789,43.3164771],[-5.8942721,43.316487],[-5.8942643,43.3165005],[-5.8942451,43.3165373],[-5.89424,43.3165479],[-5.8942395,43.316549],[-5.8942285,43.3165733],[-5.894222,43.3165856],[-5.8942149,43.3165972],[-5.8942064,43.3166098],[-5.8941901,43.3166352],[-5.8941852,43.3166417],[-5.8941794,43.3166477],[-5.8941685,43.3166558],[-5.8941554,43.316663],[-5.8941408,43.3166698],[-5.8941271,43.3166754],[-5.8940878,43.3166897],[-5.8940376,43.3167088],[-5.8939957,43.3167229],[-5.8939826,43.3167276],[-5.8939702,43.3167329],[-5.8939556,43.3167406],[-5.8939282,43.3167573],[-5.8939139,43.3167651],[-5.8938994,43.3167722],[-5.8938851,43.3167786],[-5.8938761,43.3167823],[-5.8938672,43.3167854],[-5.8938525,43.3167891],[-5.8938301,43.3167933],[-5.8938223,43.3167953],[-5.8937993,43.3168021],[-5.8937842,43.316805],[-5.8937304,43.3168128],[-5.8937022,43.3168153],[-5.8936861,43.3168175],[-5.8936238,43.3168289],[-5.8935753,43.3168383],[-5.8935607,43.3168407],[-5.8935564,43.3168413],[-5.8935036,43.3168491],[-5.8934916,43.3168513],[-5.89348,43.316854],[-5.8934686,43.3168571],[-5.8934547,43.3168617],[-5.8934413,43.3168668],[-5.8934323,43.3168709],[-5.8934286,43.3168725],[-5.8933687,43.3169042],[-5.8933562,43.3169106],[-5.8933434,43.3169163],[-5.8933314,43.3169207],[-5.8933192,43.3169243],[-5.8932925,43.3169308],[-5.8932777,43.3169354],[-5.8932629,43.3169407],[-5.8932339,43.3169519],[-5.8932197,43.316957],[-5.8932053,43.3169608],[-5.8931902,43.3169631],[-5.8931532,43.3169658],[-5.8931398,43.3169678],[-5.8931129,43.3169731],[-5.8930991,43.3169752],[-5.893082,43.3169763],[-5.8930652,43.3169757],[-5.8930478,43.3169741],[-5.8930115,43.3169699],[-5.8930006,43.316969],[-5.8929939,43.3169684],[-5.892976,43.3169676],[-5.892958,43.3169675],[-5.8929373,43.3169682],[-5.8928814,43.3169717],[-5.8928368,43.3169731],[-5.8928247,43.3169739],[-5.8927948,43.3169773],[-5.8927773,43.31698],[-5.8927601,43.3169831],[-5.8927434,43.3169869],[-5.8927275,43.3169913],[-5.892717,43.3169949],[-5.8926959,43.3170029],[-5.892661,43.3170168],[-5.8926438,43.3170244],[-5.8926271,43.3170328],[-5.8926157,43.3170394],[-5.8926049,43.3170463],[-5.8926011,43.317049],[-5.8925932,43.3170546],[-5.8925685,43.3170732],[-5.892556,43.3170832],[-5.8925384,43.3170988],[-5.8925306,43.3171045],[-5.8925194,43.3171104],[-5.8925067,43.3171154],[-5.8924952,43.3171192],[-5.8924824,43.3171226],[-5.8924548,43.3171287],[-5.8924404,43.3171308],[-5.8924283,43.3171313],[-5.892404,43.3171314],[-5.8923948,43.3171318],[-5.8923729,43.3171339],[-5.8923634,43.3171351],[-5.8923544,43.3171367],[-5.8923312,43.3171418],[-5.8923189,43.3171441],[-5.8922719,43.3171519],[-5.8922536,43.3171552],[-5.8922376,43.3171586],[-5.8921981,43.3171683],[-5.8921786,43.3171725],[-5.8921589,43.3171752],[-5.8921458,43.3171758],[-5.8921326,43.3171755],[-5.8920969,43.3171728],[-5.8920832,43.317172],[-5.8920744,43.3171719],[-5.8920694,43.3171718],[-5.8920481,43.3171723],[-5.8920267,43.3171737],[-5.8920052,43.3171762],[-5.8919838,43.3171795],[-5.8919629,43.3171837],[-5.891923,43.3171937],[-5.8918741,43.3172061],[-5.8918179,43.3172184],[-5.8917993,43.3172228],[-5.8917806,43.3172279],[-5.8917198,43.3172455],[-5.8916923,43.3172525],[-5.8916422,43.3172635],[-5.8916281,43.3172661],[-5.8916141,43.3172678],[-5.8915997,43.317268],[-5.891585,43.317267],[-5.8915305,43.3172603],[-5.8915064,43.3172565],[-5.8914772,43.3172512],[-5.8914265,43.317242],[-5.8914114,43.3172396],[-5.8913908,43.3172368],[-5.891365,43.3172342],[-5.8913486,43.3172335],[-5.8913351,43.3172335],[-5.8913216,43.3172342],[-5.8913036,43.317236],[-5.8912855,43.3172386],[-5.8912718,43.3172414],[-5.8911911,43.3172597],[-5.8911711,43.3172637],[-5.8911516,43.3172669],[-5.8911328,43.3172687],[-5.8911205,43.3172691],[-5.8910917,43.3172691],[-5.8910753,43.3172708],[-5.8910597,43.3172741],[-5.8910456,43.3172788],[-5.8910355,43.3172836],[-5.8910185,43.3172926],[-5.8910107,43.3172952],[-5.8910023,43.3172956],[-5.8909948,43.3172936],[-5.8909893,43.3172896],[-5.8909877,43.3172866],[-5.8908724,43.3173075],[-5.8908643,43.3173176],[-5.8908538,43.3173255],[-5.8908432,43.3173304],[-5.8908319,43.3173338],[-5.89082,43.3173359],[-5.8908078,43.317337],[-5.8907743,43.3173368],[-5.8907606,43.3173377],[-5.8907467,43.3173396],[-5.8907329,43.3173423],[-5.8907086,43.317348],[-5.8906961,43.3173503],[-5.8906784,43.3173522],[-5.8906598,43.3173531],[-5.8906125,43.3173548],[-5.8905959,43.3173548],[-5.8905816,43.3173544],[-5.8905674,43.3173535],[-5.8905245,43.3173495],[-5.8905066,43.3173483],[-5.8904886,43.3173476],[-5.8904706,43.3173475],[-5.8904528,43.3173481],[-5.8904354,43.3173498],[-5.8904167,43.3173528],[-5.890394,43.3173577],[-5.8903798,43.3173616],[-5.8903547,43.3173694],[-5.8903301,43.3173776],[-5.8903105,43.3173846],[-5.8902934,43.3173912],[-5.8902773,43.3173979],[-5.8902268,43.3168709],[-5.8904258,43.3168196],[-5.8914809,43.3164349],[-5.8920122,43.316185],[-5.8923731,43.3159776],[-5.8931053,43.3155606],[-5.8935161,43.3153042],[-5.8938375,43.3151588]]],[[[-5.8778684,43.3209726],[-5.8778683,43.3209727],[-5.8778587,43.3209773],[-5.8778517,43.3209799],[-5.8778438,43.3209824],[-5.8778356,43.3209842],[-5.8778278,43.3209851],[-5.877817,43.3209852],[-5.8778064,43.3209838],[-5.8777981,43.3209816],[-5.8777901,43.3209786],[-5.8777716,43.3209709],[-5.8777567,43.3209658],[-5.877741,43.3209614],[-5.8777788,43.3209541],[-5.8778684,43.3209726]]],[[[-5.8775381,43.3162387],[-5.8783148,43.3165998],[-5.8788009,43.3169574],[-5.8790274,43.3171795],[-5.8791098,43.3172677],[-5.8793912,43.3177854],[-5.879505,43.3181442],[-5.8795331,43.3185813],[-5.879451,43.319051],[-5.8792584,43.3195453],[-5.8791196,43.3197609],[-5.8788859,43.3200169],[-5.8788369,43.3200547],[-5.8788368,43.3200546],[-5.8788286,43.320052],[-5.8788198,43.3200508],[-5.8788101,43.3200507],[-5.8788004,43.3200519],[-5.8787898,43.3200547],[-5.8787794,43.3200588],[-5.8787649,43.3200663],[-5.8787517,43.3200754],[-5.8787441,43.3200823],[-5.8787274,43.3200998],[-5.8787172,43.3201098],[-5.8787157,43.3201109],[-5.8787155,43.3201114],[-5.8787134,43.3201133],[-5.8787097,43.320116],[-5.8787084,43.3201167],[-5.8787056,43.3201189],[-5.8786923,43.3201265],[-5.8786776,43.3201334],[-5.8786528,43.3201443],[-5.8786354,43.3201525],[-5.8786183,43.3201613],[-5.8786083,43.320167],[-5.8785986,43.320173],[-5.8785857,43.3201819],[-5.8785745,43.3201904],[-5.878564,43.3201992],[-5.878556,43.3202068],[-5.878537,43.3202258],[-5.8785259,43.3202374],[-5.8785157,43.3202496],[-5.8785074,43.3202617],[-5.8785,43.3202743],[-5.8784932,43.3202872],[-5.8784699,43.3203339],[-5.8784673,43.3203389],[-5.8784547,43.3203487],[-5.8781068,43.3205532],[-5.8775732,43.3207678],[-5.8773392,43.3208151],[-5.877337,43.3208135],[-5.877329,43.3208064],[-5.8773167,43.3207939],[-5.8773123,43.3207887],[-5.8773009,43.3207733],[-5.8772967,43.3207689],[-5.8772912,43.3207643],[-5.8772844,43.3207603],[-5.8772721,43.3207563],[-5.8772571,43.320754],[-5.8772402,43.3207535],[-5.8772225,43.3207549],[-5.8772096,43.3207569],[-5.877178,43.3207636],[-5.8771215,43.3207776],[-5.877105,43.3207807],[-5.8770716,43.3207863],[-5.8770361,43.3207935],[-5.8769932,43.3207999],[-5.8769736,43.3208023],[-5.8769611,43.3208032],[-5.8769487,43.3208036],[-5.8769019,43.3208025],[-5.8768469,43.3208046],[-5.8768257,43.3208039],[-5.8768045,43.3208018],[-5.8767836,43.3207981],[-5.876769,43.3207946],[-5.8767551,43.3207907],[-5.8767416,43.3207862],[-5.8767289,43.3207813],[-5.8767192,43.3207768],[-5.8767011,43.3207673],[-5.8766728,43.3207514],[-5.8766648,43.3207477],[-5.8766595,43.3207463],[-5.8766545,43.3207463],[-5.8766497,43.3207479],[-5.8766457,43.3207503],[-5.8766434,43.3207525],[-5.8766228,43.3205345],[-5.8766237,43.320443],[-5.8766775,43.3204216],[-5.877028,43.3202955],[-5.8770109,43.3202645],[-5.8769963,43.3202315],[-5.8769899,43.3201516],[-5.8769503,43.3200591],[-5.8768602,43.3199766],[-5.8767457,43.3199022],[-5.876714,43.3198945],[-5.8766121,43.3199752],[-5.8765405,43.3200104],[-5.8764225,43.3200295],[-5.8762895,43.3200329],[-5.8760471,43.3200428],[-5.8758751,43.320049],[-5.8757204,43.3200358],[-5.8756173,43.3200098],[-5.8754885,43.3199367],[-5.8753947,43.3198857],[-5.8751754,43.3198302],[-5.8749369,43.3197561],[-5.8748243,43.3196942],[-5.8747754,43.3197106],[-5.8746846,43.319798],[-5.8746783,43.3197987],[-5.8746665,43.3198008],[-5.8746511,43.3198043],[-5.8746351,43.3198091],[-5.8746258,43.3198127],[-5.8746044,43.3198227],[-5.8745679,43.3198418],[-5.8745561,43.3198473],[-5.8745445,43.3198514],[-5.8745318,43.3198536],[-5.8745202,43.319853],[-5.8745129,43.3198506],[-5.874506,43.319847],[-5.8744986,43.3198419],[-5.8744913,43.3198361],[-5.8744755,43.3198228],[-5.8744679,43.3198156],[-5.874462,43.3198084],[-5.8744584,43.3198014],[-5.8744527,43.3197869],[-5.8744488,43.3197807],[-5.8744449,43.3197767],[-5.87444,43.3197735],[-5.8744337,43.319771],[-5.8744071,43.3197642],[-5.8743927,43.3197595],[-5.8743777,43.3197534],[-5.874366,43.3197479],[-5.8743543,43.3197421],[-5.8743266,43.3197276],[-5.8743131,43.319721],[-5.8742893,43.3197104],[-5.8742788,43.319705],[-5.8742692,43.319699],[-5.8742596,43.3196915],[-5.8742422,43.3196759],[-5.8742326,43.3196684],[-5.874221,43.3196618],[-5.8742096,43.3196564],[-5.8742006,43.3196528],[-5.8741887,43.3196486],[-5.8741765,43.3196448],[-5.874144,43.3196354],[-5.8741302,43.3196295],[-5.8741195,43.319622],[-5.8741144,43.3196174],[-5.8740955,43.3195978],[-5.8740885,43.3195916],[-5.8740812,43.3195861],[-5.8740727,43.3195806],[-5.8740657,43.3195753],[-5.8740618,43.3195703],[-5.8740601,43.3195649],[-5.8740606,43.3195591],[-5.8740621,43.3195534],[-5.8740628,43.3195478],[-5.8740621,43.3195436],[-5.8740604,43.3195395],[-5.8740557,43.3195302],[-5.8740515,43.3195168],[-5.8740497,43.3195134],[-5.8740445,43.3195081],[-5.8740313,43.3194982],[-5.874023,43.3194903],[-5.8740038,43.3194691],[-5.8739936,43.319457],[-5.8739841,43.3194447],[-5.873978,43.3194343],[-5.8739684,43.319412],[-5.873965,43.3194058],[-5.8739616,43.3194014],[-5.8739573,43.3193981],[-5.8739519,43.3193957],[-5.8739463,43.3193939],[-5.8739301,43.3193899],[-5.8739258,43.3193886],[-5.8739169,43.3193854],[-5.87391,43.3193825],[-5.8738987,43.3193767],[-5.8738883,43.3193704],[-5.8738702,43.3193584],[-5.8738655,43.3193562],[-5.8738603,43.3193544],[-5.8738528,43.319353],[-5.87383,43.3193501],[-5.8737866,43.3193415],[-5.8737648,43.3193367],[-5.873755,43.3193341],[-5.8737346,43.3193273],[-5.8736963,43.3193132],[-5.87368,43.3193063],[-5.873665,43.3192987],[-5.8736391,43.3192821],[-5.8736312,43.3192775],[-5.8736124,43.3192676],[-5.8736031,43.3192624],[-5.8735747,43.3192458],[-5.8735407,43.3192249],[-5.8735036,43.3192039],[-5.8734911,43.3191964],[-5.873471,43.3191836],[-5.8734425,43.3191633],[-5.8734306,43.3191551],[-5.8734183,43.3191471],[-5.8733932,43.3191318],[-5.8733806,43.3191244],[-5.8733679,43.3191176],[-5.8733575,43.3191125],[-5.873334,43.3191023],[-5.8733213,43.3190974],[-5.8733006,43.3190903],[-5.8732808,43.319083],[-5.8732726,43.3190806],[-5.8732333,43.319072],[-5.8732213,43.3190698],[-5.8732088,43.3190679],[-5.8731961,43.3190664],[-5.8731842,43.3190655],[-5.8731723,43.3190652],[-5.8731542,43.3190666],[-5.8731195,43.3190723],[-5.8727387,43.318592],[-5.8721398,43.3179759],[-5.8719657,43.3177624],[-5.8719687,43.3177523],[-5.8719711,43.3177401],[-5.871972,43.3177313],[-5.8719723,43.3177224],[-5.8719721,43.3177099],[-5.8719709,43.3176973],[-5.8719693,43.3176891],[-5.871967,43.3176809],[-5.8719609,43.3176657],[-5.8719529,43.3176505],[-5.8719437,43.3176354],[-5.8719167,43.317594],[-5.8718999,43.3175658],[-5.871892,43.3175502],[-5.8718859,43.3175353],[-5.8718807,43.3175201],[-5.8718705,43.3174861],[-5.8718662,43.317469],[-5.8718554,43.3174212],[-5.8718403,43.3173576],[-5.8718358,43.3173421],[-5.8718314,43.3173309],[-5.8718258,43.3173202],[-5.8718206,43.3173124],[-5.8718149,43.317305],[-5.8718086,43.3172977],[-5.8717986,43.3172872],[-5.8717774,43.3172668],[-5.8717618,43.3172511],[-5.8717438,43.3172317],[-5.871734,43.3172218],[-5.8717234,43.3172121],[-5.8716975,43.3171903],[-5.8716867,43.3171805],[-5.8716776,43.3171706],[-5.8716732,43.3171644],[-5.8716625,43.3171454],[-5.8716582,43.3171388],[-5.871652,43.3171318],[-5.8716355,43.3171153],[-5.8716299,43.3171086],[-5.8716249,43.3171012],[-5.8716187,43.3170901],[-5.8716012,43.3170525],[-5.8715695,43.3169882],[-5.8715626,43.3169744],[-5.8715553,43.3169617],[-5.8715475,43.3169506],[-5.8715355,43.3169371],[-5.8715232,43.3169218],[-5.8715106,43.3169045],[-5.8714959,43.3168834],[-5.8714781,43.3168592],[-5.8714697,43.3168465],[-5.8714504,43.3168141],[-5.871433,43.3167874],[-5.8714248,43.3167726],[-5.8714022,43.3167291],[-5.8713975,43.3167191],[-5.8713924,43.3167053],[-5.8713882,43.3166893],[-5.8713858,43.316677],[-5.8713789,43.3166342],[-5.8713771,43.3166188],[-5.8713771,43.3166183],[-5.8716461,43.3164762],[-5.8718963,43.3163419],[-5.8716714,43.3161676],[-5.8719408,43.3159988],[-5.8723834,43.3157484],[-5.8728595,43.3155788],[-5.8731348,43.3155259],[-5.8732276,43.3154879],[-5.8735382,43.315442],[-5.8741913,43.315393],[-5.8746761,43.315408],[-5.8752851,43.3155286],[-5.8758884,43.3156875],[-5.876148,43.3158223],[-5.8763429,43.3159289],[-5.8764947,43.3160659],[-5.876808,43.3160776],[-5.8775381,43.3162387]]],[[[-5.8756766,43.3206536],[-5.8756852,43.3206561],[-5.8756717,43.3206589],[-5.8756252,43.3206677],[-5.8756157,43.3206697],[-5.875648,43.3206563],[-5.8756766,43.3206536]]],[[[-5.8759661,43.3207395],[-5.8759488,43.3207418],[-5.87593,43.320745],[-5.8759232,43.3207453],[-5.8759155,43.3207445],[-5.8759072,43.3207428],[-5.8758993,43.3207408],[-5.8758754,43.3207342],[-5.8758666,43.3207314],[-5.8758538,43.3207267],[-5.8758427,43.3207214],[-5.8758318,43.3207152],[-5.8758216,43.3207087],[-5.8758117,43.3207016],[-5.8758024,43.3206941],[-5.8757941,43.3206866],[-5.8759779,43.3207382],[-5.8759661,43.3207395]]]]}},{"type":"Feature","properties":{"clase":"Suelo no urbanizable (sin los núcleos rurales)","t500_ha":256.47,"pct_t500":77.3},"geometry":{"type":"MultiPolygon","coordinates":[[[[-5.923037,43.3137973],[-5.9224556,43.3142461],[-5.9224541,43.3142383],[-5.9224474,43.3142114],[-5.9224445,43.3141973],[-5.9224412,43.3141725],[-5.9224389,43.3141619],[-5.9224358,43.3141513],[-5.9224321,43.3141419],[-5.9224086,43.3140897],[-5.9223941,43.3140533],[-5.9223879,43.3140411],[-5.9223833,43.314033],[-5.9223783,43.3140251],[-5.9223705,43.3140146],[-5.9223237,43.3139595],[-5.9222914,43.3139232],[-5.9222764,43.3139028],[-5.9222575,43.3138733],[-5.9222507,43.3138646],[-5.9222429,43.3138561],[-5.9222342,43.3138478],[-5.9222231,43.3138382],[-5.9221942,43.3138151],[-5.9221814,43.3138037],[-5.9221692,43.3137919],[-5.9221582,43.31378],[-5.9221368,43.3137537],[-5.9221276,43.3137436],[-5.9221079,43.3137236],[-5.9220976,43.3137139],[-5.9220867,43.3137048],[-5.9220761,43.3136968],[-5.9220652,43.3136898],[-5.9220537,43.3136836],[-5.9220402,43.3136778],[-5.9219944,43.3136619],[-5.9219342,43.3136405],[-5.9219211,43.3136347],[-5.9219096,43.3136282],[-5.9218986,43.3136209],[-5.921888,43.3136131],[-5.9218797,43.313607],[-5.921863,43.3135934],[-5.9218399,43.3135736],[-5.9218059,43.313541],[-5.9217943,43.3135304],[-5.9217375,43.3134828],[-5.9217271,43.3134746],[-5.921717,43.3134674],[-5.921707,43.3134616],[-5.9216997,43.3134584],[-5.9216698,43.3134482],[-5.9216566,43.313443],[-5.921635,43.3134335],[-5.9216224,43.3134271],[-5.9215985,43.3134135],[-5.9215807,43.3134022],[-5.9215666,43.3133921],[-5.9215249,43.3133603],[-5.9215115,43.3133511],[-5.9214969,43.313343],[-5.9214841,43.3133375],[-5.9214742,43.3133341],[-5.9214603,43.3133299],[-5.9214459,43.3133261],[-5.9214312,43.3133226],[-5.9213916,43.3133141],[-5.9213727,43.3133095],[-5.9213544,43.3133044],[-5.921343,43.3133007],[-5.9213322,43.3132964],[-5.9213174,43.3132891],[-5.9213037,43.3132806],[-5.921291,43.3132713],[-5.9212827,43.3132645],[-5.9212663,43.3132497],[-5.9212582,43.3132417],[-5.9212419,43.3132243],[-5.9212339,43.3132162],[-5.9212236,43.3132077],[-5.9212138,43.3132019],[-5.9212034,43.3131973],[-5.9211926,43.3131938],[-5.9211821,43.3131915],[-5.9211717,43.3131906],[-5.9211632,43.313191],[-5.9211546,43.3131923],[-5.9211251,43.3131982],[-5.9211127,43.3132],[-5.921104,43.3132006],[-5.9210954,43.3132003],[-5.9210822,43.3131977],[-5.9210693,43.3131926],[-5.9210585,43.3131866],[-5.9210484,43.3131794],[-5.9210394,43.3131712],[-5.9210325,43.3131631],[-5.9210267,43.3131546],[-5.9210221,43.313146],[-5.9210141,43.3131279],[-5.9210089,43.3131194],[-5.9210005,43.3131106],[-5.9209896,43.3131024],[-5.9209866,43.3131005],[-5.9209769,43.3130945],[-5.920963,43.3130868],[-5.9209483,43.3130792],[-5.9209197,43.3130654],[-5.9209045,43.3130589],[-5.9208888,43.3130535],[-5.9208715,43.3130494],[-5.9208535,43.3130467],[-5.920835,43.3130451],[-5.9208318,43.313045],[-5.9208133,43.3130444],[-5.9207613,43.3130452],[-5.9207441,43.3130441],[-5.9207312,43.3130421],[-5.9207185,43.3130392],[-5.9207083,43.3130363],[-5.9206913,43.3130301],[-5.9206745,43.3130227],[-5.9206612,43.3130162],[-5.9206349,43.313002],[-5.9206005,43.3129821],[-5.9205872,43.312974],[-5.9205744,43.3129656],[-5.9205636,43.3129576],[-5.9205535,43.3129494],[-5.9205433,43.3129402],[-5.920516,43.3129116],[-5.9205059,43.3129017],[-5.9204949,43.3128927],[-5.9204804,43.312884],[-5.9204641,43.3128772],[-5.9204466,43.3128724],[-5.9204279,43.3128694],[-5.9204126,43.3128676],[-5.9203967,43.3128663],[-5.9203802,43.3128656],[-5.9203633,43.3128655],[-5.9203233,43.3128661],[-5.9203092,43.312866],[-5.9202804,43.312865],[-5.9202577,43.3128629],[-5.9202465,43.3128613],[-5.9202317,43.3128586],[-5.9202171,43.3128553],[-5.9201998,43.3128509],[-5.920182,43.3128453],[-5.9201649,43.3128386],[-5.9201483,43.3128309],[-5.9201322,43.3128225],[-5.9201055,43.3128071],[-5.9200886,43.3127961],[-5.9200804,43.3127902],[-5.9200722,43.3127843],[-5.9200578,43.3127731],[-5.9200563,43.312772],[-5.9200189,43.3127413],[-5.9200076,43.3127324],[-5.9199928,43.3127218],[-5.9199786,43.3127126],[-5.9199639,43.3127039],[-5.9199488,43.3126959],[-5.9199334,43.3126884],[-5.9199185,43.312682],[-5.9198451,43.3126554],[-5.9198279,43.3126497],[-5.919815,43.3126461],[-5.9197809,43.3126375],[-5.9197679,43.312634],[-5.9197551,43.3126302],[-5.9197405,43.312625],[-5.9197301,43.3126208],[-5.91971,43.3126117],[-5.9197003,43.3126069],[-5.9196832,43.3125979],[-5.9196704,43.31259],[-5.9196614,43.3125837],[-5.9196528,43.3125772],[-5.9196144,43.312545],[-5.9196071,43.3125394],[-5.9195954,43.3125315],[-5.919579,43.3125224],[-5.9195569,43.3125119],[-5.9195455,43.3125072],[-5.9195158,43.3124966],[-5.9194991,43.31249],[-5.9194827,43.3124824],[-5.919467,43.3124742],[-5.9194525,43.3124653],[-5.919442,43.3124573],[-5.9194201,43.312438],[-5.9194068,43.3124276],[-5.919392,43.312418],[-5.9193783,43.3124107],[-5.9193638,43.3124041],[-5.9193505,43.3123987],[-5.9193408,43.3123952],[-5.9193165,43.312387],[-5.9192857,43.3123773],[-5.9192719,43.3123724],[-5.9192308,43.312357],[-5.9192143,43.3123499],[-5.9191978,43.3123422],[-5.9191315,43.3123096],[-5.9191181,43.3123026],[-5.9190915,43.3122877],[-5.9190153,43.3122429],[-5.9190007,43.3122347],[-5.9189516,43.3122092],[-5.9189357,43.3122004],[-5.9189214,43.3121918],[-5.9189077,43.3121828],[-5.9188806,43.3121632],[-5.9188574,43.3121454],[-5.9188461,43.3121363],[-5.9188339,43.3121259],[-5.9188221,43.3121154],[-5.9188111,43.3121045],[-5.9188003,43.3120927],[-5.9187791,43.3120668],[-5.9187673,43.3120535],[-5.9187559,43.3120429],[-5.9187435,43.3120329],[-5.9187301,43.3120235],[-5.9187162,43.3120145],[-5.9187019,43.312006],[-5.9186818,43.3119947],[-5.918635,43.3119664],[-5.9186204,43.3119581],[-5.918606,43.3119503],[-5.9185792,43.3119363],[-5.9185674,43.3119286],[-5.9185582,43.3119202],[-5.9185508,43.3119109],[-5.9185452,43.3119012],[-5.9185366,43.3118813],[-5.9185312,43.3118721],[-5.9185257,43.3118658],[-5.9185191,43.3118597],[-5.9184981,43.311842],[-5.9184839,43.3118291],[-5.918474,43.3118207],[-5.9184633,43.3118126],[-5.9184518,43.3118051],[-5.9184388,43.3117979],[-5.9184084,43.3117827],[-5.9183962,43.3117756],[-5.9183843,43.3117679],[-5.9183736,43.31176],[-5.9183633,43.3117517],[-5.9183508,43.3117401],[-5.9183157,43.3117045],[-5.9183037,43.3116935],[-5.918291,43.3116833],[-5.9182774,43.3116741],[-5.9182644,43.3116671],[-5.9182508,43.3116607],[-5.9182235,43.3116483],[-5.9181798,43.3116279],[-5.9181497,43.3116146],[-5.9181368,43.3116093],[-5.9181241,43.3116046],[-5.9180986,43.3115967],[-5.9180865,43.3115925],[-5.9180709,43.3115857],[-5.9180555,43.3115781],[-5.9180395,43.3115708],[-5.918027,43.3115662],[-5.9180138,43.3115624],[-5.918,43.3115598],[-5.9179861,43.3115583],[-5.9179717,43.3115578],[-5.9179572,43.311558],[-5.917931,43.3115596],[-5.9178855,43.3115631],[-5.9178476,43.3115669],[-5.9178115,43.31157],[-5.9177964,43.3115704],[-5.9177776,43.311569],[-5.9177595,43.3115654],[-5.9177426,43.3115593],[-5.9177296,43.3115524],[-5.9177177,43.311544],[-5.9177076,43.3115355],[-5.917698,43.3115263],[-5.917689,43.3115166],[-5.9176711,43.3114962],[-5.9176619,43.3114865],[-5.9176267,43.3114525],[-5.9176168,43.3114418],[-5.9176077,43.3114307],[-5.9175993,43.3114194],[-5.9175917,43.3114078],[-5.9175824,43.3113919],[-5.9175643,43.3113578],[-5.9175557,43.311343],[-5.917546,43.31133],[-5.917534,43.3113181],[-5.9175198,43.3113077],[-5.9175037,43.3112989],[-5.9174889,43.3112929],[-5.9174397,43.3112765],[-5.9174224,43.3112699],[-5.9174119,43.3112653],[-5.9174018,43.3112604],[-5.917392,43.3112549],[-5.9173829,43.3112489],[-5.9173746,43.3112424],[-5.9173669,43.3112354],[-5.91736,43.3112281],[-5.9173536,43.3112206],[-5.9173449,43.3112084],[-5.9173283,43.3111836],[-5.9173188,43.3111716],[-5.9173079,43.3111605],[-5.9172955,43.3111501],[-5.917282,43.3111401],[-5.9172676,43.3111307],[-5.9172536,43.3111223],[-5.9172399,43.3111149],[-5.9172119,43.3111011],[-5.9171879,43.31109],[-5.9171672,43.3110815],[-5.9171569,43.3110778],[-5.9171467,43.3110746],[-5.9171336,43.311071],[-5.9171206,43.311068],[-5.9171026,43.311065],[-5.917072,43.3110603],[-5.9170592,43.3110586],[-5.9170359,43.3110576],[-5.9170231,43.3110567],[-5.9169963,43.3110534],[-5.9169822,43.311052],[-5.9169694,43.3110516],[-5.9169222,43.3110522],[-5.916888,43.3110523],[-5.9168486,43.3110528],[-5.9168032,43.311052],[-5.9167742,43.3110511],[-5.9167556,43.3110519],[-5.9167376,43.3110546],[-5.9167226,43.3110589],[-5.9167083,43.3110644],[-5.9166724,43.3110808],[-5.9166624,43.3110847],[-5.9166479,43.3110888],[-5.9166323,43.3110918],[-5.9165992,43.3110969],[-5.9165824,43.3110998],[-5.9165505,43.3111069],[-5.9165342,43.3111102],[-5.9165159,43.311113],[-5.9164784,43.3111173],[-5.9164599,43.3111199],[-5.9164418,43.3111233],[-5.9164247,43.3111282],[-5.9164104,43.3111344],[-5.9164086,43.3111352],[-5.9163937,43.3111439],[-5.91638,43.3111539],[-5.9163674,43.311165],[-5.9163561,43.3111769],[-5.9163479,43.311187],[-5.9163406,43.3111974],[-5.916334,43.3112083],[-5.9163284,43.3112192],[-5.916324,43.3112301],[-5.9163217,43.3112379],[-5.9163214,43.3112396],[-5.9163201,43.3112456],[-5.916319,43.3112543],[-5.9163191,43.3112627],[-5.9163208,43.3112715],[-5.9163242,43.31128],[-5.9163287,43.311288],[-5.9163412,43.3113056],[-5.9163469,43.3113153],[-5.9163521,43.3113256],[-5.9163564,43.3113352],[-5.9163771,43.3113884],[-5.9163807,43.3113956],[-5.916393,43.3114163],[-5.9163969,43.3114264],[-5.916399,43.3114372],[-5.9163985,43.3114515],[-5.9163953,43.3114665],[-5.9163902,43.3114819],[-5.9163838,43.3114976],[-5.9163689,43.3115291],[-5.9163582,43.3115496],[-5.9163431,43.3115762],[-5.9163375,43.3115872],[-5.9163328,43.311598],[-5.9163293,43.3116086],[-5.9163241,43.3116344],[-5.9163207,43.3116452],[-5.9163162,43.3116558],[-5.9163117,43.3116644],[-5.9163067,43.3116726],[-5.9163009,43.3116802],[-5.9162952,43.3116864],[-5.9162771,43.3117034],[-5.9162635,43.3117166],[-5.9162439,43.3117344],[-5.9162255,43.3117499],[-5.9161946,43.311774],[-5.9161864,43.3117802],[-5.9161784,43.3117856],[-5.9161561,43.3117976],[-5.9161466,43.3118031],[-5.9161411,43.3118068],[-5.9161308,43.311815],[-5.9161249,43.3118191],[-5.9161157,43.3118242],[-5.9161048,43.3118288],[-5.9160917,43.3118332],[-5.9160333,43.3118505],[-5.9159998,43.3118594],[-5.9159823,43.3118637],[-5.9159646,43.3118678],[-5.9159467,43.3118714],[-5.9159287,43.3118743],[-5.9158814,43.3118803],[-5.9158633,43.311883],[-5.9158402,43.3118873],[-5.9158258,43.3118907],[-5.9158117,43.3118946],[-5.9157648,43.3119091],[-5.9157351,43.3119174],[-5.9157171,43.3119219],[-5.9156967,43.3119264],[-5.9156762,43.3119302],[-5.91566,43.3119326],[-5.9156438,43.3119347],[-5.9156236,43.3119368],[-5.9156036,43.3119385],[-5.9155839,43.3119398],[-5.9155645,43.3119404],[-5.9155514,43.3119404],[-5.9155385,43.3119397],[-5.9155244,43.3119382],[-5.9154831,43.3119317],[-5.9154695,43.31193],[-5.9154577,43.3119289],[-5.9154458,43.3119283],[-5.915429,43.3119286],[-5.9154123,43.3119299],[-5.9154014,43.3119313],[-5.9153865,43.3119339],[-5.9153722,43.3119371],[-5.9153584,43.3119406],[-5.9153451,43.3119444],[-5.9153327,43.3119491],[-5.9153243,43.3119532],[-5.9153167,43.311958],[-5.9153051,43.3119672],[-5.9152821,43.3119879],[-5.9152595,43.312006],[-5.9152435,43.3120172],[-5.9152352,43.3120224],[-5.9152222,43.3120297],[-5.915209,43.3120358],[-5.9151957,43.3120403],[-5.9151759,43.3120462],[-5.9151462,43.3120567],[-5.9151304,43.3120618],[-5.9151126,43.3120662],[-5.915094,43.3120697],[-5.9150655,43.3120737],[-5.9150357,43.3120774],[-5.9150218,43.3120797],[-5.9150089,43.3120826],[-5.9149932,43.3120871],[-5.9149796,43.312092],[-5.914972,43.3120956],[-5.9149656,43.3120996],[-5.9149601,43.3121044],[-5.9149457,43.31212],[-5.9149368,43.3121284],[-5.9149262,43.3121369],[-5.9149142,43.3121453],[-5.9149011,43.3121534],[-5.9148869,43.3121609],[-5.9148743,43.3121666],[-5.914856,43.3121732],[-5.914837,43.3121796],[-5.9148203,43.3121857],[-5.9147517,43.3122132],[-5.9146986,43.3122325],[-5.9146814,43.3122394],[-5.9146649,43.3122471],[-5.9146518,43.3122542],[-5.9146391,43.3122618],[-5.914624,43.3122716],[-5.9145887,43.3122943],[-5.9145626,43.3123102],[-5.9145407,43.312322],[-5.9145267,43.312329],[-5.9145152,43.3123344],[-5.9144918,43.3123442],[-5.91448,43.3123488],[-5.9144565,43.312357],[-5.9144262,43.3123667],[-5.9143901,43.312377],[-5.9143676,43.3123828],[-5.91435,43.3123873],[-5.9143278,43.3123925],[-5.9142835,43.3124024],[-5.9142162,43.3124162],[-5.9141641,43.3124272],[-5.9141507,43.3124297],[-5.9141475,43.3124303],[-5.9141135,43.3124356],[-5.914098,43.3124388],[-5.9140841,43.3124432],[-5.9140716,43.3124497],[-5.9140608,43.3124577],[-5.9140546,43.3124633],[-5.914049,43.3124692],[-5.9140439,43.3124758],[-5.9140399,43.3124828],[-5.9140327,43.3124991],[-5.9140281,43.3125084],[-5.9140221,43.3125176],[-5.9140212,43.3125187],[-5.9140151,43.3125258],[-5.9139939,43.3125472],[-5.9139839,43.3125566],[-5.9139732,43.3125658],[-5.91396,43.312576],[-5.9139329,43.3125955],[-5.9139201,43.3126052],[-5.9139058,43.3126171],[-5.9138954,43.3126251],[-5.9138841,43.3126324],[-5.9138723,43.312638],[-5.9138593,43.3126428],[-5.9138475,43.3126465],[-5.9137988,43.3126603],[-5.9137562,43.3126746],[-5.91374,43.3126797],[-5.9136529,43.3127057],[-5.9136339,43.3127108],[-5.9136121,43.3127158],[-5.9135862,43.3127207],[-5.9135703,43.312723],[-5.9135546,43.3127248],[-5.9135346,43.3127264],[-5.913515,43.312727],[-5.9134976,43.3127261],[-5.9134465,43.3127209],[-5.9134298,43.3127202],[-5.9134183,43.3127205],[-5.9134084,43.3127214],[-5.9133987,43.3127228],[-5.9133821,43.3127268],[-5.9133097,43.3127485],[-5.9132905,43.3127547],[-5.9132714,43.3127616],[-5.9132584,43.3127667],[-5.9132062,43.3127882],[-5.9131921,43.3127935],[-5.9131739,43.3127993],[-5.9131561,43.312804],[-5.9131445,43.3128063],[-5.9131335,43.3128081],[-5.9131229,43.3128095],[-5.9131112,43.3128103],[-5.9131014,43.3128095],[-5.9131006,43.3128091],[-5.9128453,43.3127794],[-5.9128296,43.3127807],[-5.9128143,43.3127807],[-5.9127992,43.3127796],[-5.9127844,43.3127774],[-5.9127631,43.3127727],[-5.9127422,43.3127672],[-5.9127321,43.3127638],[-5.9127224,43.3127598],[-5.9127086,43.312753],[-5.9126962,43.312745],[-5.9126859,43.3127365],[-5.9126623,43.3127135],[-5.9126504,43.3127033],[-5.9126371,43.3126937],[-5.9126241,43.3126862],[-5.912609,43.3126784],[-5.9125087,43.3126291],[-5.9124915,43.3126203],[-5.912475,43.3126112],[-5.9124595,43.3126017],[-5.9124543,43.312598],[-5.9124455,43.3125917],[-5.9124343,43.3125822],[-5.9124152,43.3125637],[-5.9124069,43.3125552],[-5.9123997,43.3125469],[-5.9123927,43.312537],[-5.9123892,43.3125271],[-5.9123906,43.3125157],[-5.9123967,43.3125037],[-5.9124061,43.3124914],[-5.9124178,43.3124788],[-5.9124313,43.312466],[-5.9124459,43.3124531],[-5.9124614,43.31244],[-5.9124936,43.3124137],[-5.9126425,43.3122948],[-5.9130507,43.3119651],[-5.9131485,43.3118855],[-5.9132899,43.3117688],[-5.9133212,43.3117442],[-5.9133369,43.3117326],[-5.9133462,43.3117262],[-5.9133527,43.3117217],[-5.9133687,43.3117119],[-5.9133848,43.3117034],[-5.9134012,43.3116969],[-5.913418,43.3116929],[-5.9134297,43.311692],[-5.9134401,43.3116921],[-5.9134608,43.3116935],[-5.9135093,43.3116979],[-5.9135684,43.3117018],[-5.9135879,43.3117037],[-5.9136069,43.3117066],[-5.9136217,43.3117097],[-5.9136626,43.3117203],[-5.9136742,43.3117229],[-5.9136859,43.3117248],[-5.9137015,43.3117258],[-5.9137171,43.3117251],[-5.9137357,43.3117226],[-5.9137467,43.31172],[-5.9137572,43.3117166],[-5.9137668,43.3117128],[-5.9137758,43.3117083],[-5.9137883,43.3117002],[-5.9137989,43.3116898],[-5.9138073,43.3116779],[-5.913814,43.3116647],[-5.9138194,43.3116499],[-5.9138273,43.3116223],[-5.9138302,43.3116096],[-5.9138443,43.3115364],[-5.913851,43.3115056],[-5.913855,43.3114904],[-5.9138598,43.3114753],[-5.9138647,43.311462],[-5.9138702,43.3114489],[-5.9138766,43.3114349],[-5.9140691,43.3114273],[-5.9145664,43.3113423],[-5.9150728,43.3112016],[-5.915511,43.3109776],[-5.9158342,43.3107685],[-5.9160935,43.3106008],[-5.9163192,43.3103148],[-5.9164398,43.310162],[-5.9164612,43.3101041],[-5.9164887,43.31003],[-5.9164938,43.3100305],[-5.916507,43.3100313],[-5.9165299,43.3100317],[-5.9165528,43.3100308],[-5.9165739,43.3100291],[-5.9166158,43.3100245],[-5.9166381,43.3100226],[-5.9166557,43.3100215],[-5.916673,43.310021],[-5.9166901,43.3100212],[-5.9167069,43.3100224],[-5.9167276,43.3100257],[-5.9168118,43.3100445],[-5.916828,43.3100486],[-5.9168438,43.3100534],[-5.9168595,43.3100593],[-5.9168746,43.3100661],[-5.9168893,43.3100735],[-5.9169313,43.3100963],[-5.9169402,43.3101009],[-5.9169507,43.3101057],[-5.9169617,43.3101101],[-5.9169733,43.3101141],[-5.9169795,43.3101159],[-5.9169853,43.3101176],[-5.9170026,43.3101218],[-5.9170203,43.3101253],[-5.917098,43.3101391],[-5.9171839,43.3101562],[-5.9171963,43.3101582],[-5.9172274,43.3101634],[-5.917309,43.310175],[-5.9173301,43.3101785],[-5.9173484,43.3101824],[-5.917366,43.3101871],[-5.9173829,43.3101927],[-5.9173987,43.3101993],[-5.917408,43.310204],[-5.9174298,43.3102164],[-5.9174427,43.3102243],[-5.9174555,43.3102326],[-5.9174948,43.3102605],[-5.9175086,43.3102695],[-5.9175239,43.3102782],[-5.91754,43.3102863],[-5.9175567,43.310294],[-5.9175738,43.3103014],[-5.9176386,43.3103276],[-5.9176917,43.3103506],[-5.9177254,43.3103663],[-5.9177415,43.3103746],[-5.9177568,43.3103833],[-5.9177705,43.3103918],[-5.9178003,43.3104112],[-5.9178144,43.3104211],[-5.9178281,43.3104315],[-5.9178681,43.3104632],[-5.9178803,43.3104725],[-5.9178929,43.3104811],[-5.9179023,43.3104867],[-5.917912,43.3104918],[-5.9179213,43.3104962],[-5.9179392,43.310503],[-5.9179883,43.3105185],[-5.9180035,43.3105236],[-5.9180182,43.310529],[-5.9180411,43.3105383],[-5.9180553,43.3105446],[-5.9180833,43.3105578],[-5.9181078,43.31057],[-5.9181347,43.3105845],[-5.9181563,43.3105965],[-5.9181908,43.3106171],[-5.9182419,43.310649],[-5.9182592,43.3106595],[-5.9182767,43.3106696],[-5.9182929,43.3106784],[-5.918326,43.3106951],[-5.9183624,43.3107122],[-5.9183903,43.3107245],[-5.9184201,43.3107369],[-5.9184342,43.3107433],[-5.918448,43.3107501],[-5.918473,43.3107633],[-5.9184844,43.3107702],[-5.9184951,43.3107774],[-5.9185068,43.3107869],[-5.9185175,43.310797],[-5.9185338,43.3108138],[-5.9185403,43.310821],[-5.9185526,43.3108357],[-5.9185733,43.3108619],[-5.9185813,43.3108702],[-5.9185905,43.3108775],[-5.9186011,43.3108833],[-5.918613,43.3108881],[-5.9186516,43.3109006],[-5.9186647,43.3109055],[-5.9186781,43.3109108],[-5.9187095,43.3109248],[-5.9187273,43.3109333],[-5.9187538,43.3109468],[-5.9187965,43.3109697],[-5.9188153,43.3109805],[-5.918871,43.3110136],[-5.9188912,43.3110249],[-5.9189118,43.3110357],[-5.9189449,43.311052],[-5.9189918,43.3110757],[-5.9190223,43.3110915],[-5.9190368,43.3110996],[-5.9190622,43.3111151],[-5.9191199,43.3111522],[-5.9191334,43.3111599],[-5.9191471,43.3111666],[-5.919196,43.3111891],[-5.9192109,43.3111962],[-5.9192254,43.3112037],[-5.9192751,43.3112323],[-5.9193091,43.311251],[-5.919344,43.3112697],[-5.9194506,43.3113259],[-5.9194678,43.3113356],[-5.9194855,43.3113461],[-5.9195047,43.3113584],[-5.9195376,43.3113803],[-5.9195924,43.3114178],[-5.919622,43.3114374],[-5.9196314,43.3114445],[-5.919636,43.3114492],[-5.9196366,43.3114514],[-5.9196349,43.3114516],[-5.9196354,43.3114525],[-5.9196405,43.3114551],[-5.9196533,43.3114608],[-5.9196786,43.3114706],[-5.9196983,43.3114786],[-5.9197194,43.311488],[-5.9197369,43.3114963],[-5.919754,43.311505],[-5.9197699,43.3115141],[-5.9197968,43.3115305],[-5.9198022,43.3115339],[-5.9198232,43.3115475],[-5.9198516,43.3115665],[-5.9198661,43.3115758],[-5.9198803,43.3115843],[-5.9198948,43.3115925],[-5.9199132,43.3116022],[-5.9199833,43.3116387],[-5.919996,43.3116459],[-5.9200304,43.3116678],[-5.9200647,43.3116882],[-5.9200873,43.3117009],[-5.9201283,43.3117227],[-5.9201522,43.3117343],[-5.9201683,43.3117413],[-5.9201846,43.3117475],[-5.9202034,43.3117535],[-5.9202222,43.3117592],[-5.9202407,43.3117653],[-5.9202531,43.31177],[-5.9202776,43.3117804],[-5.9203027,43.3117916],[-5.9203544,43.3118158],[-5.9203845,43.3118299],[-5.9204171,43.3118443],[-5.9204329,43.3118516],[-5.920448,43.3118595],[-5.9204649,43.3118698],[-5.920493,43.3118893],[-5.9205047,43.311898],[-5.9205298,43.3119188],[-5.9205427,43.3119289],[-5.9205583,43.3119394],[-5.920571,43.3119471],[-5.9206031,43.3119666],[-5.9206177,43.3119751],[-5.9206328,43.3119833],[-5.9206451,43.3119895],[-5.9207199,43.3120248],[-5.9207527,43.3120413],[-5.9207871,43.3120597],[-5.9208327,43.3120868],[-5.9208494,43.3120953],[-5.920867,43.3121032],[-5.9208979,43.3121164],[-5.920911,43.3121217],[-5.9209658,43.312143],[-5.9209825,43.3121507],[-5.9210147,43.3121666],[-5.9210309,43.3121739],[-5.9210455,43.3121794],[-5.9210744,43.3121897],[-5.9210955,43.3121981],[-5.9211343,43.3122128],[-5.9211537,43.3122205],[-5.9211732,43.3122288],[-5.9211926,43.3122377],[-5.9212199,43.3122514],[-5.9212308,43.3122572],[-5.9212507,43.3122686],[-5.9212765,43.3122845],[-5.9213173,43.3123115],[-5.9213338,43.3123216],[-5.9213469,43.3123286],[-5.9213602,43.312335],[-5.9213978,43.3123523],[-5.9214103,43.3123576],[-5.9214205,43.3123615],[-5.9214307,43.3123648],[-5.921444,43.3123681],[-5.921481,43.3123753],[-5.9214921,43.3123777],[-5.9215071,43.3123824],[-5.9215207,43.3123886],[-5.9215332,43.3123964],[-5.9215577,43.3124139],[-5.9215724,43.3124221],[-5.9215888,43.3124297],[-5.9216063,43.3124367],[-5.9216226,43.3124424],[-5.9216393,43.3124476],[-5.9216562,43.3124521],[-5.9216732,43.3124558],[-5.9217059,43.3124615],[-5.9217239,43.3124652],[-5.9217415,43.31247],[-5.9217556,43.3124751],[-5.9217692,43.3124811],[-5.9217756,43.3124843],[-5.9218226,43.3125097],[-5.9218374,43.3125169],[-5.9218556,43.3125248],[-5.9219004,43.3125437],[-5.9219726,43.3125751],[-5.9219842,43.3125796],[-5.9219973,43.3125839],[-5.9220235,43.3125919],[-5.9220358,43.3125962],[-5.9220477,43.3126012],[-5.922061,43.3126082],[-5.9220738,43.3126161],[-5.922099,43.3126333],[-5.9221103,43.3126406],[-5.9221196,43.3126461],[-5.9221293,43.3126512],[-5.9221394,43.3126559],[-5.92215,43.3126599],[-5.9221606,43.3126634],[-5.9221714,43.3126664],[-5.9221893,43.3126699],[-5.9222074,43.312672],[-5.922225,43.3126727],[-5.922259,43.3126719],[-5.9222754,43.3126726],[-5.9222854,43.3126741],[-5.9222953,43.3126765],[-5.9223047,43.3126793],[-5.9223141,43.3126825],[-5.9223432,43.3126939],[-5.9223955,43.3127132],[-5.9224126,43.3127206],[-5.9224272,43.3127281],[-5.9224701,43.3127523],[-5.922485,43.3127596],[-5.9224978,43.312765],[-5.9225112,43.3127702],[-5.9225251,43.3127747],[-5.9225442,43.3127796],[-5.9225593,43.3127827],[-5.9225744,43.3127853],[-5.9225895,43.3127875],[-5.9226376,43.312793],[-5.9226503,43.3127953],[-5.9226647,43.3127993],[-5.9226786,43.3128044],[-5.9227104,43.3128169],[-5.9227513,43.3128312],[-5.9227673,43.3128363],[-5.9227996,43.3128459],[-5.9228553,43.312861],[-5.9228746,43.3128667],[-5.922893,43.312873],[-5.9229103,43.3128805],[-5.9229221,43.3128868],[-5.9229333,43.3128937],[-5.9229573,43.3129095],[-5.922971,43.3129177],[-5.9229886,43.3129268],[-5.9230055,43.3129349],[-5.923041,43.3129509],[-5.9230923,43.3129719],[-5.9231085,43.3129788],[-5.9231241,43.3129862],[-5.9231397,43.3129947],[-5.9231546,43.3130037],[-5.923169,43.3130131],[-5.9231877,43.3130262],[-5.9232313,43.3130608],[-5.9232703,43.3130894],[-5.923282,43.3130988],[-5.9232924,43.3131082],[-5.9233008,43.313118],[-5.9233072,43.3131287],[-5.9233128,43.3131399],[-5.9233212,43.3131554],[-5.9233313,43.3131712],[-5.9233407,43.3131832],[-5.9233681,43.3132135],[-5.9233745,43.3132202],[-5.9233837,43.3132291],[-5.9233936,43.3132375],[-5.9234041,43.3132453],[-5.9234156,43.3132525],[-5.9234387,43.3132658],[-5.9234492,43.3132724],[-5.9234582,43.3132795],[-5.9234653,43.3132872],[-5.9234691,43.3132935],[-5.9234719,43.3133002],[-5.923477,43.3133158],[-5.9234817,43.3133279],[-5.9234916,43.3133502],[-5.9234964,43.3133598],[-5.923504,43.3133731],[-5.9235297,43.3134126],[-5.9235346,43.3134207],[-5.9230714,43.3137708],[-5.923037,43.3137973]]],[[[-5.877741,43.3209614],[-5.8777154,43.3209541],[-5.8777042,43.3209506],[-5.8776921,43.3209462],[-5.8776808,43.3209409],[-5.8776685,43.3209331],[-5.8776572,43.3209242],[-5.8776346,43.3209052],[-5.8776205,43.3208957],[-5.877605,43.3208873],[-5.8775884,43.3208802],[-5.8775709,43.3208746],[-5.8775504,43.3208702],[-5.8774811,43.3208567],[-5.8774082,43.3208442],[-5.877395,43.3208415],[-5.8773825,43.3208382],[-5.8773702,43.3208337],[-5.8773587,43.3208281],[-5.877346,43.3208203],[-5.8773392,43.3208151],[-5.8775732,43.3207678],[-5.8781068,43.3205532],[-5.8784547,43.3203487],[-5.8784673,43.3203389],[-5.8784473,43.320378],[-5.8784362,43.3203975],[-5.878425,43.3204149],[-5.8784157,43.3204281],[-5.878406,43.3204408],[-5.8783945,43.3204546],[-5.8783844,43.3204646],[-5.8783736,43.320474],[-5.8783639,43.320482],[-5.8783539,43.3204894],[-5.8783433,43.3204962],[-5.8783304,43.3205029],[-5.8782845,43.3205227],[-5.8782752,43.3205261],[-5.878252,43.3205339],[-5.8782047,43.3205483],[-5.8781869,43.3205546],[-5.8781701,43.3205617],[-5.8781566,43.3205688],[-5.878144,43.3205765],[-5.8781158,43.320595],[-5.8781061,43.3206005],[-5.8780967,43.3206051],[-5.8780833,43.3206109],[-5.8780765,43.3206143],[-5.8780705,43.3206184],[-5.8780649,43.3206232],[-5.878051,43.3206378],[-5.8780272,43.3206655],[-5.8780189,43.3206765],[-5.8780119,43.3206881],[-5.8780073,43.3206982],[-5.8779978,43.320723],[-5.8779812,43.3207638],[-5.877976,43.3207751],[-5.8779694,43.3207864],[-5.8779618,43.3207972],[-5.8779555,43.3208047],[-5.8779488,43.3208119],[-5.8779409,43.3208198],[-5.8779328,43.3208272],[-5.8779139,43.3208432],[-5.8779073,43.3208494],[-5.8779012,43.3208558],[-5.8778932,43.3208652],[-5.8778871,43.3208745],[-5.877883,43.3208842],[-5.8778803,43.3208934],[-5.8778776,43.3209035],[-5.8778769,43.3209089],[-5.8778772,43.3209143],[-5.8778785,43.3209199],[-5.8778864,43.3209401],[-5.8778874,43.3209466],[-5.8778859,43.3209539],[-5.8778824,43.3209603],[-5.8778764,43.3209671],[-5.8778684,43.3209726],[-5.8777788,43.3209541],[-5.877741,43.3209614]]],[[[-5.8653971,43.3077292],[-5.8644141,43.3076917],[-5.8633041,43.3074224],[-5.863303,43.3074233],[-5.8631431,43.3073822],[-5.8626123,43.3072541],[-5.8622882,43.3071966],[-5.8615198,43.3069959],[-5.8613435,43.3069592],[-5.860964,43.3068459],[-5.8608322,43.3067952],[-5.8606974,43.3067368],[-5.8606973,43.3067368],[-5.8605688,43.3066982],[-5.8605123,43.3066816],[-5.8604205,43.3066582],[-5.860336,43.3066391],[-5.8602918,43.3066364],[-5.8602381,43.3066371],[-5.860139,43.3066361],[-5.8600524,43.3066258],[-5.8599679,43.3066245],[-5.8591913,43.306334],[-5.8589738,43.3062585],[-5.8588137,43.3062039],[-5.858529,43.3061037],[-5.8583545,43.3060431],[-5.8580853,43.3059354],[-5.8580852,43.3059354],[-5.8579639,43.3058831],[-5.8578148,43.3058193],[-5.8574726,43.305673],[-5.8574725,43.3056729],[-5.8571944,43.3055635],[-5.8569911,43.3054914],[-5.8568572,43.3054558],[-5.856863,43.3054532],[-5.8568724,43.3054482],[-5.856873,43.3054479],[-5.8568815,43.3054419],[-5.8568862,43.3054373],[-5.8568901,43.3054324],[-5.8568949,43.3054237],[-5.8568968,43.305416],[-5.8568972,43.3054105],[-5.8568966,43.3053978],[-5.8568967,43.305392],[-5.8568977,43.3053803],[-5.8568966,43.3053747],[-5.8568928,43.3053696],[-5.8568868,43.305365],[-5.8568658,43.3053533],[-5.8568553,43.3053465],[-5.8568445,43.3053383],[-5.8568327,43.3053279],[-5.8568212,43.3053164],[-5.8568101,43.3053041],[-5.8567813,43.3052688],[-5.8567739,43.3052605],[-5.8567557,43.3052417],[-5.8567459,43.3052324],[-5.8567354,43.3052237],[-5.8567219,43.3052148],[-5.8567069,43.305207],[-5.856691,43.3052005],[-5.8566725,43.3051949],[-5.8566403,43.305187],[-5.8566271,43.3051835],[-5.8566135,43.3051789],[-5.8566003,43.3051732],[-5.8565848,43.3051648],[-5.8565701,43.3051551],[-5.8565592,43.3051469],[-5.8565228,43.3051158],[-5.8565099,43.3051057],[-5.8564955,43.305096],[-5.8564801,43.3050871],[-5.8564638,43.3050788],[-5.8564501,43.3050727],[-5.8564359,43.3050669],[-5.8564216,43.3050615],[-5.8564074,43.3050566],[-5.856393,43.3050521],[-5.8563763,43.3050479],[-5.8563259,43.3050373],[-5.8563098,43.3050335],[-5.8562942,43.3050289],[-5.8562801,43.3050238],[-5.8562666,43.3050178],[-5.8562556,43.3050122],[-5.8562327,43.3049996],[-5.8562084,43.3049852],[-5.8561933,43.304976],[-5.8561789,43.3049664],[-5.8561669,43.3049571],[-5.8561559,43.3049473],[-5.8561458,43.3049371],[-5.8561316,43.3049212],[-5.8561196,43.304909],[-5.8561066,43.304897],[-5.8560926,43.3048851],[-5.8560777,43.3048735],[-5.8560622,43.3048622],[-5.856046,43.3048513],[-5.8560291,43.3048409],[-5.8560114,43.3048311],[-5.8559955,43.3048234],[-5.8559793,43.304816],[-5.8559433,43.3048006],[-5.855925,43.3047932],[-5.8559065,43.3047861],[-5.8558784,43.304776],[-5.8558449,43.3047648],[-5.8558126,43.304754],[-5.8557924,43.3047467],[-5.8557763,43.30474],[-5.8557159,43.3047125],[-5.8556773,43.3046961],[-5.8556749,43.3046951],[-5.855661,43.3046898],[-5.8556416,43.3046835],[-5.8556095,43.304673],[-5.8555903,43.3046661],[-5.8555706,43.3046584],[-5.8555536,43.3046518],[-5.8555357,43.3046451],[-5.855518,43.3046393],[-5.8555083,43.3046364],[-5.8554878,43.3046304],[-5.8554409,43.3046188],[-5.8554039,43.304609],[-5.8553269,43.3045869],[-5.8553082,43.3045819],[-5.8552658,43.3045729],[-5.8552421,43.3045668],[-5.8552169,43.3045588],[-5.8551626,43.3045387],[-5.8551438,43.3045324],[-5.8550604,43.3045072],[-5.8550448,43.3045021],[-5.8550182,43.3044929],[-5.8549975,43.3044849],[-5.8549367,43.3044592],[-5.8549133,43.3044497],[-5.8548948,43.3044424],[-5.8548572,43.3044283],[-5.8548386,43.3044208],[-5.8548252,43.3044144],[-5.8548126,43.3044074],[-5.8548006,43.3043999],[-5.8547966,43.3043971],[-5.8547756,43.3043824],[-5.8547642,43.3043753],[-5.8547523,43.3043686],[-5.8547394,43.3043625],[-5.8547297,43.3043584],[-5.8547108,43.3043516],[-5.8546914,43.3043457],[-5.8546716,43.3043408],[-5.8546518,43.3043369],[-5.8546322,43.3043341],[-5.8546003,43.3043304],[-5.8545938,43.3043292],[-5.8545871,43.304328],[-5.8545626,43.3043221],[-5.8545519,43.3043191],[-5.8545385,43.3043148],[-5.8544493,43.3042822],[-5.8544302,43.3042758],[-5.8543665,43.3042561],[-5.854346,43.3042505],[-5.8543251,43.3042453],[-5.8542616,43.3042303],[-5.8542405,43.3042248],[-5.8542201,43.304219],[-5.8541426,43.3041956],[-5.8540763,43.3041762],[-5.85406,43.304171],[-5.8540106,43.3041534],[-5.8539944,43.3041482],[-5.8539743,43.3041428],[-5.8539353,43.3041332],[-5.8539175,43.3041275],[-5.8539074,43.3041233],[-5.853885,43.3041129],[-5.8538687,43.3041062],[-5.8538158,43.304087],[-5.8537985,43.3040799],[-5.853769,43.304066],[-5.8537565,43.3040606],[-5.8537411,43.3040545],[-5.8537251,43.3040489],[-5.8537086,43.3040439],[-5.8536658,43.3040325],[-5.8536389,43.3040247],[-5.8536174,43.3040177],[-5.8535962,43.3040101],[-5.8534723,43.3039612],[-5.8534302,43.3039428],[-5.8534159,43.3039369],[-5.8533997,43.3039311],[-5.8533673,43.3039199],[-5.8533527,43.3039144],[-5.8532854,43.3038859],[-5.8532755,43.3038822],[-5.8532183,43.3038636],[-5.8531885,43.3038535],[-5.8530868,43.3038141],[-5.853001,43.3037783],[-5.8529609,43.3037601],[-5.852922,43.3037416],[-5.8528899,43.3037259],[-5.8528768,43.303719],[-5.852852,43.3037046],[-5.8528245,43.3036875],[-5.8528152,43.3036824],[-5.8528109,43.30368],[-5.8527968,43.3036737],[-5.8527952,43.3036732],[-5.8527834,43.3036693],[-5.8527697,43.3036662],[-5.8527376,43.3036605],[-5.8527249,43.3036572],[-5.8527121,43.3036531],[-5.8526991,43.3036485],[-5.8526842,43.3036427],[-5.8526694,43.3036364],[-5.8526552,43.3036294],[-5.8526428,43.3036222],[-5.8526103,43.3036007],[-5.852593,43.3035899],[-5.8525759,43.3035809],[-5.8525449,43.3035653],[-5.8525048,43.3035438],[-5.8524916,43.3035374],[-5.852464,43.3035253],[-5.8524035,43.3035012],[-5.8523627,43.3034846],[-5.8523223,43.3034671],[-5.8523025,43.3034577],[-5.8522831,43.3034477],[-5.852264,43.3034374],[-5.8522266,43.3034157],[-5.8521817,43.3033883],[-5.8521715,43.3033821],[-5.8520989,43.3033366],[-5.8520448,43.3033021],[-5.8519914,43.303267],[-5.8519562,43.3032427],[-5.8519215,43.3032181],[-5.8518006,43.3031311],[-5.8517318,43.3030811],[-5.8516984,43.3030558],[-5.8516823,43.303043],[-5.8516668,43.30303],[-5.8516523,43.3030167],[-5.8516443,43.3030084],[-5.8516389,43.3030029],[-5.8516271,43.3029889],[-5.8516172,43.3029747],[-5.8516099,43.3029603],[-5.8516058,43.3029459],[-5.8516053,43.3029337],[-5.8516068,43.3029214],[-5.8516113,43.3028969],[-5.8516126,43.3028846],[-5.8516123,43.3028746],[-5.8516112,43.3028673],[-5.8516077,43.302855],[-5.8516029,43.302843],[-5.8515941,43.3028228],[-5.8515919,43.3028177],[-5.851585,43.3028046],[-5.8515784,43.302795],[-5.8515707,43.3027857],[-5.8515621,43.3027764],[-5.8515315,43.3027461],[-5.8515308,43.3027454],[-5.8515213,43.3027352],[-5.8515122,43.3027238],[-5.8515076,43.302717],[-5.8515072,43.3027164],[-5.8515026,43.3027087],[-5.8514964,43.3026968],[-5.8514909,43.3026845],[-5.8514858,43.3026721],[-5.851469,43.3026273],[-5.8514618,43.3026117],[-5.8514549,43.3025997],[-5.8514471,43.3025881],[-5.8514385,43.3025769],[-5.8514292,43.3025661],[-5.85142,43.3025564],[-5.8514101,43.3025467],[-5.8513997,43.3025374],[-5.8513889,43.3025287],[-5.8513764,43.3025199],[-5.8513533,43.3025044],[-5.8513435,43.3024969],[-5.8513356,43.3024892],[-5.8513285,43.3024811],[-5.8513053,43.3024499],[-5.851297,43.3024397],[-5.8512807,43.3024211],[-5.851274,43.3024118],[-5.8512703,43.3024051],[-5.8512671,43.3023981],[-5.8512608,43.3023815],[-5.8512505,43.3023448],[-5.8512452,43.3023303],[-5.8512391,43.3023184],[-5.8512318,43.3023065],[-5.8512128,43.3022788],[-5.8511957,43.3022544],[-5.8511783,43.3022304],[-5.8511693,43.3022169],[-5.8511385,43.302168],[-5.8511164,43.3021362],[-5.8510873,43.302091],[-5.8510796,43.3020799],[-5.8510696,43.3020672],[-5.8510374,43.3020293],[-5.8510279,43.3020169],[-5.85101,43.3019914],[-5.8509796,43.3019461],[-5.8509695,43.3019317],[-5.8509587,43.3019175],[-5.8509577,43.3019164],[-5.8509436,43.3019001],[-5.8509318,43.3018876],[-5.8508985,43.3018533],[-5.8508803,43.3018336],[-5.8508714,43.3018227],[-5.8508626,43.3018102],[-5.8508401,43.3017759],[-5.8508279,43.3017593],[-5.8508105,43.3017384],[-5.8507618,43.3016822],[-5.8507536,43.3016716],[-5.8507472,43.3016613],[-5.8507434,43.3016514],[-5.8507429,43.3016437],[-5.8507448,43.3016366],[-5.8507507,43.3016285],[-5.8507598,43.3016219],[-5.8507663,43.3016187],[-5.8507734,43.3016161],[-5.8507858,43.3016134],[-5.8507989,43.3016123],[-5.8508125,43.3016128],[-5.8508277,43.3016157],[-5.8508335,43.3016179],[-5.8508299,43.3016094],[-5.8508409,43.3016113],[-5.850843,43.3016119],[-5.8508436,43.3016125],[-5.8508431,43.3016137],[-5.850841,43.3016156],[-5.8508372,43.3016183],[-5.8508362,43.3016189],[-5.8508434,43.3016215],[-5.8508586,43.3016291],[-5.8508739,43.3016372],[-5.8508898,43.3016448],[-5.8509051,43.3016504],[-5.850921,43.3016544],[-5.8509372,43.3016565],[-5.8509543,43.3016564],[-5.8509896,43.3016537],[-5.851005,43.3016536],[-5.8510208,43.3016545],[-5.8510367,43.3016564],[-5.8510493,43.3016585],[-5.8510821,43.3016654],[-5.851095,43.3016687],[-5.8511079,43.3016724],[-5.851125,43.3016777],[-5.8511419,43.3016837],[-5.8511636,43.3016926],[-5.8512111,43.3017138],[-5.8512676,43.3017368],[-5.8513009,43.3017513],[-5.8513181,43.3017583],[-5.8513359,43.3017649],[-5.8513751,43.3017779],[-5.8513982,43.3017859],[-5.8514143,43.301792],[-5.8514688,43.3018137],[-5.8514779,43.3018179],[-5.851483,43.3018217],[-5.8514839,43.3018251],[-5.8514812,43.3018273],[-5.8514802,43.3018275],[-5.8514815,43.3018279],[-5.8515003,43.3018307],[-5.8515132,43.3018333],[-5.8515259,43.3018365],[-5.8515381,43.3018402],[-5.8515496,43.3018445],[-5.8515581,43.3018488],[-5.8515654,43.3018533],[-5.8515702,43.301857],[-5.85158,43.3018654],[-5.8515859,43.3018698],[-5.8515978,43.3018759],[-5.8516129,43.3018817],[-5.8516269,43.3018863],[-5.8516588,43.3018951],[-5.8516935,43.3019036],[-5.8517288,43.3019118],[-5.8517626,43.3019189],[-5.8518249,43.3019295],[-5.8519054,43.3019415],[-5.8520685,43.3019636],[-5.8521162,43.3019716],[-5.8521274,43.3019738],[-5.8521444,43.3019776],[-5.8521656,43.3019836],[-5.8521863,43.3019904],[-5.8522642,43.3020193],[-5.8522819,43.3020266],[-5.8522985,43.3020345],[-5.852325,43.3020495],[-5.852335,43.3020549],[-5.8523559,43.3020651],[-5.852381,43.3020763],[-5.8524126,43.3020898],[-5.8524474,43.302104],[-5.8524652,43.3021107],[-5.8524869,43.3021182],[-5.852509,43.3021253],[-5.8525313,43.3021319],[-5.8525537,43.302138],[-5.852576,43.3021436],[-5.8526007,43.3021491],[-5.8526198,43.3021526],[-5.8526386,43.3021554],[-5.8526569,43.3021577],[-5.852696,43.302161],[-5.8527463,43.3021676],[-5.8527615,43.3021704],[-5.8527767,43.3021756],[-5.852791,43.3021831],[-5.8528038,43.3021922],[-5.8528112,43.3021981],[-5.8528559,43.3022358],[-5.852866,43.3022453],[-5.8528755,43.3022561],[-5.8528835,43.3022675],[-5.8528896,43.302279],[-5.8528944,43.3022908],[-5.8528971,43.3022983],[-5.8529056,43.3023268],[-5.852911,43.3023413],[-5.8529159,43.3023496],[-5.8529221,43.3023541],[-5.8529269,43.3023544],[-5.8529321,43.3023529],[-5.8529369,43.3023504],[-5.8529449,43.302344],[-5.8529621,43.3023262],[-5.8529719,43.3023167],[-5.8529824,43.3023087],[-5.8529945,43.302302],[-5.8530083,43.3022975],[-5.8530235,43.3022948],[-5.8530353,43.3022938],[-5.8530474,43.3022937],[-5.8530587,43.3022944],[-5.8530702,43.3022957],[-5.8530888,43.3022982],[-5.8531076,43.3023013],[-5.8531422,43.3023078],[-5.8532257,43.3023276],[-5.8532357,43.3023292],[-5.8532464,43.3023302],[-5.853258,43.3023308],[-5.8532803,43.3023311],[-5.853294,43.3023308],[-5.853308,43.30233],[-5.8533521,43.3023257],[-5.8533677,43.3023245],[-5.8533834,43.3023236],[-5.8534048,43.3023233],[-5.8534162,43.3023236],[-5.8534689,43.3023265],[-5.8534966,43.3023271],[-5.8535119,43.3023266],[-5.8535625,43.302324],[-5.8536078,43.3023233],[-5.8536379,43.3023219],[-5.8537066,43.3023214],[-5.8537278,43.3023217],[-5.8537491,43.302323],[-5.8537694,43.3023253],[-5.8538097,43.3023316],[-5.8538554,43.3023398],[-5.8538696,43.3023432],[-5.8538836,43.3023473],[-5.8538973,43.302352],[-5.8539075,43.3023561],[-5.8539513,43.3023764],[-5.8540159,43.302404],[-5.8540321,43.3024114],[-5.8540478,43.3024192],[-5.8540627,43.3024274],[-5.854089,43.3024443],[-5.8541083,43.3024567],[-5.8541233,43.3024647],[-5.8541385,43.3024719],[-5.8541807,43.3024909],[-5.854192,43.3024952],[-5.8541997,43.3024975],[-5.8542221,43.3025033],[-5.8542399,43.3025075],[-5.8542489,43.3025107],[-5.854255,43.3025135],[-5.8542606,43.3025166],[-5.8542716,43.3025245],[-5.8542772,43.3025281],[-5.8542854,43.3025317],[-5.8542945,43.3025351],[-5.8543126,43.3025425],[-5.8543197,43.3025452],[-5.8543398,43.3025516],[-5.854374,43.3025637],[-5.8543829,43.3025664],[-5.8543919,43.3025687],[-5.8544,43.3025702],[-5.8544206,43.3025733],[-5.8544329,43.3025749],[-5.8544447,43.3025757],[-5.854475,43.3025758],[-5.8544865,43.3025753],[-5.8544969,43.3025736],[-5.8545195,43.302569],[-5.8545327,43.3025676],[-5.8545464,43.3025671],[-5.8545595,43.3025674],[-5.8545722,43.3025686],[-5.8545831,43.3025707],[-5.8545931,43.3025738],[-5.8546016,43.3025779],[-5.8546095,43.3025843],[-5.8546154,43.3025915],[-5.8546193,43.3025979],[-5.8546221,43.3026041],[-5.8546253,43.302616],[-5.8546274,43.3026211],[-5.8546324,43.3026267],[-5.8546395,43.3026305],[-5.8546484,43.3026318],[-5.8546557,43.3026307],[-5.8546636,43.3026281],[-5.8546741,43.3026233],[-5.854685,43.3026171],[-5.854696,43.3026099],[-5.8547265,43.3025869],[-5.8547349,43.302581],[-5.8547766,43.3025555],[-5.8547852,43.3025509],[-5.8547929,43.3025476],[-5.8547999,43.3025457],[-5.8548045,43.3025451],[-5.8548126,43.302545],[-5.8548154,43.3025454],[-5.8548227,43.3025481],[-5.8548265,43.3025488],[-5.8548315,43.3025489],[-5.8548379,43.3025482],[-5.8548645,43.3025431],[-5.8548749,43.3025417],[-5.854885,43.302541],[-5.8548943,43.3025415],[-5.8549039,43.3025441],[-5.8549107,43.3025479],[-5.8549191,43.3025568],[-5.854924,43.3025596],[-5.8549302,43.302562],[-5.8549374,43.3025636],[-5.8549563,43.3025653],[-5.8549643,43.3025668],[-5.8549727,43.3025691],[-5.8549854,43.3025742],[-5.8550071,43.3025847],[-5.8550186,43.3025908],[-5.8550288,43.3025975],[-5.8550376,43.3026058],[-5.8550436,43.3026144],[-5.8550467,43.3026224],[-5.8550477,43.3026372],[-5.8550489,43.3026414],[-5.8550514,43.3026458],[-5.8550575,43.3026526],[-5.855066,43.3026596],[-5.8550762,43.3026665],[-5.8550878,43.3026734],[-5.8550962,43.3026781],[-5.855105,43.3026825],[-5.8551381,43.3026973],[-5.8551525,43.3027051],[-5.8551628,43.3027114],[-5.8551846,43.3027263],[-5.855195,43.3027321],[-5.8552016,43.3027346],[-5.8552096,43.3027361],[-5.8552213,43.3027356],[-5.8552333,43.3027323],[-5.8552452,43.3027267],[-5.8552535,43.3027217],[-5.855265,43.3027137],[-5.8552974,43.3026894],[-5.8553115,43.3026799],[-5.8553266,43.302671],[-5.8553481,43.3026597],[-5.8553582,43.3026548],[-5.855376,43.302647],[-5.8553946,43.3026403],[-5.8554111,43.3026355],[-5.8554551,43.302624],[-5.855466,43.3026206],[-5.8554771,43.3026167],[-5.8554879,43.3026125],[-5.8555022,43.302606],[-5.8555155,43.302599],[-5.8555276,43.3025913],[-5.85556,43.302568],[-5.8555696,43.3025619],[-5.8555785,43.3025575],[-5.8555866,43.3025556],[-5.8555933,43.3025565],[-5.8555991,43.3025595],[-5.8556039,43.3025637],[-5.8556076,43.3025687],[-5.8556136,43.3025793],[-5.8556193,43.3025849],[-5.8556264,43.3025894],[-5.855634,43.302592],[-5.8556385,43.3025923],[-5.8556425,43.3025918],[-5.8556542,43.302587],[-5.8556591,43.3025863],[-5.8556646,43.302587],[-5.85567,43.3025895],[-5.8556757,43.3025934],[-5.8556888,43.302605],[-5.8556958,43.3026123],[-5.8557139,43.3026349],[-5.8557216,43.3026433],[-5.8557268,43.3026481],[-5.8557409,43.3026587],[-5.8557461,43.302663],[-5.8557662,43.302682],[-5.8557743,43.3026887],[-5.855783,43.3026949],[-5.8557918,43.3027007],[-5.8557988,43.3027049],[-5.8558058,43.3027086],[-5.8558134,43.3027115],[-5.8558207,43.3027131],[-5.8558269,43.3027131],[-5.8558325,43.3027118],[-5.8558386,43.3027087],[-5.8558441,43.3027043],[-5.8558592,43.3026904],[-5.8558671,43.3026853],[-5.8558723,43.3026837],[-5.8558774,43.3026836],[-5.855884,43.3026863],[-5.8558889,43.3026919],[-5.855892,43.3027001],[-5.8558953,43.3027197],[-5.855898,43.3027296],[-5.8559012,43.3027361],[-5.8559082,43.3027484],[-5.8559158,43.3027667],[-5.8559188,43.3027715],[-5.8559225,43.3027748],[-5.855927,43.3027764],[-5.8559318,43.3027766],[-5.8559363,43.3027756],[-5.8559395,43.3027742],[-5.8559418,43.302772],[-5.8559433,43.3027691],[-5.8559445,43.302764],[-5.855945,43.3027561],[-5.8559455,43.3027538],[-5.8559473,43.3027495],[-5.85595,43.3027454],[-5.8559555,43.3027407],[-5.8559635,43.3027374],[-5.855973,43.302735],[-5.8559832,43.3027339],[-5.8559923,43.302734],[-5.856016,43.3027365],[-5.8560351,43.3027395],[-5.8560493,43.3027428],[-5.8560625,43.302747],[-5.8560738,43.3027526],[-5.8560814,43.3027594],[-5.8560835,43.3027638],[-5.856084,43.3027685],[-5.8560823,43.302775],[-5.8560789,43.302782],[-5.8560718,43.3027946],[-5.8560585,43.3028171],[-5.8560525,43.3028262],[-5.8560462,43.3028343],[-5.8560311,43.3028518],[-5.856022,43.3028605],[-5.8560121,43.3028672],[-5.8559932,43.3028782],[-5.8559879,43.3028825],[-5.8559852,43.3028858],[-5.8559842,43.3028897],[-5.8559858,43.3028933],[-5.8559931,43.3028974],[-5.8560046,43.3029007],[-5.8560434,43.3029096],[-5.8560548,43.3029131],[-5.8560632,43.302917],[-5.8560672,43.3029207],[-5.8560677,43.3029241],[-5.8560648,43.3029268],[-5.856059,43.302929],[-5.8560514,43.3029309],[-5.8560391,43.3029331],[-5.8560258,43.3029342],[-5.8560168,43.302934],[-5.8559908,43.3029324],[-5.8559586,43.3029319],[-5.8559411,43.3029306],[-5.8559111,43.3029272],[-5.8558994,43.3029252],[-5.8558904,43.3029231],[-5.855882,43.3029207],[-5.8558713,43.3029168],[-5.8558533,43.3029076],[-5.8558478,43.3029062],[-5.8558424,43.302906],[-5.8558377,43.3029072],[-5.8558344,43.30291],[-5.8558328,43.3029141],[-5.8558334,43.302919],[-5.8558374,43.3029258],[-5.8558505,43.3029412],[-5.8558583,43.3029494],[-5.8558673,43.3029577],[-5.8558773,43.3029653],[-5.8559,43.3029805],[-5.8559216,43.302994],[-5.8559786,43.3030259],[-5.8559932,43.303035],[-5.8560066,43.3030444],[-5.8560272,43.3030612],[-5.8560378,43.3030691],[-5.8560458,43.3030741],[-5.8560544,43.3030786],[-5.856065,43.3030833],[-5.856076,43.3030876],[-5.8560926,43.3030935],[-5.8561095,43.3030988],[-5.856125,43.3031028],[-5.8561402,43.3031061],[-5.8561508,43.3031079],[-5.8561613,43.303109],[-5.8561755,43.3031091],[-5.8561858,43.3031081],[-5.856196,43.3031066],[-5.8562301,43.3031008],[-5.8562439,43.3030997],[-5.8562558,43.3031006],[-5.8562655,43.3031039],[-5.8562819,43.3031125],[-5.856288,43.3031154],[-5.8562944,43.3031179],[-5.8563042,43.3031205],[-5.8563137,43.3031216],[-5.8563354,43.3031209],[-5.8563421,43.3031216],[-5.8563479,43.3031232],[-5.8563532,43.3031271],[-5.8563551,43.3031323],[-5.8563538,43.3031366],[-5.8563438,43.3031533],[-5.8563409,43.3031602],[-5.8563391,43.3031677],[-5.8563383,43.3031755],[-5.8563385,43.3031851],[-5.8563404,43.3031964],[-5.8563431,43.3032073],[-5.8563455,43.3032156],[-5.8563493,43.3032243],[-5.8563546,43.3032317],[-5.8563679,43.303247],[-5.856374,43.3032552],[-5.8563827,43.3032688],[-5.8563904,43.3032786],[-5.8563921,43.3032816],[-5.8563934,43.3032847],[-5.8563946,43.3032893],[-5.8563954,43.3032974],[-5.8563973,43.3032997],[-5.8564,43.3033006],[-5.8564037,43.3033011],[-5.856409,43.3033011],[-5.8564151,43.3033001],[-5.8564387,43.3032944],[-5.8564529,43.3032929],[-5.8564691,43.303293],[-5.8564864,43.3032946],[-5.8565387,43.3033007],[-5.8565538,43.303302],[-5.8566007,43.3033046],[-5.8566116,43.303304],[-5.8566184,43.3033026],[-5.8566248,43.3033005],[-5.8566347,43.3032958],[-5.856647,43.3032876],[-5.8566531,43.3032846],[-5.8566611,43.3032829],[-5.8566696,43.3032828],[-5.8566748,43.3032837],[-5.8566796,43.3032852],[-5.8566862,43.3032894],[-5.8566907,43.3032951],[-5.8566926,43.3033004],[-5.8566958,43.3033127],[-5.8566984,43.3033186],[-5.8567019,43.303325],[-5.856709,43.3033354],[-5.856718,43.3033458],[-5.8567291,43.3033558],[-5.8567391,43.3033628],[-5.8567501,43.3033692],[-5.8567619,43.303375],[-5.8568477,43.3034109],[-5.8568676,43.3034203],[-5.8568945,43.3034317],[-5.8569045,43.3034362],[-5.8569172,43.303443],[-5.8569296,43.3034507],[-5.8569411,43.3034591],[-5.8569514,43.3034682],[-5.8569582,43.3034759],[-5.8569588,43.3034761],[-5.8569595,43.3034767],[-5.8569593,43.3034771],[-5.8569599,43.3034778],[-5.8569665,43.3034881],[-5.8569714,43.3034984],[-5.8569743,43.3035059],[-5.8569762,43.3035132],[-5.8569767,43.3035198],[-5.8569764,43.303526],[-5.8569754,43.303534],[-5.8569711,43.3035473],[-5.8569707,43.3035498],[-5.8569709,43.3035539],[-5.8569728,43.3035575],[-5.8569764,43.3035608],[-5.8569824,43.3035646],[-5.8569899,43.3035685],[-5.8570223,43.3035825],[-5.8570318,43.3035857],[-5.8570447,43.3035881],[-5.8570584,43.3035891],[-5.8570843,43.3035893],[-5.857097,43.3035905],[-5.8571091,43.3035934],[-5.8571495,43.303607],[-5.8571655,43.3036116],[-5.8571913,43.3036184],[-5.8572031,43.3036219],[-5.8572135,43.303626],[-5.857224,43.3036321],[-5.8572314,43.3036385],[-5.8572356,43.3036444],[-5.8572365,43.3036474],[-5.8572361,43.3036539],[-5.8572366,43.3036555],[-5.8572391,43.3036592],[-5.8572429,43.3036624],[-5.8572463,43.3036648],[-5.8572504,43.3036671],[-5.8572595,43.3036712],[-5.8572697,43.303674],[-5.8572757,43.3036746],[-5.8572818,43.3036747],[-5.8572964,43.303674],[-5.8573018,43.3036734],[-5.8573068,43.3036724],[-5.8573123,43.3036701],[-5.857317,43.303667],[-5.8573202,43.3036638],[-5.8573318,43.3036503],[-5.8573378,43.3036447],[-5.8573463,43.3036387],[-5.8573559,43.3036332],[-5.8573758,43.3036233],[-5.857397,43.303614],[-5.8574042,43.3036113],[-5.8574121,43.3036092],[-5.8574236,43.3036077],[-5.857436,43.3036072],[-5.8574488,43.3036076],[-5.8574616,43.3036084],[-5.8574749,43.3036096],[-5.8574868,43.3036118],[-5.8574965,43.3036155],[-5.8575027,43.3036205],[-5.8575065,43.3036263],[-5.857509,43.303633],[-5.8575107,43.3036396],[-5.8575118,43.3036463],[-5.8575122,43.3036517],[-5.8575121,43.3036578],[-5.857511,43.3036634],[-5.8575073,43.3036703],[-5.8574941,43.3036852],[-5.857489,43.3036931],[-5.8574861,43.3036987],[-5.8574819,43.3037094],[-5.8574793,43.3037205],[-5.857479,43.3037304],[-5.8574799,43.30374],[-5.8574818,43.3037537],[-5.8574828,43.3037592],[-5.8574845,43.3037642],[-5.8574891,43.3037708],[-5.8574959,43.3037766],[-5.8575044,43.3037807],[-5.8575114,43.3037824],[-5.8575187,43.3037831],[-5.8575253,43.3037831],[-5.8575319,43.3037823],[-5.8575379,43.3037805],[-5.8575435,43.3037779],[-5.8575487,43.3037747],[-5.857553,43.3037709],[-5.8575565,43.303766],[-5.8575622,43.3037553],[-5.8575662,43.3037497],[-5.8575716,43.3037448],[-5.8575795,43.3037404],[-5.8575886,43.3037369],[-5.8575971,43.303734],[-5.8576057,43.3037318],[-5.8576112,43.3037309],[-5.8576165,43.3037306],[-5.8576233,43.3037312],[-5.857628,43.3037331],[-5.857631,43.3037363],[-5.8576323,43.3037416],[-5.8576307,43.3037635],[-5.8576313,43.3037723],[-5.8576326,43.3037792],[-5.8576346,43.3037862],[-5.8576439,43.3038147],[-5.8576467,43.3038284],[-5.8576469,43.3038427],[-5.8576446,43.3038575],[-5.8576404,43.3038723],[-5.8576346,43.303887],[-5.8576273,43.3039013],[-5.8576187,43.3039148],[-5.8576087,43.3039272],[-5.8575971,43.3039382],[-5.857588,43.3039447],[-5.8575784,43.3039504],[-5.8575686,43.3039554],[-5.8575562,43.3039612],[-5.8575445,43.3039677],[-5.8575347,43.3039752],[-5.8575258,43.3039842],[-5.8575176,43.3039942],[-5.8575106,43.3040043],[-5.8575042,43.3040147],[-5.8574987,43.3040255],[-5.8574942,43.3040363],[-5.857488,43.3040557],[-5.8574863,43.3040642],[-5.8574863,43.304078],[-5.8574897,43.3040913],[-5.8574928,43.3040976],[-5.8575012,43.3041083],[-5.8575131,43.3041173],[-5.8575278,43.3041248],[-5.8575446,43.3041313],[-5.8575627,43.3041369],[-5.8575776,43.3041406],[-5.8575913,43.3041434],[-5.8576053,43.3041458],[-5.8576249,43.3041485],[-5.8576445,43.3041508],[-5.8576635,43.3041527],[-5.8576815,43.3041541],[-5.8576961,43.3041549],[-5.8577197,43.3041558],[-5.8577287,43.3041553],[-5.8577364,43.3041535],[-5.857744,43.3041488],[-5.8577505,43.3041422],[-5.8577632,43.3041261],[-5.8577702,43.3041187],[-5.8577778,43.304112],[-5.8577859,43.3041065],[-5.8577942,43.3041028],[-5.8577997,43.3041015],[-5.857805,43.3041014],[-5.8578138,43.3041043],[-5.8578213,43.3041104],[-5.8578268,43.3041191],[-5.8578304,43.30413],[-5.8578343,43.3041473],[-5.8578374,43.3041589],[-5.857931,43.3042314],[-5.8579371,43.3042268],[-5.857943,43.3042239],[-5.8579499,43.3042238],[-5.8579556,43.3042267],[-5.8579584,43.3042323],[-5.8579574,43.3042398],[-5.8579537,43.304249],[-5.857944,43.30427],[-5.85794,43.3042814],[-5.8579379,43.304293],[-5.8579389,43.3043044],[-5.8579445,43.3043165],[-5.8579542,43.3043281],[-5.8579667,43.304339],[-5.8579812,43.3043492],[-5.8579971,43.3043583],[-5.8580137,43.3043662],[-5.8580306,43.3043725],[-5.8580475,43.3043767],[-5.8580637,43.3043785],[-5.8580795,43.3043794],[-5.8580947,43.3043813],[-5.8581039,43.3043836],[-5.8581121,43.3043868],[-5.8581204,43.3043908],[-5.8581339,43.3043984],[-5.8581477,43.3044071],[-5.8581614,43.3044166],[-5.8581777,43.3044287],[-5.858193,43.3044391],[-5.8582094,43.3044491],[-5.8582266,43.3044585],[-5.8582528,43.3044712],[-5.8582965,43.3044931],[-5.8583149,43.3045016],[-5.8583334,43.3045089],[-5.8583519,43.3045142],[-5.8583704,43.3045167],[-5.858387,43.3045162],[-5.8584037,43.3045135],[-5.8584205,43.3045095],[-5.8584546,43.3045007],[-5.858472,43.3044972],[-5.8584832,43.3044956],[-5.8585244,43.3044912],[-5.8585389,43.3044888],[-5.8585526,43.3044852],[-5.8585673,43.3044788],[-5.8585806,43.3044705],[-5.8585924,43.3044605],[-5.8586021,43.3044499],[-5.8586119,43.3044376],[-5.8586207,43.3044245],[-5.8586257,43.3044161],[-5.8586302,43.3044075],[-5.8586357,43.3043952],[-5.8586399,43.304383],[-5.8586426,43.304371],[-5.8586435,43.3043578],[-5.8586424,43.3043455],[-5.8586396,43.3043344],[-5.8586316,43.3043169],[-5.8586299,43.3043105],[-5.8586319,43.3043058],[-5.8586381,43.3043032],[-5.8586473,43.3043025],[-5.8586582,43.3043029],[-5.8586772,43.3043042],[-5.8586853,43.3043041],[-5.858693,43.3043032],[-5.8586998,43.3043013],[-5.8587069,43.3042971],[-5.8587324,43.3042764],[-5.858741,43.3042701],[-5.8587503,43.304264],[-5.8587612,43.3042579],[-5.8587691,43.304254],[-5.8587771,43.3042508],[-5.8587848,43.3042484],[-5.858794,43.3042466],[-5.858803,43.3042458],[-5.8588143,43.3042464],[-5.8588415,43.3042504],[-5.8588582,43.304252],[-5.8588992,43.3042533],[-5.8589307,43.3042553],[-5.8589496,43.3042572],[-5.8589683,43.3042598],[-5.8590112,43.3042679],[-5.8590266,43.3042702],[-5.8590415,43.3042715],[-5.8590517,43.3042715],[-5.8590615,43.3042706],[-5.8590764,43.3042663],[-5.8590898,43.3042592],[-5.8591013,43.3042506],[-5.8591108,43.3042421],[-5.8591196,43.3042326],[-5.8591263,43.3042233],[-5.8591324,43.3042133],[-5.8591426,43.3041944],[-5.8591649,43.3041474],[-5.8591754,43.3041267],[-5.859183,43.3041128],[-5.8591891,43.3041032],[-5.8591982,43.3040911],[-5.8592044,43.3040849],[-5.8592102,43.3040807],[-5.8592155,43.3040794],[-5.8592211,43.3040821],[-5.8592261,43.3040885],[-5.8592315,43.3040972],[-5.8592381,43.3041066],[-5.8592448,43.3041141],[-5.8592544,43.3041222],[-5.8592608,43.3041259],[-5.8592741,43.3041302],[-5.8592892,43.304132],[-5.8593024,43.3041318],[-5.8593189,43.3041304],[-5.8593383,43.3041277],[-5.859355,43.3041257],[-5.8593657,43.3041248],[-5.859376,43.3041246],[-5.8593867,43.3041254],[-5.8594082,43.3041283],[-5.8594215,43.3041294],[-5.859435,43.30413],[-5.8594481,43.3041301],[-5.8594687,43.3041294],[-5.8594763,43.3041284],[-5.8594946,43.3041249],[-5.8595127,43.3041224],[-5.8595224,43.3041206],[-5.8595343,43.3041175],[-5.8595559,43.3041108],[-5.8595683,43.3041075],[-5.8595816,43.3041048],[-5.8595922,43.3041034],[-5.8596102,43.3041015],[-5.859629,43.3041004],[-5.8596807,43.304099],[-5.8597707,43.304098],[-5.8598333,43.3040969],[-5.8598489,43.3040958],[-5.8598662,43.3040941],[-5.8599137,43.304089],[-5.8599255,43.3040875],[-5.8599582,43.3040818],[-5.8599986,43.3040755],[-5.8600679,43.3040642],[-5.8600787,43.3040623],[-5.8600887,43.3040601],[-5.8601127,43.3040539],[-5.8601303,43.3040499],[-5.8601589,43.3040438],[-5.8601735,43.3040404],[-5.8601837,43.3040377],[-5.8602149,43.3040286],[-5.8602276,43.3040242],[-5.8602372,43.3040193],[-5.8602424,43.3040139],[-5.8602432,43.3040081],[-5.8602392,43.3040023],[-5.8602313,43.303997],[-5.8602206,43.3039923],[-5.8601897,43.3039829],[-5.8601805,43.3039796],[-5.860172,43.3039759],[-5.8601645,43.3039716],[-5.8601581,43.3039663],[-5.8601528,43.3039593],[-5.8601488,43.3039513],[-5.8601458,43.3039423],[-5.8601428,43.3039289],[-5.8601416,43.3039146],[-5.8601423,43.3039041],[-5.8601438,43.3038933],[-5.8601455,43.3038846],[-5.8601489,43.3038713],[-5.8601577,43.3038442],[-5.860175,43.3037957],[-5.8601834,43.3037754],[-5.8601958,43.3037484],[-5.8602097,43.3037216],[-5.8602236,43.3036968],[-5.8602311,43.3036853],[-5.8602393,43.3036745],[-5.860245,43.303668],[-5.8602603,43.3036523],[-5.8602697,43.3036432],[-5.8602784,43.3036358],[-5.8602878,43.3036286],[-5.8602974,43.3036225],[-5.8603062,43.3036181],[-5.8603147,43.3036149],[-5.8603296,43.30361],[-5.860336,43.3036068],[-5.8603434,43.3036002],[-5.8603494,43.3035915],[-5.8603537,43.3035815],[-5.8603567,43.3035706],[-5.8603588,43.3035556],[-5.8603589,43.3035472],[-5.8603577,43.303539],[-5.8603542,43.3035298],[-5.8603489,43.3035214],[-5.8603423,43.3035141],[-5.8603289,43.3035033],[-5.8603192,43.3034947],[-5.8603107,43.3034848],[-5.8603048,43.3034737],[-5.8603026,43.3034624],[-5.8603022,43.3034499],[-5.8603021,43.3033292],[-5.8603014,43.303305],[-5.8603007,43.303301],[-5.8602974,43.3032967],[-5.8602925,43.3032947],[-5.8602858,43.3032941],[-5.8602773,43.3032948],[-5.8602673,43.3032965],[-5.8602566,43.3032989],[-5.8602256,43.3033072],[-5.8602065,43.3033103],[-5.8601977,43.303312],[-5.8601897,43.303315],[-5.8601814,43.3033211],[-5.8601737,43.3033295],[-5.8601611,43.3033453],[-5.860154,43.3033534],[-5.8601503,43.3033563],[-5.8601439,43.3033583],[-5.8601373,43.3033573],[-5.8601325,43.3033541],[-5.860128,43.3033491],[-5.8601178,43.3033357],[-5.8601096,43.3033259],[-5.8601052,43.3033215],[-5.8600992,43.3033174],[-5.8600925,43.3033149],[-5.8600817,43.3033146],[-5.8600694,43.3033171],[-5.8600573,43.3033211],[-5.8600439,43.3033276],[-5.8600344,43.3033341],[-5.8600258,43.3033416],[-5.8600193,43.3033486],[-5.8600073,43.3033632],[-5.8599959,43.3033782],[-5.8599867,43.3033922],[-5.8599836,43.3033973],[-5.8599786,43.3034073],[-5.8599767,43.3034096],[-5.8599736,43.3034113],[-5.8599696,43.3034121],[-5.8599644,43.3034119],[-5.859959,43.3034106],[-5.8599539,43.3034081],[-5.8599496,43.3034047],[-5.8599461,43.3034008],[-5.8599406,43.3033938],[-5.8599369,43.303391],[-5.85993,43.3033884],[-5.8599214,43.3033868],[-5.8599068,43.3033847],[-5.8598993,43.3033827],[-5.8598886,43.3033779],[-5.8598598,43.3033603],[-5.859853,43.3033566],[-5.8598403,43.3033506],[-5.8598282,43.3033442],[-5.8598189,43.3033373],[-5.8598004,43.3033214],[-5.8597889,43.3033131],[-5.8597565,43.3032924],[-5.8597285,43.3032721],[-5.8597212,43.3032662],[-5.8597148,43.3032595],[-5.8597104,43.3032521],[-5.8597087,43.303245],[-5.8597083,43.3032373],[-5.8597097,43.3032145],[-5.8597118,43.3031963],[-5.8597144,43.3031815],[-5.8597163,43.3031734],[-5.8597187,43.3031655],[-5.8597233,43.3031543],[-5.8597326,43.3031349],[-5.859741,43.3031144],[-5.8597452,43.3031075],[-5.8597508,43.3031013],[-5.8597601,43.3030943],[-5.8597691,43.3030889],[-5.8597786,43.303084],[-5.8597853,43.3030809],[-5.8597923,43.3030782],[-5.8598064,43.3030749],[-5.8598217,43.3030731],[-5.8598373,43.3030726],[-5.8598521,43.3030732],[-5.8598649,43.3030749],[-5.8598746,43.3030777],[-5.8598793,43.3030805],[-5.8598821,43.3030833],[-5.859885,43.3030876],[-5.8598882,43.3030903],[-5.8598933,43.3030923],[-5.8598999,43.3030931],[-5.8599082,43.3030926],[-5.8599162,43.3030914],[-5.8599223,43.3030902],[-5.8599283,43.3030882],[-5.8599356,43.3030843],[-5.8599428,43.3030796],[-5.8599506,43.3030751],[-5.8599607,43.3030711],[-5.8599671,43.3030695],[-5.8599816,43.3030671],[-5.8600321,43.3030595],[-5.8600801,43.3030535],[-5.860092,43.3030523],[-5.8601024,43.303052],[-5.8601112,43.3030534],[-5.8601199,43.3030584],[-5.860127,43.303066],[-5.8601337,43.3030747],[-5.8601409,43.3030834],[-5.8601499,43.3030906],[-5.8601591,43.3030947],[-5.8601694,43.3030969],[-5.8601802,43.3030972],[-5.8601907,43.3030955],[-5.8601998,43.303092],[-5.8602081,43.3030871],[-5.8602156,43.3030815],[-5.8602238,43.3030741],[-5.86023,43.3030657],[-5.8602356,43.3030573],[-5.8602423,43.3030497],[-5.8602506,43.303044],[-5.8602577,43.3030416],[-5.8602656,43.3030403],[-5.8602737,43.3030399],[-5.8602799,43.3030399],[-5.8602858,43.3030402],[-5.860292,43.303041],[-5.8602972,43.3030423],[-5.8603028,43.3030449],[-5.8603043,43.3030465],[-5.860305,43.303048],[-5.8603039,43.3030524],[-5.8603042,43.3030545],[-5.8603067,43.3030568],[-5.8603114,43.3030587],[-5.8603195,43.3030597],[-5.8603296,43.3030596],[-5.8603525,43.3030578],[-5.8603718,43.3030546],[-5.8603816,43.303052],[-5.8603914,43.303048],[-5.8603998,43.3030433],[-5.8604066,43.3030385],[-5.86041,43.3030348],[-5.8604116,43.3030307],[-5.8604115,43.303027],[-5.8606337,43.3030397],[-5.8608302,43.3030618],[-5.8611589,43.303087],[-5.8616518,43.3031222],[-5.8617815,43.3031833],[-5.8619567,43.3032033],[-5.8620897,43.3032219],[-5.8620982,43.3033657],[-5.8620798,43.3034999],[-5.8620408,43.3035677],[-5.8619584,43.3036508],[-5.8617587,43.3038603],[-5.861736,43.3041283],[-5.8616938,43.3043905],[-5.8616821,43.3045168],[-5.8616914,43.3045281],[-5.8616761,43.3048384],[-5.8616439,43.3053163],[-5.8619897,43.3053295],[-5.8619827,43.3053696],[-5.8619115,43.3055398],[-5.8617007,43.3059631],[-5.8616768,43.3060164],[-5.8622485,43.3061924],[-5.8626987,43.306329],[-5.8629839,43.3064029],[-5.8633121,43.3064911],[-5.8636233,43.3065553],[-5.8642398,43.3066338],[-5.864783,43.3066896],[-5.8650538,43.3067188],[-5.8658207,43.3067742],[-5.8657613,43.3065969],[-5.8657072,43.3064568],[-5.8656758,43.306239],[-5.8656427,43.3060212],[-5.8657177,43.3058952],[-5.8657203,43.3058911],[-5.865722,43.3059054],[-5.8657327,43.3059498],[-5.8657373,43.3059658],[-5.8657404,43.3059735],[-5.8657439,43.3059809],[-5.8657476,43.3059873],[-5.8657516,43.3059933],[-5.8657564,43.3059991],[-5.8657618,43.3060043],[-5.8657708,43.3060106],[-5.8657806,43.3060161],[-5.8658033,43.3060276],[-5.8658141,43.3060345],[-5.865822,43.3060423],[-5.8658263,43.3060518],[-5.8658282,43.3060627],[-5.8658308,43.3060856],[-5.8658325,43.3060948],[-5.8658351,43.306104],[-5.8658386,43.3061132],[-5.8658522,43.3061404],[-5.865856,43.3061501],[-5.8658637,43.3061734],[-5.8658674,43.3061868],[-5.8658695,43.3062005],[-5.8658695,43.3062103],[-5.8658677,43.3062304],[-5.8658666,43.3062467],[-5.8658664,43.3062729],[-5.8658669,43.3062871],[-5.8658678,43.3063017],[-5.8658691,43.3063158],[-5.8658711,43.3063293],[-5.8658736,43.3063416],[-5.8658752,43.3063536],[-5.8658751,43.3063635],[-5.8658713,43.3063951],[-5.8658711,43.3064033],[-5.8658715,43.3064119],[-5.8658725,43.3064236],[-5.8658741,43.3064355],[-5.8658756,43.3064436],[-5.8658787,43.3064568],[-5.8658829,43.3064699],[-5.8658881,43.3064828],[-5.8658944,43.3064953],[-5.8659021,43.3065072],[-5.865912,43.3065193],[-5.8659337,43.3065421],[-5.865944,43.3065534],[-5.8659534,43.3065661],[-5.8659605,43.306579],[-5.8659642,43.3065884],[-5.8659759,43.3066278],[-5.8659785,43.306639],[-5.8659822,43.3066498],[-5.8659872,43.3066578],[-5.8659919,43.3066635],[-5.8659975,43.3066692],[-5.8660038,43.3066748],[-5.8660107,43.3066803],[-5.8660186,43.306686],[-5.8660272,43.3066914],[-5.8660357,43.3066961],[-5.8660506,43.3067036],[-5.8661139,43.3067327],[-5.8661391,43.3067438],[-5.8661554,43.3067506],[-5.8661699,43.3067558],[-5.8661995,43.3067657],[-5.8662095,43.3067694],[-5.866224,43.3067754],[-5.8663353,43.3068235],[-5.8663525,43.3068313],[-5.8663692,43.3068394],[-5.8664036,43.3068573],[-5.8664212,43.3068651],[-5.8664352,43.30687],[-5.8664499,43.3068738],[-5.866465,43.3068767],[-5.8664793,43.3068785],[-5.8664939,43.3068796],[-5.8665162,43.3068801],[-5.8665538,43.306879],[-5.8665725,43.3068782],[-5.8665913,43.3068769],[-5.8666067,43.3068753],[-5.8666224,43.3068732],[-5.866668,43.3068662],[-5.8666824,43.3068644],[-5.8667027,43.3068626],[-5.8667147,43.306862],[-5.8667834,43.3068599],[-5.8668379,43.3068572],[-5.8668847,43.3068538],[-5.8669404,43.3068483],[-5.8670261,43.3068403],[-5.8670434,43.3068391],[-5.8670783,43.3068375],[-5.8671187,43.306837],[-5.8672256,43.3068391],[-5.8672618,43.3068403],[-5.8672798,43.3068412],[-5.8673032,43.3068428],[-5.8673367,43.3068458],[-5.8674233,43.3068545],[-5.8674467,43.3068564],[-5.8674683,43.3068576],[-5.8675378,43.3068603],[-5.8675905,43.3068647],[-5.8676601,43.3068693],[-5.8676905,43.3068723],[-5.8677274,43.3068771],[-5.8677526,43.3068813],[-5.8677843,43.3068872],[-5.8678132,43.3068934],[-5.8678481,43.3069016],[-5.8678821,43.3069108],[-5.8679292,43.306925],[-5.8679472,43.3069301],[-5.8679626,43.3069339],[-5.8680078,43.3069443],[-5.8680248,43.3069486],[-5.8680418,43.3069533],[-5.8680754,43.3069633],[-5.8681138,43.3069756],[-5.8681565,43.3069903],[-5.8681716,43.3069951],[-5.8682146,43.3070073],[-5.8682647,43.307021],[-5.8682832,43.3070264],[-5.8683011,43.3070325],[-5.8683429,43.307049],[-5.868367,43.3070582],[-5.8683798,43.3070628],[-5.8684001,43.3070691],[-5.8684209,43.307075],[-5.8684838,43.3070918],[-5.8685041,43.307098],[-5.8685551,43.307116],[-5.8685722,43.3071215],[-5.8686258,43.3071359],[-5.8686442,43.3071417],[-5.8686577,43.3071467],[-5.8686842,43.3071574],[-5.8687004,43.3071632],[-5.8687329,43.3071737],[-5.868746,43.3071776],[-5.8687592,43.3071809],[-5.8687701,43.307183],[-5.8688087,43.307189],[-5.8688224,43.3071919],[-5.8688371,43.3071961],[-5.8688517,43.3072011],[-5.8688811,43.3072128],[-5.8688959,43.3072193],[-5.8689106,43.3072262],[-5.868924,43.3072332],[-5.868942,43.3072434],[-5.8689594,43.3072541],[-5.8689922,43.3072751],[-5.8690114,43.3072865],[-5.8690211,43.3072919],[-5.8690407,43.3073022],[-5.8690613,43.3073124],[-5.869104,43.3073316],[-5.8691179,43.3073387],[-5.8691306,43.3073465],[-5.8691426,43.307355],[-5.8691667,43.3073727],[-5.8691784,43.3073808],[-5.8691906,43.3073886],[-5.8692467,43.3074215],[-5.8693068,43.3074592],[-5.8693207,43.307469],[-5.8693301,43.3074768],[-5.8693383,43.3074851],[-5.8693452,43.3074937],[-5.8693522,43.3075054],[-5.8693636,43.3075293],[-5.8693948,43.3075871],[-5.8694083,43.3076104],[-5.8694167,43.3076229],[-5.8694265,43.3076349],[-5.8694375,43.3076463],[-5.8694494,43.307657],[-5.869462,43.307667],[-5.8694868,43.3076855],[-5.8694985,43.3076963],[-5.8695086,43.3077081],[-5.8695171,43.3077204],[-5.8695212,43.3077278],[-5.8695245,43.3077354],[-5.8695267,43.3077431],[-5.8695283,43.3077511],[-5.8695304,43.3077661],[-5.8695334,43.3077945],[-5.8695359,43.3078081],[-5.8695393,43.3078214],[-5.8695468,43.3078453],[-5.869553,43.3078632],[-5.869556,43.3078701],[-5.8695658,43.3078902],[-5.8695698,43.3078999],[-5.8695728,43.30791],[-5.8695746,43.307922],[-5.8695758,43.307934],[-5.8695778,43.3079457],[-5.8695819,43.3079567],[-5.869589,43.3079667],[-5.8695985,43.307976],[-5.8696291,43.3080016],[-5.8696467,43.3080184],[-5.8696637,43.3080321],[-5.8696756,43.3080422],[-5.8696877,43.3080533],[-5.8697117,43.308077],[-5.869758,43.308126],[-5.8697868,43.3081542],[-5.8697948,43.3081625],[-5.8698013,43.3081708],[-5.8698055,43.3081787],[-5.8698086,43.3081867],[-5.8698139,43.308203],[-5.8698167,43.3082093],[-5.8698206,43.308215],[-5.8698257,43.3082205],[-5.8698328,43.3082269],[-5.8698453,43.308237],[-5.8698583,43.3082464],[-5.8698721,43.3082557],[-5.8699102,43.3082798],[-5.8699182,43.3082842],[-5.8699267,43.308288],[-5.8699362,43.3082912],[-5.8699486,43.3082948],[-5.8699623,43.308298],[-5.8699768,43.3083007],[-5.8699943,43.3083029],[-5.8700492,43.308308],[-5.8700671,43.3083105],[-5.8700842,43.3083142],[-5.8700977,43.3083185],[-5.8701745,43.3083479],[-5.8701942,43.3083561],[-5.8702036,43.3083605],[-5.8702124,43.3083653],[-5.8702248,43.3083746],[-5.8702353,43.3083856],[-5.8702438,43.3083977],[-5.8702503,43.3084106],[-5.8702546,43.3084238],[-5.8702565,43.3084371],[-5.870258,43.3084507],[-5.8702612,43.3084678],[-5.8702663,43.3084872],[-5.8702702,43.3084979],[-5.8702752,43.3085084],[-5.8702805,43.3085176],[-5.8702865,43.3085265],[-5.8702927,43.3085349],[-5.8703006,43.3085444],[-5.8703089,43.3085536],[-5.8703262,43.3085718],[-5.8703355,43.3085804],[-5.8703429,43.3085863],[-5.8703507,43.3085918],[-5.870359,43.3085971],[-5.8703666,43.3086012],[-5.8704013,43.3086182],[-5.8704126,43.308625],[-5.8704187,43.3086301],[-5.8704385,43.3086517],[-5.8704466,43.3086614],[-5.8704473,43.3086623],[-5.8704546,43.3086725],[-5.8704875,43.3087241],[-5.8705023,43.3087447],[-5.8705088,43.3087548],[-5.8705135,43.308765],[-5.8705157,43.3087748],[-5.8705163,43.3087848],[-5.8705157,43.3088161],[-5.8705165,43.3088253],[-5.8705187,43.3088339],[-5.8705241,43.3088433],[-5.8705306,43.3088498],[-5.8705386,43.3088545],[-5.8705459,43.3088568],[-5.8705538,43.308858],[-5.8705811,43.3088596],[-5.8705915,43.3088614],[-5.8706039,43.3088662],[-5.8706151,43.3088735],[-5.8706244,43.3088829],[-5.8706306,43.308893],[-5.8706351,43.3089042],[-5.8706382,43.3089159],[-5.8706401,43.308928],[-5.8706817,43.3090698],[-5.8706915,43.3090852],[-5.8706997,43.3091],[-5.8707065,43.3091146],[-5.8707111,43.3091291],[-5.870713,43.3091417],[-5.8707139,43.3091794],[-5.8707139,43.309192],[-5.8707123,43.3092042],[-5.8707081,43.3092157],[-5.8706991,43.3092276],[-5.8706864,43.3092388],[-5.8706709,43.3092494],[-5.8706535,43.3092595],[-5.8706347,43.3092694],[-5.8706149,43.3092791],[-5.8705945,43.3092886],[-5.8705526,43.3093075],[-5.8704459,43.3093547],[-5.8702757,43.3094307],[-5.8702334,43.3094486],[-5.8702125,43.3094569],[-5.8701917,43.3094644],[-5.8701713,43.3094709],[-5.8701512,43.3094759],[-5.8701318,43.3094788],[-5.8701133,43.3094789],[-5.8700985,43.3094762],[-5.8700848,43.3094713],[-5.8700726,43.3094645],[-5.8700606,43.3094548],[-5.8700389,43.3094337],[-5.8700275,43.3094246],[-5.8700156,43.3094173],[-5.8700064,43.3094132],[-5.8699978,43.3094107],[-5.8699913,43.30941],[-5.8699857,43.3094108],[-5.8699808,43.309413],[-5.8699733,43.3094189],[-5.8699652,43.3094264],[-5.8699566,43.3094354],[-5.8699476,43.3094465],[-5.8699393,43.3094588],[-5.8699364,43.3094641],[-5.8699324,43.3094717],[-5.8699283,43.3094821],[-5.8699264,43.30949],[-5.869925,43.3095016],[-5.8699255,43.3095131],[-5.8699281,43.3095268],[-5.8699318,43.3095407],[-5.8699349,43.3095547],[-5.8699399,43.3095799],[-5.8699416,43.3095909],[-5.8699425,43.309602],[-5.8699421,43.3096131],[-5.8699402,43.3096241],[-5.8699353,43.3096376],[-5.8699285,43.3096511],[-5.8699037,43.309694],[-5.8698924,43.3097153],[-5.8698748,43.3097561],[-5.8698618,43.3097897],[-5.8698569,43.3098003],[-5.8698523,43.309808],[-5.8698472,43.3098152],[-5.8698389,43.3098253],[-5.8698298,43.3098336],[-5.8698199,43.3098396],[-5.8698104,43.3098423],[-5.8698039,43.3098429],[-5.8697976,43.3098425],[-5.8697889,43.3098402],[-5.8697706,43.3098327],[-5.8697576,43.3098286],[-5.8697432,43.3098256],[-5.8697283,43.3098241],[-5.8697139,43.3098245],[-5.869701,43.3098275],[-5.86969,43.3098339],[-5.8696813,43.3098427],[-5.869675,43.3098532],[-5.8696709,43.3098644],[-5.8696693,43.3098757],[-5.8696698,43.3098838],[-5.8696723,43.3099015],[-5.8696787,43.3099333],[-5.8696806,43.30994],[-5.8696866,43.3099552],[-5.8696957,43.3099754],[-5.869701,43.3099854],[-5.869714,43.3100078],[-5.8697206,43.31002],[-5.8697255,43.3100314],[-5.8697286,43.3100427],[-5.8697296,43.3100546],[-5.8697283,43.310066],[-5.8697254,43.3100762],[-5.8697209,43.310085],[-5.8697153,43.3100916],[-5.8697085,43.3100954],[-5.8697028,43.310096],[-5.8696968,43.3100949],[-5.8696899,43.310092],[-5.8696842,43.3100885],[-5.8696439,43.3100612],[-5.8696244,43.3100458],[-5.8696139,43.310038],[-5.8695958,43.3100219],[-5.8695681,43.3099901],[-5.8695362,43.3099545],[-5.8695282,43.3099449],[-5.8695075,43.3099173],[-5.869477,43.3098726],[-5.8694717,43.3098663],[-5.8694497,43.3098437],[-5.8694419,43.3098347],[-5.8694246,43.3098106],[-5.8694155,43.3097993],[-5.869395,43.3097766],[-5.8693819,43.309764],[-5.8693706,43.3097519],[-5.8693528,43.3097358],[-5.8693461,43.3097288],[-5.8693395,43.3097208],[-5.8693338,43.3097124],[-5.8693214,43.309691],[-5.8693046,43.3096593],[-5.8692928,43.3096355],[-5.8692783,43.3096077],[-5.8692671,43.3095846],[-5.869262,43.3095722],[-5.8692528,43.3095477],[-5.8692478,43.3095359],[-5.8692423,43.3095248],[-5.8692221,43.3094883],[-5.8692174,43.3094816],[-5.8692026,43.3094637],[-5.8691951,43.3094538],[-5.8691651,43.309412],[-5.8691443,43.3093795],[-5.8691344,43.3093653],[-5.8691096,43.3093363],[-5.8691011,43.309325],[-5.8690935,43.3093134],[-5.8690858,43.3093001],[-5.86908,43.3092868],[-5.8690766,43.309274],[-5.869076,43.3092647],[-5.8690767,43.309256],[-5.8690784,43.3092479],[-5.8690822,43.309234],[-5.8690836,43.3092236],[-5.8690834,43.3092121],[-5.8690815,43.3091999],[-5.8690773,43.3091874],[-5.8690704,43.3091747],[-5.8690613,43.3091621],[-5.869052,43.3091508],[-5.8690427,43.3091402],[-5.8690327,43.3091297],[-5.8690221,43.3091195],[-5.8690108,43.3091095],[-5.868995,43.3090975],[-5.8689479,43.3090658],[-5.8689371,43.3090581],[-5.8689188,43.3090444],[-5.8689114,43.3090382],[-5.8689005,43.3090269],[-5.8688907,43.3090148],[-5.8688739,43.3089931],[-5.8688621,43.3089801],[-5.8688492,43.3089674],[-5.8688254,43.3089465],[-5.8687635,43.3088977],[-5.8687291,43.3088682],[-5.8687156,43.3088552],[-5.8686773,43.3088145],[-5.86866,43.3087968],[-5.8686367,43.3087737],[-5.868609,43.3087451],[-5.8685848,43.3087211],[-5.8685673,43.3087033],[-5.868549,43.3086835],[-5.8685194,43.30865],[-5.8684552,43.3085812],[-5.8684443,43.3085703],[-5.8684053,43.3085341],[-5.8683182,43.3084577],[-5.8683039,43.3084458],[-5.8682565,43.3084077],[-5.8682383,43.3083934],[-5.8682267,43.3083847],[-5.8682024,43.3083677],[-5.868163,43.3083419],[-5.8680961,43.3082942],[-5.8680803,43.3082834],[-5.8680641,43.308273],[-5.8680476,43.3082628],[-5.8680137,43.3082429],[-5.8679897,43.3082293],[-5.86797,43.3082187],[-5.8678916,43.3081788],[-5.8678464,43.3081547],[-5.8678311,43.308147],[-5.8678125,43.3081383],[-5.8677935,43.30813],[-5.8677588,43.3081153],[-5.867743,43.3081091],[-5.8677264,43.308103],[-5.8676926,43.3080917],[-5.8676462,43.3080769],[-5.8676272,43.3080716],[-5.8676079,43.3080666],[-5.8674503,43.3080284],[-5.867432,43.3080242],[-5.8674136,43.3080203],[-5.8673858,43.3080155],[-5.8672657,43.3079962],[-5.8668351,43.307784],[-5.8653971,43.3077292]],[[-5.8592521,43.3051557],[-5.8591531,43.3052835],[-5.8596872,43.3054791],[-5.8597584,43.3053269],[-5.8600405,43.3046775],[-5.8591466,43.304615],[-5.8590003,43.3050816],[-5.8592521,43.3051557]]],[[[-5.8569288,43.3055081],[-5.8569092,43.3055042],[-5.8568934,43.3055018],[-5.8568647,43.305498],[-5.8568489,43.305495],[-5.8568399,43.3054922],[-5.8568303,43.3054871],[-5.8568248,43.3054811],[-5.8568241,43.3054751],[-5.8568274,43.305471],[-5.8569169,43.3055001],[-5.8569288,43.3055081]]],[[[-5.8598546,43.3082755],[-5.8598758,43.3083121],[-5.8598218,43.3084349],[-5.8598754,43.3084571],[-5.8600236,43.3085486],[-5.8599958,43.3085438],[-5.8599792,43.3085407],[-5.8599628,43.3085371],[-5.8599467,43.3085327],[-5.8599279,43.3085257],[-5.8599098,43.3085174],[-5.8598922,43.308508],[-5.859875,43.3084978],[-5.8598581,43.308487],[-5.8598415,43.3084758],[-5.8598253,43.3084642],[-5.8598095,43.3084525],[-5.8597942,43.3084406],[-5.8597796,43.3084285],[-5.8597661,43.3084164],[-5.8597547,43.308405],[-5.8597447,43.3083937],[-5.8597365,43.3083824],[-5.8597305,43.3083712],[-5.8597276,43.3083625],[-5.8597256,43.3083539],[-5.859724,43.3083446],[-5.8597235,43.3083353],[-5.8597245,43.3083262],[-5.8597289,43.3083084],[-5.8597337,43.308295],[-5.8597506,43.3082572],[-5.8597541,43.3082505],[-5.8597755,43.3082138],[-5.8597804,43.3082041],[-5.8597814,43.3082018],[-5.8598123,43.3082331],[-5.8598546,43.3082755]]],[[[-5.8611204,43.3086493],[-5.8610707,43.3086661],[-5.8609996,43.3086635],[-5.8609063,43.3086627],[-5.8608751,43.3086619],[-5.8608561,43.308661],[-5.860834,43.3086594],[-5.860812,43.3086572],[-5.8607901,43.3086546],[-5.8607683,43.3086517],[-5.860672,43.308637],[-5.8606536,43.3086346],[-5.8606354,43.3086326],[-5.8606191,43.3086314],[-5.8605968,43.3086309],[-5.8605519,43.3086318],[-5.8605232,43.3086318],[-5.8604999,43.3086308],[-5.8604883,43.30863],[-5.8604705,43.3086281],[-5.8604176,43.3086214],[-5.8603685,43.3086169],[-5.8603526,43.3086148],[-5.860344,43.3086134],[-5.860682,43.3086279],[-5.8611204,43.3086493]]],[[[-5.8443732,43.3010375],[-5.8443782,43.3010326],[-5.844386,43.3010236],[-5.8444074,43.3009967],[-5.8444184,43.3009846],[-5.8444305,43.3009729],[-5.8444435,43.3009617],[-5.8444573,43.3009511],[-5.8444717,43.3009412],[-5.8444834,43.3009341],[-5.8445199,43.3009134],[-5.8445528,43.3008954],[-5.8445635,43.3008902],[-5.8445776,43.3008847],[-5.8445926,43.3008804],[-5.8446172,43.3008751],[-5.8446354,43.3008707],[-5.8446737,43.3008609],[-5.844719,43.3008501],[-5.8447439,43.3008427],[-5.8447549,43.300839],[-5.8447718,43.3008328],[-5.8447877,43.3008263],[-5.8448033,43.3008196],[-5.8448184,43.3008124],[-5.844833,43.3008048],[-5.8448473,43.3007964],[-5.844884,43.3007728],[-5.8448944,43.3007667],[-5.8449118,43.3007584],[-5.8449276,43.300752],[-5.8449442,43.3007459],[-5.844993,43.3007295],[-5.8450288,43.3007168],[-5.8450465,43.3007101],[-5.8450638,43.3007031],[-5.8450921,43.300691],[-5.8451086,43.3006845],[-5.8451257,43.3006784],[-5.8451441,43.3006723],[-5.8451629,43.3006666],[-5.8451819,43.3006612],[-5.8452012,43.3006562],[-5.8452206,43.3006516],[-5.8452423,43.3006472],[-5.8453065,43.3006351],[-5.8453267,43.3006307],[-5.8453458,43.3006255],[-5.8453581,43.3006215],[-5.845376,43.3006149],[-5.8453876,43.3006102],[-5.8454049,43.300602],[-5.845426,43.3005909],[-5.8454742,43.3005641],[-5.8455604,43.3005138],[-5.8456053,43.3004861],[-5.8456206,43.3004775],[-5.8456379,43.3004689],[-5.8456558,43.3004612],[-5.8456742,43.3004546],[-5.8456948,43.3004486],[-5.8457364,43.3004379],[-5.8457508,43.3004337],[-5.8458098,43.3004141],[-5.8458256,43.3004098],[-5.8458405,43.3004068],[-5.8458596,43.3004043],[-5.8458791,43.3004031],[-5.8459006,43.3004031],[-5.8460107,43.3004058],[-5.8460373,43.3004057],[-5.846052,43.3004054],[-5.8460755,43.3004041],[-5.8461033,43.3004016],[-5.8461249,43.3003985],[-5.8461684,43.300392],[-5.8462106,43.3003857],[-5.8462282,43.3003828],[-5.8462456,43.3003796],[-5.8462626,43.3003756],[-5.8462805,43.3003702],[-5.846298,43.3003638],[-5.846315,43.3003568],[-5.8463318,43.3003493],[-5.8463631,43.3003348],[-5.8463779,43.3003282],[-5.8464106,43.3003154],[-5.8464282,43.3003091],[-5.8464461,43.3003034],[-5.8464934,43.3002902],[-5.8465408,43.3002759],[-5.846557,43.3002714],[-5.8465734,43.3002673],[-5.8465952,43.300263],[-5.8466157,43.3002597],[-5.8466364,43.3002573],[-5.8466542,43.3002561],[-5.8466719,43.3002557],[-5.8466893,43.3002558],[-5.8467281,43.3002574],[-5.8467906,43.3002593],[-5.8468037,43.3002596],[-5.8468247,43.3002589],[-5.846846,43.3002572],[-5.8468677,43.3002547],[-5.8468894,43.3002515],[-5.8469536,43.3002408],[-5.846975,43.3002383],[-5.8469953,43.3002365],[-5.8470155,43.3002353],[-5.8470791,43.3002339],[-5.8471349,43.3002344],[-5.8471767,43.300234],[-5.8471973,43.3002346],[-5.8472124,43.3002357],[-5.847229,43.3002376],[-5.8472753,43.3002438],[-5.8472908,43.3002455],[-5.8473751,43.3002525],[-5.8473937,43.3002547],[-5.847407,43.300257],[-5.8474172,43.3002592],[-5.8474227,43.3002608],[-5.8474257,43.3002621],[-5.8474261,43.3002626],[-5.8474243,43.3002635],[-5.847425,43.3002643],[-5.8474283,43.300265],[-5.8474394,43.3002661],[-5.8474472,43.3002665],[-5.8474663,43.3002666],[-5.8474777,43.3002664],[-5.847528,43.3002642],[-5.8475475,43.3002637],[-5.8475621,43.3002638],[-5.8475762,43.3002643],[-5.8475933,43.3002655],[-5.8476141,43.3002683],[-5.8476323,43.3002716],[-5.8476508,43.3002754],[-5.8476691,43.3002797],[-5.8476873,43.3002847],[-5.847705,43.3002904],[-5.8477218,43.3002966],[-5.8477678,43.300315],[-5.8477814,43.3003197],[-5.847795,43.3003235],[-5.8478088,43.3003263],[-5.8478268,43.3003279],[-5.847864,43.3003285],[-5.8478811,43.3003292],[-5.8478984,43.3003304],[-5.8479157,43.300332],[-5.8479499,43.3003361],[-5.8479647,43.3003382],[-5.847979,43.3003408],[-5.8479891,43.300343],[-5.8479987,43.3003456],[-5.8480338,43.3003581],[-5.8480482,43.300362],[-5.8480637,43.3003655],[-5.8480963,43.3003722],[-5.8481131,43.300376],[-5.8481289,43.3003803],[-5.848232,43.3004108],[-5.8482509,43.3004157],[-5.8483049,43.3004291],[-5.84832,43.3004336],[-5.8483343,43.3004389],[-5.848349,43.3004458],[-5.8483627,43.3004538],[-5.8483758,43.3004626],[-5.8483843,43.3004688],[-5.8483925,43.3004753],[-5.848405,43.3004861],[-5.8484165,43.3004975],[-5.8484274,43.3005099],[-5.8484482,43.3005348],[-5.8484594,43.3005466],[-5.848467,43.3005536],[-5.8484751,43.3005604],[-5.8484921,43.3005732],[-5.848526,43.3005952],[-5.8485475,43.3006099],[-5.8485863,43.3006368],[-5.8486026,43.3006489],[-5.8486178,43.3006613],[-5.8486474,43.3006868],[-5.8486626,43.3006993],[-5.8486787,43.3007114],[-5.8487283,43.300746],[-5.848744,43.3007573],[-5.8487586,43.3007687],[-5.8487715,43.3007804],[-5.8487808,43.3007906],[-5.8487913,43.3008039],[-5.848807,43.3008279],[-5.8488203,43.300846],[-5.8488252,43.3008515],[-5.8488356,43.3008608],[-5.8488446,43.3008682],[-5.8488533,43.3008762],[-5.8488628,43.3008872],[-5.8488805,43.3009119],[-5.8488944,43.3009297],[-5.8489011,43.3009391],[-5.8489097,43.3009535],[-5.8489172,43.3009689],[-5.8489375,43.3010168],[-5.8489436,43.3010296],[-5.8489506,43.3010421],[-5.8489578,43.3010523],[-5.848966,43.3010621],[-5.8489752,43.3010713],[-5.8489856,43.30108],[-5.8490221,43.3011073],[-5.8490477,43.3011272],[-5.8490587,43.3011365],[-5.8490649,43.3011423],[-5.8490698,43.301147],[-5.8490801,43.3011579],[-5.8491046,43.3011861],[-5.8491175,43.3011988],[-5.8491443,43.3012236],[-5.84916,43.3012398],[-5.8491724,43.301254],[-5.8491887,43.3012749],[-5.849197,43.301285],[-5.849209,43.3012987],[-5.8492211,43.3013106],[-5.8492341,43.3013222],[-5.8492611,43.3013454],[-5.8492743,43.3013573],[-5.8492862,43.301369],[-5.849307,43.3013906],[-5.8493245,43.3014101],[-5.8493323,43.30142],[-5.8493375,43.3014274],[-5.8493489,43.3014458],[-5.849358,43.3014625],[-5.8493653,43.3014749],[-5.8493742,43.3014876],[-5.8493842,43.3015001],[-5.8493952,43.3015123],[-5.8494106,43.3015274],[-5.8494273,43.3015418],[-5.8494628,43.301571],[-5.8494672,43.3015746],[-5.8494765,43.3015827],[-5.8495054,43.3016107],[-5.8495189,43.301623],[-5.8495316,43.3016328],[-5.8495452,43.301642],[-5.8495595,43.3016506],[-5.8495686,43.3016556],[-5.8495835,43.3016627],[-5.849599,43.3016692],[-5.8496135,43.3016749],[-5.8496767,43.3016972],[-5.8496944,43.3017041],[-5.8497034,43.3017083],[-5.8497116,43.301713],[-5.849722,43.3017207],[-5.8497314,43.3017292],[-5.8497491,43.3017474],[-5.8497839,43.3017798],[-5.8497939,43.3017903],[-5.8498001,43.3017982],[-5.849805,43.3018058],[-5.8498145,43.3018234],[-5.8498159,43.3018269],[-5.8498176,43.3018326],[-5.8498183,43.3018384],[-5.8498178,43.3018454],[-5.8498162,43.3018522],[-5.849813,43.3018605],[-5.8498087,43.3018668],[-5.8498047,43.3018717],[-5.8498014,43.301877],[-5.8498003,43.3018822],[-5.8498022,43.301887],[-5.8498077,43.3018946],[-5.84981,43.3018985],[-5.8498119,43.3019028],[-5.849814,43.3019103],[-5.8498198,43.3019432],[-5.8498233,43.3019538],[-5.8498281,43.3019651],[-5.8498338,43.3019767],[-5.8498433,43.3019947],[-5.8498495,43.3020045],[-5.8498689,43.3020332],[-5.8498744,43.3020431],[-5.8498786,43.3020527],[-5.8498808,43.30206],[-5.8498849,43.3020781],[-5.8498875,43.3020938],[-5.8498893,43.302101],[-5.8498916,43.3021081],[-5.849897,43.3021204],[-5.8499037,43.3021329],[-5.8499114,43.3021458],[-5.8499197,43.3021587],[-5.8499331,43.3021776],[-5.8499394,43.3021872],[-5.8499487,43.3022039],[-5.8499543,43.302215],[-5.8499597,43.302227],[-5.8499736,43.3022602],[-5.8499908,43.3022948],[-5.8500048,43.3023284],[-5.8500129,43.3023451],[-5.8500218,43.302361],[-5.850029,43.3023719],[-5.8500418,43.3023888],[-5.8500515,43.3024003],[-5.8500822,43.3024339],[-5.8500936,43.3024468],[-5.8501041,43.3024597],[-5.8501135,43.3024726],[-5.8501215,43.3024853],[-5.8501507,43.3025416],[-5.850156,43.3025525],[-5.8501744,43.3025962],[-5.8501815,43.3026093],[-5.8501892,43.3026216],[-5.8501957,43.3026312],[-5.8502008,43.302638],[-5.8502065,43.3026442],[-5.8502319,43.3026667],[-5.8502409,43.3026751],[-5.8502837,43.3027163],[-5.8503212,43.3027515],[-5.8503377,43.3027666],[-5.8503645,43.3027902],[-5.850399,43.3028226],[-5.8504108,43.302834],[-5.8504285,43.3028524],[-5.8504377,43.3028611],[-5.8504478,43.3028689],[-5.8504628,43.3028775],[-5.8504969,43.302893],[-5.8505133,43.302901],[-5.8505297,43.3029097],[-5.8505455,43.3029186],[-5.8505705,43.3029332],[-5.8506222,43.3029623],[-5.8506327,43.3029686],[-5.8506383,43.3029722],[-5.8506774,43.3029971],[-5.8506955,43.3030073],[-5.8507143,43.3030168],[-5.8507337,43.3030257],[-5.8507535,43.303034],[-5.8507736,43.3030416],[-5.8507962,43.303049],[-5.8508113,43.303053],[-5.8508267,43.3030561],[-5.8508424,43.3030581],[-5.850862,43.3030592],[-5.8508817,43.3030591],[-5.8509015,43.303058],[-5.8509213,43.3030565],[-5.8509587,43.3030529],[-5.8509762,43.3030508],[-5.8509932,43.3030479],[-5.851007,43.3030446],[-5.8510204,43.3030407],[-5.8510334,43.3030363],[-5.8510483,43.3030307],[-5.8510623,43.3030249],[-5.8510867,43.303014],[-5.8510997,43.3030097],[-5.8511135,43.3030066],[-5.8511278,43.3030049],[-5.851143,43.3030045],[-5.851158,43.3030051],[-5.8511726,43.3030062],[-5.8511992,43.303009],[-5.8512114,43.3030115],[-5.8512259,43.3030168],[-5.8512405,43.3030245],[-5.8512552,43.3030339],[-5.85127,43.3030446],[-5.8512848,43.3030561],[-5.8513153,43.3030812],[-5.851394,43.3031485],[-5.8514422,43.3031888],[-5.8514748,43.3032148],[-5.8515243,43.3032526],[-5.8516084,43.3033147],[-5.851677,43.303364],[-5.8517119,43.3033883],[-5.8517977,43.3034462],[-5.8518027,43.3034498],[-5.8518293,43.3034685],[-5.8518436,43.3034793],[-5.8518561,43.3034897],[-5.8518662,43.3034995],[-5.8518731,43.3035085],[-5.8518757,43.3035164],[-5.8518737,43.3035219],[-5.8518686,43.3035261],[-5.8518612,43.3035288],[-5.8518509,43.3035295],[-5.8518394,43.3035286],[-5.8518119,43.3035243],[-5.8518065,43.3035236],[-5.8518004,43.3035234],[-5.8517952,43.3035241],[-5.8517907,43.3035256],[-5.8517758,43.3035334],[-5.8517665,43.3035371],[-5.851735,43.3035484],[-5.8516962,43.3035604],[-5.8516779,43.3035668],[-5.8516601,43.3035737],[-5.8516434,43.3035812],[-5.8516285,43.3035892],[-5.8516077,43.303602],[-5.851597,43.3036075],[-5.8515853,43.3036123],[-5.8515695,43.3036172],[-5.8515522,43.3036216],[-5.8515369,43.3036247],[-5.851527,43.3036261],[-5.8514905,43.3036297],[-5.8514819,43.3036304],[-5.8514727,43.3036306],[-5.8514596,43.3036299],[-5.8514455,43.3036283],[-5.8514154,43.3036239],[-5.8513846,43.3036186],[-5.8513695,43.3036156],[-5.8513313,43.3036064],[-5.8513212,43.3036043],[-5.8513118,43.3036028],[-5.8512892,43.3036001],[-5.8512727,43.3035976],[-5.8512553,43.303594],[-5.8512375,43.3035893],[-5.8512198,43.3035832],[-5.8512095,43.303579],[-5.8511862,43.303568],[-5.8511731,43.3035613],[-5.8511604,43.3035542],[-5.8511333,43.3035375],[-5.8511193,43.3035297],[-5.8511042,43.3035228],[-5.8510881,43.3035169],[-5.8510714,43.3035117],[-5.8510543,43.3035072],[-5.8510369,43.3035033],[-5.8509601,43.3034875],[-5.850941,43.3034839],[-5.8509219,43.3034809],[-5.850903,43.3034791],[-5.8508885,43.3034786],[-5.8508743,43.303479],[-5.8508576,43.3034807],[-5.8508418,43.3034835],[-5.8508271,43.3034872],[-5.8508017,43.3034958],[-5.8507843,43.3035006],[-5.8507518,43.303508],[-5.8507411,43.3035103],[-5.8507317,43.3035119],[-5.8507123,43.3035144],[-5.8506934,43.3035157],[-5.85068,43.3035161],[-5.8506667,43.3035156],[-5.8506539,43.303514],[-5.8506391,43.30351],[-5.8506249,43.3035042],[-5.8506113,43.3034969],[-5.8505983,43.3034886],[-5.8505877,43.3034807],[-5.8505777,43.3034723],[-5.8505525,43.303448],[-5.8505422,43.303439],[-5.8505312,43.3034305],[-5.8505194,43.3034224],[-5.8505105,43.303417],[-5.8504873,43.3034036],[-5.8504614,43.3033893],[-5.8504429,43.3033798],[-5.8504251,43.3033716],[-5.8504069,43.3033644],[-5.8503884,43.3033583],[-5.8503697,43.3033538],[-5.8503497,43.3033508],[-5.8503169,43.3033482],[-5.8503042,43.3033468],[-5.8502874,43.3033436],[-5.8502713,43.3033387],[-5.8502564,43.3033321],[-5.8502461,43.3033262],[-5.8502365,43.3033196],[-5.8502026,43.3032933],[-5.8501927,43.3032868],[-5.8501782,43.3032796],[-5.850143,43.3032657],[-5.8501317,43.3032602],[-5.8501211,43.303254],[-5.850113,43.3032487],[-5.8501052,43.3032432],[-5.8500934,43.3032341],[-5.8500829,43.3032248],[-5.8500693,43.3032099],[-5.8500618,43.3032027],[-5.8500497,43.3031938],[-5.8500353,43.3031853],[-5.8499894,43.3031616],[-5.8499753,43.3031546],[-5.8499065,43.3031239],[-5.849892,43.3031171],[-5.8498779,43.3031099],[-5.8498627,43.3031014],[-5.8498497,43.3030935],[-5.8498371,43.3030852],[-5.8498231,43.3030752],[-5.8498097,43.3030649],[-5.8497591,43.3030245],[-5.8497477,43.3030152],[-5.8497383,43.3030069],[-5.8497296,43.3029985],[-5.8497199,43.3029876],[-5.8497119,43.3029764],[-5.8497056,43.3029644],[-5.8496942,43.302939],[-5.849687,43.3029261],[-5.8496778,43.3029138],[-5.8496673,43.3029038],[-5.8496549,43.3028948],[-5.8496411,43.3028867],[-5.8496302,43.3028815],[-5.8495901,43.3028634],[-5.8495763,43.3028562],[-5.8495512,43.3028407],[-5.8495133,43.3028158],[-5.8495037,43.3028102],[-5.8494815,43.3027984],[-5.8494578,43.3027869],[-5.849442,43.3027785],[-5.8494274,43.3027696],[-5.8494145,43.3027604],[-5.8494034,43.3027513],[-5.8493842,43.3027343],[-5.8493732,43.3027239],[-5.8493657,43.3027156],[-5.8493587,43.3027069],[-5.8493522,43.3026979],[-5.8493463,43.3026884],[-5.8493408,43.3026765],[-5.8493304,43.3026509],[-5.8493231,43.3026377],[-5.8493143,43.3026245],[-5.8493042,43.3026114],[-5.8492764,43.3025788],[-5.8492693,43.3025696],[-5.8492379,43.3025261],[-5.8492265,43.3025115],[-5.8492145,43.302497],[-5.849202,43.3024829],[-5.849189,43.3024694],[-5.8491755,43.3024565],[-5.8491528,43.3024366],[-5.8491447,43.302429],[-5.8491372,43.3024213],[-5.8491278,43.30241],[-5.849121,43.3023986],[-5.8491178,43.3023885],[-5.849114,43.3023674],[-5.8491104,43.302355],[-5.8491049,43.3023424],[-5.8490977,43.30233],[-5.8490885,43.3023181],[-5.8490791,43.3023086],[-5.8490493,43.3022827],[-5.849041,43.3022749],[-5.8490264,43.3022597],[-5.849019,43.3022513],[-5.8490115,43.3022415],[-5.8489876,43.302208],[-5.8489776,43.3021961],[-5.8489548,43.3021724],[-5.8489463,43.3021631],[-5.8489384,43.3021537],[-5.8489329,43.302146],[-5.848928,43.3021383],[-5.8489225,43.3021273],[-5.8489189,43.3021164],[-5.8489173,43.3021065],[-5.848916,43.3020869],[-5.8489145,43.302077],[-5.8489118,43.3020673],[-5.8489066,43.3020558],[-5.8488969,43.3020366],[-5.8488935,43.3020288],[-5.8488895,43.3020176],[-5.8488871,43.3020077],[-5.8488855,43.3019975],[-5.8488829,43.301973],[-5.8488802,43.3019589],[-5.8488762,43.3019473],[-5.8488608,43.3019119],[-5.8488543,43.3018949],[-5.8488485,43.3018797],[-5.8488451,43.3018717],[-5.8488377,43.3018567],[-5.848828,43.3018416],[-5.8488167,43.3018268],[-5.8488045,43.3018123],[-5.8487719,43.3017753],[-5.8487614,43.3017644],[-5.8487502,43.301754],[-5.8487353,43.3017423],[-5.8487195,43.3017313],[-5.8487061,43.3017226],[-5.848687,43.3017101],[-5.8486725,43.3017005],[-5.8486587,43.3016908],[-5.8486459,43.3016809],[-5.8486279,43.3016658],[-5.8486147,43.3016555],[-5.8486009,43.3016463],[-5.8485862,43.3016387],[-5.8485701,43.3016325],[-5.848518,43.3016153],[-5.8485043,43.3016104],[-5.8484912,43.3016053],[-5.848479,43.3015998],[-5.8484677,43.3015934],[-5.8484583,43.3015865],[-5.8484511,43.3015793],[-5.8484459,43.3015706],[-5.8484398,43.3015553],[-5.8484372,43.3015507],[-5.8484337,43.3015469],[-5.8484291,43.3015437],[-5.8484242,43.3015411],[-5.8484188,43.3015388],[-5.8484126,43.3015366],[-5.8484059,43.301535],[-5.8483986,43.3015342],[-5.848375,43.3015329],[-5.8483633,43.3015319],[-5.848351,43.3015302],[-5.8483407,43.3015283],[-5.8483249,43.3015245],[-5.8483091,43.3015196],[-5.8482935,43.3015137],[-5.8482784,43.301507],[-5.848264,43.3014994],[-5.8482517,43.3014917],[-5.8482401,43.3014836],[-5.8482162,43.3014657],[-5.8482046,43.301456],[-5.848195,43.301446],[-5.8481892,43.3014379],[-5.8481797,43.3014211],[-5.8481746,43.3014129],[-5.8481679,43.3014054],[-5.8481566,43.3013975],[-5.8481425,43.3013905],[-5.8480934,43.3013708],[-5.8480773,43.3013639],[-5.8480454,43.3013493],[-5.8480149,43.3013343],[-5.848002,43.3013275],[-5.8479901,43.3013206],[-5.8479675,43.3013064],[-5.8479561,43.3013006],[-5.8479452,43.3012968],[-5.8479338,43.3012938],[-5.8479108,43.3012892],[-5.8478998,43.3012867],[-5.8478877,43.301283],[-5.8478762,43.3012785],[-5.8478653,43.3012729],[-5.8478553,43.3012669],[-5.847837,43.3012549],[-5.8478297,43.3012505],[-5.8478221,43.3012467],[-5.8477727,43.3012277],[-5.847755,43.3012202],[-5.8477495,43.3012176],[-5.8477488,43.3012181],[-5.8477471,43.3012189],[-5.8477462,43.3012188],[-5.8477451,43.3012176],[-5.847744,43.3012149],[-5.8477372,43.3012117],[-5.8477237,43.3012044],[-5.8476704,43.3011727],[-5.8476572,43.3011653],[-5.8476447,43.3011589],[-5.8476169,43.3011455],[-5.8476015,43.3011391],[-5.8475858,43.3011335],[-5.8475679,43.3011288],[-5.8475481,43.3011252],[-5.8475346,43.3011234],[-5.8475209,43.3011221],[-5.8475069,43.3011215],[-5.8474708,43.3011209],[-5.8474485,43.3011202],[-5.8474264,43.3011186],[-5.8474104,43.3011166],[-5.8473744,43.3011109],[-5.8473332,43.3011029],[-5.8473179,43.3011002],[-5.8473025,43.3010979],[-5.8472872,43.3010959],[-5.8472692,43.3010942],[-5.8472515,43.3010935],[-5.8472348,43.301094],[-5.8472018,43.3010965],[-5.8471854,43.3010972],[-5.8471675,43.3010967],[-5.8471499,43.301095],[-5.8471327,43.3010921],[-5.8471121,43.3010869],[-5.8470597,43.3010717],[-5.8470082,43.301056],[-5.8469491,43.3010392],[-5.8469305,43.3010342],[-5.8469129,43.30103],[-5.8468966,43.301027],[-5.8468867,43.3010258],[-5.8468775,43.3010257],[-5.8468685,43.3010263],[-5.8468448,43.3010293],[-5.8468317,43.3010304],[-5.8468138,43.3010303],[-5.8467949,43.3010288],[-5.8467754,43.3010261],[-5.8467582,43.3010229],[-5.8467409,43.3010187],[-5.8467241,43.3010133],[-5.8467082,43.3010068],[-5.8466958,43.3010004],[-5.8466842,43.3009934],[-5.8466734,43.300986],[-5.8466504,43.3009693],[-5.8466407,43.300963],[-5.8466297,43.3009566],[-5.8466191,43.3009512],[-5.8466114,43.3009478],[-5.8466042,43.3009454],[-5.8465972,43.3009436],[-5.8465778,43.3009402],[-5.8465684,43.300939],[-5.8465584,43.3009386],[-5.8465473,43.3009395],[-5.8465356,43.3009417],[-5.8465213,43.3009456],[-5.8465079,43.3009498],[-5.8464532,43.3009694],[-5.8464394,43.3009733],[-5.8464255,43.3009756],[-5.8464141,43.300976],[-5.8464025,43.3009755],[-5.8463854,43.3009735],[-5.8463487,43.300968],[-5.8463074,43.3009631],[-5.846289,43.3009599],[-5.8462706,43.3009559],[-5.846234,43.3009473],[-5.8462151,43.3009433],[-5.8461965,43.3009405],[-5.8461894,43.3009402],[-5.8461782,43.3009396],[-5.8461677,43.3009402],[-5.8461573,43.3009416],[-5.846139,43.3009452],[-5.8461022,43.3009536],[-5.8460835,43.3009573],[-5.8460645,43.3009607],[-5.8460455,43.3009636],[-5.846003,43.3009692],[-5.8459923,43.3009711],[-5.8459816,43.3009733],[-5.8459347,43.3009856],[-5.845919,43.3009886],[-5.8459085,43.3009898],[-5.8458979,43.3009903],[-5.8458793,43.3009898],[-5.8458603,43.3009882],[-5.8458418,43.3009862],[-5.8457737,43.3009776],[-5.8457585,43.3009764],[-5.845737,43.3009762],[-5.845713,43.3009771],[-5.8456334,43.3009849],[-5.8456057,43.3009878],[-5.8455881,43.3009901],[-5.8455711,43.3009928],[-5.8455549,43.3009963],[-5.8455412,43.3010002],[-5.8455283,43.3010046],[-5.8454934,43.3010176],[-5.8454777,43.3010247],[-5.8454527,43.3010372],[-5.8454275,43.3010526],[-5.8454135,43.3010593],[-5.8454015,43.3010633],[-5.8453885,43.3010664],[-5.8453607,43.3010718],[-5.8453458,43.3010751],[-5.8453311,43.301079],[-5.845317,43.3010835],[-5.8453038,43.3010887],[-5.8452791,43.3011013],[-5.8452643,43.3011084],[-5.8452486,43.3011147],[-5.8452324,43.3011201],[-5.8452159,43.3011242],[-5.8452017,43.3011265],[-5.8451879,43.3011278],[-5.8451701,43.3011291],[-5.8451583,43.3011305],[-5.8451502,43.3011321],[-5.8451431,43.3011347],[-5.8451367,43.3011382],[-5.8451104,43.3011563],[-5.8450992,43.3011631],[-5.8450844,43.3011705],[-5.8450682,43.3011775],[-5.8450508,43.301184],[-5.8450402,43.3011876],[-5.8450293,43.301191],[-5.8450085,43.3011963],[-5.8449869,43.3012006],[-5.8449867,43.3012007],[-5.8449643,43.3012044],[-5.8449414,43.3012075],[-5.8448946,43.301213],[-5.8448918,43.3012133],[-5.8448355,43.3011942],[-5.8443732,43.3010375]]],[[[-5.8800427,43.3046168],[-5.8800336,43.3046324],[-5.8800272,43.3046452],[-5.8800215,43.3046583],[-5.880016,43.3046731],[-5.880012,43.304688],[-5.8800099,43.3047026],[-5.8800092,43.3047174],[-5.880011,43.3047791],[-5.8800109,43.3047959],[-5.8800095,43.3048291],[-5.8800081,43.3048468],[-5.8800026,43.3048987],[-5.8800016,43.3049074],[-5.8799985,43.3049328],[-5.8799966,43.3049579],[-5.8799949,43.304991],[-5.8799947,43.3050234],[-5.8799955,43.3050391],[-5.8799967,43.3050509],[-5.8799991,43.3050624],[-5.8800031,43.3050735],[-5.8800082,43.3050845],[-5.8800143,43.3050953],[-5.8800208,43.3051054],[-5.8800211,43.3051059],[-5.8800339,43.3051238],[-5.880044,43.3051387],[-5.880051,43.3051493],[-5.8800641,43.3051708],[-5.8800801,43.3051991],[-5.8800858,43.3052102],[-5.8800962,43.3052324],[-5.8801012,43.3052444],[-5.880104,43.3052523],[-5.8801063,43.3052602],[-5.8801093,43.3052731],[-5.8801106,43.3052874],[-5.8801099,43.3053017],[-5.8801071,43.3053167],[-5.880103,43.3053315],[-5.8800879,43.305378],[-5.8800843,43.3053866],[-5.8800678,43.305419],[-5.8800622,43.305431],[-5.8800576,43.3054428],[-5.8800512,43.3054658],[-5.8800471,43.305477],[-5.8800421,43.3054862],[-5.8800358,43.3054953],[-5.8800287,43.3055042],[-5.8800162,43.3055182],[-5.8799969,43.3055371],[-5.8799882,43.3055465],[-5.8799812,43.3055564],[-5.8799771,43.3055654],[-5.8799745,43.3055747],[-5.8799732,43.3055843],[-5.8799721,43.3056101],[-5.8799704,43.3056207],[-5.8799683,43.3056297],[-5.8799654,43.305639],[-5.8799596,43.3056523],[-5.8799522,43.3056656],[-5.8799434,43.3056787],[-5.8799335,43.3056916],[-5.8799225,43.305704],[-5.8799105,43.3057158],[-5.8798968,43.3057275],[-5.8798825,43.3057383],[-5.8798696,43.3057474],[-5.8798564,43.3057555],[-5.8798425,43.305762],[-5.8798324,43.3057654],[-5.8798222,43.3057679],[-5.8798118,43.3057695],[-5.8797942,43.3057702],[-5.8797582,43.3057687],[-5.8797402,43.3057689],[-5.8797222,43.3057709],[-5.8797048,43.3057747],[-5.8796956,43.3057773],[-5.8796868,43.3057805],[-5.8796759,43.3057856],[-5.8796659,43.3057915],[-5.8796585,43.3057969],[-5.8796519,43.3058028],[-5.8796443,43.305812],[-5.8796386,43.305823],[-5.8796364,43.3058296],[-5.8796319,43.3058499],[-5.8796287,43.3058608],[-5.8796233,43.3058713],[-5.8796163,43.3058798],[-5.8796073,43.305888],[-5.8795968,43.305896],[-5.8795819,43.3059064],[-5.8795052,43.3059573],[-5.8794795,43.3059755],[-5.8794642,43.3059872],[-5.8794127,43.3060284],[-5.8793845,43.3060493],[-5.8793707,43.3060599],[-5.8793574,43.3060707],[-5.879341,43.3060847],[-5.8792996,43.3061222],[-5.8792853,43.3061339],[-5.8792701,43.3061446],[-5.8792595,43.306151],[-5.8792319,43.3061661],[-5.8791559,43.3062057],[-5.8791245,43.3062225],[-5.8790943,43.3062394],[-5.8790802,43.306248],[-5.8790676,43.3062565],[-5.8790434,43.306274],[-5.8790166,43.3062929],[-5.8790039,43.3063024],[-5.8789922,43.3063122],[-5.8789794,43.306325],[-5.8789674,43.3063382],[-5.878912,43.3063028],[-5.8788916,43.3062898],[-5.8789031,43.3062983],[-5.8789103,43.3063042],[-5.878917,43.3063096],[-5.878929,43.3063208],[-5.8789385,43.306332],[-5.8789446,43.3063431],[-5.8789463,43.3063532],[-5.8789441,43.3063627],[-5.8789408,43.306368],[-5.8789319,43.3063772],[-5.8789178,43.3063885],[-5.8788949,43.3064058],[-5.878865,43.3064319],[-5.878854,43.3064404],[-5.8788452,43.3064463],[-5.8788358,43.3064518],[-5.8788233,43.3064582],[-5.8788055,43.3064659],[-5.8787729,43.3064781],[-5.8787398,43.3064895],[-5.8787239,43.3064944],[-5.8787087,43.3064986],[-5.8786943,43.3065032],[-5.8786797,43.3065098],[-5.878666,43.3065179],[-5.8786528,43.3065288],[-5.8786403,43.3065423],[-5.8786331,43.3065518],[-5.8786266,43.3065619],[-5.878621,43.3065719],[-5.8786142,43.3065879],[-5.8786092,43.3066039],[-5.8786055,43.306619],[-5.8786031,43.3066309],[-5.8786003,43.3066492],[-5.8785987,43.3066557],[-5.8785972,43.3066579],[-5.8785936,43.3066582],[-5.8785846,43.3066608],[-5.8785714,43.3066655],[-5.8785582,43.3066709],[-5.8784965,43.3066993],[-5.8784735,43.3067091],[-5.87846,43.3067142],[-5.8784473,43.3067186],[-5.8783978,43.3067338],[-5.8783862,43.306738],[-5.8783755,43.3067428],[-5.8783617,43.3067511],[-5.8783521,43.3067576],[-5.8783307,43.3067732],[-5.8783198,43.3067826],[-5.8783103,43.3067927],[-5.8782993,43.3068077],[-5.8782913,43.3068178],[-5.8782821,43.3068282],[-5.878272,43.3068386],[-5.878257,43.3068525],[-5.8782442,43.3068625],[-5.878225,43.306876],[-5.8782121,43.3068856],[-5.8781993,43.3068957],[-5.8781743,43.3069166],[-5.8781579,43.3069314],[-5.8781502,43.306939],[-5.8781343,43.3069562],[-5.8781262,43.3069656],[-5.8781089,43.3069872],[-5.8780988,43.3069986],[-5.8780903,43.3070065],[-5.8780807,43.3070135],[-5.8780697,43.3070198],[-5.8780579,43.3070255],[-5.8780266,43.3070396],[-5.8780148,43.3070456],[-5.8779793,43.3070652],[-5.8779674,43.3070721],[-5.877956,43.3070792],[-5.877945,43.3070868],[-5.8779347,43.3070944],[-5.8779125,43.307112],[-5.8778747,43.307141],[-5.8778489,43.307158],[-5.8778369,43.3071667],[-5.87783,43.3071725],[-5.8778089,43.3071913],[-5.8777863,43.3072129],[-5.8777738,43.3072226],[-5.8777623,43.3072292],[-5.8777349,43.3072428],[-5.8777201,43.3072508],[-5.8777021,43.307262],[-5.877692,43.3072688],[-5.8776651,43.307288],[-5.8776346,43.3073118],[-5.8776219,43.3073223],[-5.8776133,43.3073303],[-5.877605,43.3073387],[-5.8775972,43.3073475],[-5.8775872,43.3073594],[-5.8775767,43.3073712],[-5.8775651,43.3073822],[-5.8775523,43.3073927],[-5.8775385,43.3074028],[-5.8775153,43.3074187],[-5.8775039,43.3074268],[-5.8774588,43.3074631],[-5.8774281,43.307487],[-5.8774019,43.3075085],[-5.8773855,43.3075208],[-5.8773724,43.3075291],[-5.8773584,43.3075368],[-5.877311,43.3075608],[-5.8772976,43.3075686],[-5.8771792,43.3076426],[-5.8771279,43.3076752],[-5.8771158,43.3076823],[-5.8770764,43.3077044],[-5.8770617,43.3077126],[-5.8770471,43.3077203],[-5.877034,43.3077266],[-5.8769952,43.3077439],[-5.8769829,43.3077492],[-5.8769655,43.3077562],[-5.8769583,43.3077595],[-5.8769508,43.3077636],[-5.8769389,43.307771],[-5.876927,43.3077793],[-5.8769161,43.3077884],[-5.8769089,43.3077956],[-5.8769027,43.3078027],[-5.8768937,43.3078144],[-5.8768869,43.3078211],[-5.8768786,43.3078264],[-5.8768687,43.3078314],[-5.8768326,43.3078472],[-5.8768171,43.3078536],[-5.8767776,43.3078685],[-5.8767646,43.3078742],[-5.8767524,43.3078803],[-5.8767411,43.3078868],[-5.8767179,43.307902],[-5.8767081,43.3079074],[-5.8766981,43.3079121],[-5.876688,43.3079158],[-5.8766631,43.3079226],[-5.8766561,43.3079251],[-5.8766453,43.3079312],[-5.8766399,43.3079355],[-5.8766353,43.3079404],[-5.8766307,43.3079471],[-5.8766214,43.3079628],[-5.8766148,43.3079715],[-5.8766064,43.3079798],[-5.8765935,43.3079888],[-5.8765762,43.3079985],[-5.8765627,43.3080051],[-5.8765198,43.3080253],[-5.8764881,43.3080414],[-5.8764717,43.308049],[-5.8764599,43.3080537],[-5.8764362,43.3080623],[-5.8764071,43.3080719],[-5.8763895,43.3080774],[-5.8763653,43.3080846],[-5.8763137,43.3080991],[-5.8762967,43.3081041],[-5.8762455,43.3081212],[-5.8762284,43.3081264],[-5.8761839,43.308138],[-5.8761668,43.3081427],[-5.87615,43.3081478],[-5.8761337,43.3081532],[-5.8760968,43.3081661],[-5.8760719,43.308174],[-5.8760551,43.3081798],[-5.8759726,43.308211],[-5.8759567,43.3082177],[-5.8759399,43.3082252],[-5.8759171,43.3082362],[-5.8758666,43.3082622],[-5.875849,43.3082715],[-5.8758319,43.308281],[-5.8758152,43.3082908],[-5.8757993,43.3083007],[-5.8757738,43.3083175],[-5.8757612,43.3083254],[-5.8757466,43.3083334],[-5.8757316,43.3083402],[-5.8757246,43.3083427],[-5.8757026,43.3083506],[-5.875689,43.3083559],[-5.8756788,43.308361],[-5.8756608,43.3083355],[-5.8756319,43.3082948],[-5.8754497,43.3084102],[-5.8753307,43.3084887],[-5.8752262,43.308583],[-5.8750899,43.3087345],[-5.8749993,43.3088495],[-5.8749989,43.3088494],[-5.8749837,43.3088495],[-5.8749714,43.3088513],[-5.8749583,43.3088544],[-5.8749446,43.3088585],[-5.8749327,43.3088628],[-5.8749209,43.3088675],[-5.8749072,43.3088739],[-5.8749009,43.3088772],[-5.8748906,43.3088832],[-5.8748843,43.3088878],[-5.8749346,43.3088105],[-5.8749049,43.3087996],[-5.8749077,43.3088001],[-5.8749237,43.3088007],[-5.8749339,43.3087988],[-5.8749376,43.3087981],[-5.8749444,43.3087948],[-5.8749542,43.3087866],[-5.8749629,43.308776],[-5.874968,43.3087688],[-5.874978,43.3087534],[-5.8749904,43.3087318],[-5.8749971,43.308718],[-5.8750021,43.3087044],[-5.8750088,43.3086752],[-5.8750129,43.3086635],[-5.8750285,43.3086283],[-5.8750308,43.30862],[-5.8750308,43.3086145],[-5.8750292,43.3086102],[-5.8750258,43.3086087],[-5.8750233,43.3086099],[-5.8750164,43.3086164],[-5.8750089,43.3086242],[-5.8750021,43.3086306],[-5.8749916,43.3086396],[-5.8749794,43.308649],[-5.8749709,43.3086548],[-5.8749619,43.3086604],[-5.8749503,43.3086671],[-5.8749381,43.3086734],[-5.8749273,43.3086782],[-5.8749162,43.3086825],[-5.8749026,43.3086868],[-5.8748886,43.3086899],[-5.8748739,43.3086916],[-5.8748589,43.3086919],[-5.8748436,43.308691],[-5.8748217,43.308688],[-5.8747996,43.3086832],[-5.8747775,43.3086774],[-5.8747554,43.3086706],[-5.8747332,43.3086633],[-5.8747198,43.3086586],[-5.8746889,43.3086477],[-5.8744684,43.3085659],[-5.8742465,43.3084856],[-5.8742031,43.3084691],[-5.8741822,43.3084606],[-5.8741621,43.3084518],[-5.8741433,43.3084425],[-5.8741263,43.3084326],[-5.8741118,43.3084219],[-5.8741009,43.3084099],[-5.8740961,43.3084014],[-5.8740932,43.3083923],[-5.874092,43.3083812],[-5.8740925,43.3083697],[-5.8740942,43.308358],[-5.8740977,43.3083423],[-5.8741029,43.3083266],[-5.8741093,43.3083126],[-5.874117,43.308299],[-5.8741217,43.3082914],[-5.8741307,43.3082786],[-5.8741404,43.3082665],[-5.874153,43.3082528],[-5.8741742,43.3082333],[-5.8741796,43.3082279],[-5.8741838,43.3082229],[-5.8741918,43.3082115],[-5.8741983,43.3082031],[-5.8742062,43.3081949],[-5.8742155,43.3081876],[-5.8742386,43.3081749],[-5.8742445,43.3081706],[-5.8742501,43.3081654],[-5.8742592,43.3081559],[-5.8742688,43.3081447],[-5.8742785,43.3081324],[-5.8742878,43.3081192],[-5.8742963,43.3081054],[-5.8743097,43.3080802],[-5.8743169,43.308068],[-5.8743255,43.3080565],[-5.8743359,43.3080464],[-5.8743479,43.3080371],[-5.8743601,43.3080291],[-5.8743728,43.3080216],[-5.8743891,43.3080127],[-5.8744028,43.3080064],[-5.8744467,43.3079885],[-5.8744629,43.3079813],[-5.8744783,43.3079735],[-5.8744925,43.3079648],[-5.8745027,43.307957],[-5.8745107,43.3079501],[-5.8745224,43.3079393],[-5.8745335,43.3079281],[-5.8745437,43.3079163],[-5.8745504,43.3079075],[-5.8745564,43.3078984],[-5.8745739,43.3078688],[-5.8745834,43.3078557],[-5.8746041,43.307829],[-5.8746441,43.3077756],[-5.8746552,43.3077617],[-5.8746944,43.307715],[-5.8747294,43.3076707],[-5.8747417,43.3076563],[-5.8747716,43.3076223],[-5.8747798,43.3076123],[-5.8747898,43.3075991],[-5.8748068,43.3075744],[-5.8748139,43.307563],[-5.8748301,43.3075329],[-5.874839,43.3075181],[-5.8748464,43.3075078],[-5.8748543,43.3074982],[-5.8748627,43.3074887],[-5.8749016,43.3074478],[-5.874913,43.3074359],[-5.8749247,43.3074244],[-5.874937,43.3074134],[-5.874952,43.3074017],[-5.8749819,43.307381],[-5.8749949,43.3073706],[-5.8750027,43.3073623],[-5.8750089,43.3073532],[-5.8750136,43.3073436],[-5.8750169,43.3073308],[-5.8750177,43.3073174],[-5.875016,43.3073038],[-5.8750128,43.3072921],[-5.8750083,43.3072797],[-5.875003,43.3072673],[-5.8749895,43.3072374],[-5.874984,43.3072224],[-5.8749807,43.3072072],[-5.8749802,43.3071941],[-5.8749816,43.3071809],[-5.8749847,43.3071677],[-5.874989,43.3071544],[-5.8749946,43.3071412],[-5.8750026,43.3071254],[-5.8750117,43.3071097],[-5.8750216,43.3070941],[-5.8750391,43.3070682],[-5.8750483,43.3070554],[-5.8750662,43.3070327],[-5.8751126,43.3069779],[-5.8751245,43.3069644],[-5.8751368,43.3069513],[-5.87515,43.3069388],[-5.875162,43.3069288],[-5.8751746,43.3069192],[-5.8751876,43.3069098],[-5.8752008,43.3069008],[-5.8752145,43.3068926],[-5.8752268,43.3068863],[-5.8752406,43.3068798],[-5.8752839,43.3068617],[-5.8753073,43.3068509],[-5.8753226,43.3068427],[-5.8753307,43.3068377],[-5.8753378,43.3068324],[-5.8753445,43.3068263],[-5.875353,43.3068178],[-5.8753805,43.306788],[-5.8754053,43.3067625],[-5.8754386,43.3067258],[-5.8754504,43.3067138],[-5.8754656,43.3067001],[-5.8754759,43.3066916],[-5.8754865,43.3066835],[-5.8754976,43.3066759],[-5.8755566,43.3066404],[-5.8755817,43.3066263],[-5.8755939,43.3066202],[-5.8756064,43.3066147],[-5.8756189,43.3066099],[-5.8756507,43.3065997],[-5.8756672,43.3065935],[-5.8756808,43.3065872],[-5.8757194,43.3065673],[-5.8757563,43.3065489],[-5.8757699,43.3065419],[-5.8757831,43.3065345],[-5.8757958,43.3065266],[-5.8758326,43.3065005],[-5.8758534,43.3064869],[-5.8758625,43.3064813],[-5.8758764,43.3064736],[-5.8759161,43.3064526],[-5.8759264,43.3064466],[-5.8759354,43.3064405],[-5.8759441,43.306433],[-5.8759507,43.3064259],[-5.8759545,43.306421],[-5.8759577,43.3064142],[-5.8759583,43.3064117],[-5.8759579,43.3064103],[-5.8759566,43.30641],[-5.8759547,43.3064105],[-5.8759483,43.3064134],[-5.8759428,43.3064148],[-5.8759397,43.3064148],[-5.8759332,43.3064133],[-5.8759282,43.3064117],[-5.8759237,43.3064096],[-5.8759198,43.3064064],[-5.8759166,43.306402],[-5.8759152,43.3064007],[-5.8759135,43.3064007],[-5.8759109,43.3064031],[-5.8759083,43.3064076],[-5.8759065,43.3064126],[-5.8759052,43.3064244],[-5.875903,43.3064282],[-5.8758984,43.3064312],[-5.8758904,43.3064332],[-5.87588,43.3064337],[-5.8758683,43.3064331],[-5.8758573,43.3064316],[-5.8758092,43.306423],[-5.8757943,43.306421],[-5.8757783,43.3064197],[-5.8757617,43.3064192],[-5.8757188,43.3064196],[-5.8756689,43.3064183],[-5.8756583,43.3064186],[-5.875648,43.3064196],[-5.8756377,43.3064212],[-5.8756221,43.3064252],[-5.8756066,43.3064305],[-5.875591,43.3064365],[-5.8755597,43.3064493],[-5.875544,43.3064562],[-5.8755286,43.3064636],[-5.8754129,43.3065243],[-5.8753779,43.3065451],[-5.8753074,43.3065858],[-5.8752584,43.3066146],[-5.875227,43.3066338],[-5.8751951,43.3066544],[-5.8751792,43.3066655],[-5.8751293,43.3067029],[-5.8751087,43.3067168],[-5.8750985,43.3067227],[-5.8750887,43.3067276],[-5.8750799,43.3067314],[-5.8750731,43.3067339],[-5.8750671,43.3067349],[-5.8750605,43.3067334],[-5.8750558,43.3067291],[-5.8750538,43.3067215],[-5.8750544,43.3067116],[-5.8750572,43.3067],[-5.8750618,43.3066874],[-5.8750679,43.3066742],[-5.8750754,43.3066609],[-5.8750804,43.306653],[-5.8751177,43.3066011],[-5.8751248,43.3065903],[-5.8751313,43.3065818],[-5.8751381,43.3065765],[-5.8751437,43.3065753],[-5.8751496,43.3065759],[-5.8751554,43.306578],[-5.8751609,43.3065812],[-5.8751697,43.3065873],[-5.8751745,43.3065897],[-5.8751803,43.3065913],[-5.8751872,43.306592],[-5.8751967,43.3065919],[-5.8752072,43.3065907],[-5.8752187,43.306588],[-5.8752305,43.306584],[-5.8752425,43.3065789],[-5.8752537,43.3065732],[-5.8752648,43.3065672],[-5.8752758,43.3065608],[-5.8752883,43.3065527],[-5.8753282,43.3065233],[-5.8753382,43.3065152],[-5.8753444,43.3065087],[-5.8753577,43.3064917],[-5.8753618,43.3064868],[-5.875368,43.3064808],[-5.8753798,43.3064707],[-5.8753848,43.3064659],[-5.8753959,43.3064541],[-5.8754031,43.3064474],[-5.8754116,43.3064409],[-5.8754222,43.3064346],[-5.8754498,43.3064207],[-5.8754676,43.3064106],[-5.8754788,43.3064036],[-5.8755057,43.3063851],[-5.8755193,43.3063762],[-5.875562,43.3063494],[-5.8755822,43.3063356],[-5.8755938,43.3063273],[-5.875605,43.3063186],[-5.8756168,43.3063082],[-5.8756236,43.3063015],[-5.8756396,43.3062848],[-5.8756512,43.306272],[-5.8756741,43.3062458],[-5.8757019,43.3062125],[-5.8757242,43.306184],[-5.8757309,43.3061747],[-5.8757554,43.3061387],[-5.8757644,43.3061276],[-5.8757744,43.3061173],[-5.875785,43.3061078],[-5.8757963,43.3060993],[-5.8758082,43.306092],[-5.8758191,43.3060866],[-5.8758462,43.3060743],[-5.8758568,43.3060684],[-5.8758633,43.306064],[-5.8758694,43.3060593],[-5.87588,43.3060502],[-5.8758959,43.3060355],[-5.8759022,43.3060307],[-5.8759394,43.3060049],[-5.8759485,43.3059978],[-5.8759568,43.3059904],[-5.875964,43.3059826],[-5.875971,43.3059724],[-5.8759831,43.3059514],[-5.8759906,43.3059414],[-5.8760015,43.3059315],[-5.8760147,43.3059223],[-5.8760296,43.3059138],[-5.8760455,43.3059057],[-5.8760793,43.3058902],[-5.8760951,43.3058825],[-5.8761291,43.3058643],[-5.876141,43.3058589],[-5.8761516,43.3058555],[-5.8761629,43.3058529],[-5.8761737,43.3058511],[-5.8761848,43.3058498],[-5.876202,43.3058486],[-5.8762447,43.3058477],[-5.8762536,43.3058472],[-5.87627,43.3058449],[-5.8762865,43.305841],[-5.8763029,43.3058356],[-5.876316,43.3058303],[-5.8763472,43.3058165],[-5.8763683,43.3058065],[-5.876392,43.3057948],[-5.8764348,43.3057725],[-5.8764645,43.3057548],[-5.8767058,43.3055895],[-5.8767202,43.3055823],[-5.8767363,43.3055763],[-5.8767503,43.3055727],[-5.8767767,43.305567],[-5.8768709,43.3055492],[-5.8769328,43.3055392],[-5.8769814,43.3055307],[-5.8770036,43.3055264],[-5.8770235,43.3055219],[-5.8770432,43.3055167],[-5.8770756,43.3055069],[-5.87711,43.3054952],[-5.8771283,43.3054885],[-5.8771492,43.3054803],[-5.8771697,43.3054718],[-5.8772247,43.3054486],[-5.8772364,43.3054438],[-5.8772427,43.3054414],[-5.8772528,43.3054377],[-5.877269,43.3054321],[-5.8772998,43.3054226],[-5.8773118,43.3054193],[-5.8773238,43.3054169],[-5.877334,43.3054158],[-5.8773447,43.3054154],[-5.8773609,43.305416],[-5.8773694,43.3054167],[-5.8774245,43.3054214],[-5.8774819,43.3054244],[-5.8774966,43.3054257],[-5.8775164,43.3054292],[-5.8775358,43.3054347],[-5.8775556,43.3054423],[-5.8775751,43.3054512],[-5.8775942,43.3054612],[-5.8776048,43.3054671],[-5.8775052,43.3054035],[-5.8775119,43.3054012],[-5.8775283,43.3053946],[-5.8775411,43.3053886],[-5.8775642,43.3053769],[-5.8776456,43.3053336],[-5.8776867,43.3053087],[-5.8777007,43.3053006],[-5.877718,43.3052918],[-5.8777359,43.3052839],[-5.8777736,43.3052691],[-5.8777927,43.3052611],[-5.8778115,43.3052525],[-5.8778487,43.3052342],[-5.8778913,43.3052118],[-5.8779407,43.3051866],[-5.8779566,43.3051782],[-5.8779775,43.3051667],[-5.8779899,43.3051593],[-5.878018,43.3051416],[-5.8780383,43.3051302],[-5.8780653,43.3051165],[-5.8781228,43.3050861],[-5.8781319,43.3050813],[-5.8782045,43.3050445],[-5.8782193,43.3050367],[-5.8782333,43.3050286],[-5.8782507,43.3050172],[-5.8782591,43.305011],[-5.8782759,43.3049976],[-5.8782836,43.3049902],[-5.8782901,43.3049824],[-5.8782954,43.3049743],[-5.8783044,43.3049582],[-5.8783095,43.3049506],[-5.8783181,43.3049416],[-5.8783291,43.3049336],[-5.8783366,43.3049293],[-5.8783449,43.3049255],[-5.8783544,43.3049221],[-5.8783645,43.3049191],[-5.8784031,43.3049088],[-5.878427,43.3049014],[-5.8784408,43.3048966],[-5.8784546,43.3048914],[-5.8784681,43.3048857],[-5.8784864,43.3048769],[-5.8785041,43.3048673],[-5.8785212,43.3048571],[-5.8785338,43.3048491],[-5.8785894,43.304813],[-5.8786005,43.3048064],[-5.8786135,43.3047998],[-5.8786318,43.3047929],[-5.8786513,43.3047874],[-5.8786918,43.3047771],[-5.8787114,43.3047709],[-5.8787277,43.3047641],[-5.8787349,43.3047602],[-5.8787427,43.304756],[-5.8787565,43.3047467],[-5.8787665,43.3047383],[-5.87877,43.3047346],[-5.8787762,43.304728],[-5.8787843,43.3047169],[-5.8787914,43.304705],[-5.8788044,43.3046806],[-5.8788173,43.3046556],[-5.8788234,43.3046428],[-5.8788307,43.3046262],[-5.8788373,43.3046094],[-5.8788412,43.3045981],[-5.8788445,43.3045868],[-5.8788471,43.3045755],[-5.8788489,43.3045611],[-5.8788489,43.3045468],[-5.8788473,43.3045326],[-5.8788437,43.3045187],[-5.8788384,43.3045061],[-5.8788316,43.3044942],[-5.8795578,43.3045677],[-5.8800427,43.3046168]]],[[[-5.8998619,43.3159809],[-5.899863,43.3156739],[-5.8988424,43.3155163],[-5.898748,43.3153985],[-5.8980355,43.3152412],[-5.897158,43.3151262],[-5.8963973,43.315054],[-5.8957272,43.3150176],[-5.8949987,43.3150188],[-5.8942301,43.3150536],[-5.8938375,43.3151588],[-5.8935161,43.3153042],[-5.8931053,43.3155606],[-5.8923731,43.3159776],[-5.8920122,43.316185],[-5.8914809,43.3164349],[-5.8904258,43.3168196],[-5.8902268,43.3168709],[-5.8896089,43.3170302],[-5.8887471,43.3170433],[-5.8878248,43.3170235],[-5.8877838,43.3170294],[-5.8868743,43.3171597],[-5.8864922,43.3171555],[-5.8864681,43.3174298],[-5.8864464,43.3177012],[-5.8869655,43.3175439],[-5.887408,43.3174871],[-5.8877746,43.3174733],[-5.8877558,43.3174793],[-5.8876906,43.317502],[-5.887683,43.3175053],[-5.8876631,43.3175148],[-5.8876487,43.3175198],[-5.8876319,43.3175241],[-5.8875984,43.3175306],[-5.8875584,43.317537],[-5.8875088,43.3175437],[-5.8874523,43.3175488],[-5.8874338,43.317551],[-5.8874157,43.317554],[-5.8873983,43.317558],[-5.8873819,43.3175629],[-5.887372,43.3175666],[-5.8873591,43.3175727],[-5.8873347,43.3175864],[-5.887322,43.317593],[-5.8873049,43.3176002],[-5.8872898,43.3176053],[-5.887267,43.3176122],[-5.8872406,43.3176188],[-5.8872252,43.3176222],[-5.8872097,43.3176251],[-5.8871549,43.3176337],[-5.8871294,43.3176383],[-5.8871181,43.3176407],[-5.8871027,43.3176445],[-5.8870788,43.3176512],[-5.887025,43.3176676],[-5.8870117,43.3176713],[-5.8869861,43.3176773],[-5.8869688,43.3176806],[-5.8869508,43.3176834],[-5.8869098,43.3176883],[-5.8868899,43.3176911],[-5.8868764,43.3176936],[-5.8868515,43.3176991],[-5.8868318,43.3177041],[-5.8867852,43.3177178],[-5.8867102,43.3177387],[-5.8866854,43.3177462],[-5.8866717,43.3177509],[-5.8866586,43.317756],[-5.8866432,43.317763],[-5.886631,43.3177693],[-5.8866197,43.3177757],[-5.8866095,43.3177825],[-5.8865867,43.3178007],[-5.8865762,43.3178088],[-5.8865651,43.3178166],[-5.8865282,43.3178396],[-5.8865056,43.3178546],[-5.8864975,43.3178592],[-5.8864776,43.3178693],[-5.8864658,43.3178747],[-5.8864533,43.3178797],[-5.8864378,43.3178849],[-5.8863905,43.3178989],[-5.8863517,43.3179112],[-5.8863273,43.31792],[-5.8863103,43.3179273],[-5.886294,43.3179354],[-5.8862698,43.3179491],[-5.8862455,43.3179637],[-5.8862336,43.3179714],[-5.886207,43.3179896],[-5.8861969,43.3179961],[-5.8861863,43.3180024],[-5.8861694,43.3180117],[-5.8861522,43.3180207],[-5.8861062,43.3180437],[-5.8860821,43.318055],[-5.8860723,43.3180589],[-5.8860545,43.3180641],[-5.8860356,43.3180679],[-5.8860237,43.3180698],[-5.8860117,43.3180712],[-5.8859788,43.3180733],[-5.8859625,43.3180748],[-5.8859472,43.3180774],[-5.885932,43.318081],[-5.885902,43.3180889],[-5.8858529,43.3181011],[-5.8858404,43.3181038],[-5.8858266,43.3181052],[-5.8857933,43.318106],[-5.8857452,43.3181112],[-5.885727,43.3181124],[-5.8857122,43.3181131],[-5.8856972,43.3181133],[-5.8856235,43.3181127],[-5.8855797,43.3181111],[-5.8854894,43.3181067],[-5.8853832,43.3181035],[-5.8853736,43.3181037],[-5.8853515,43.318105],[-5.8853351,43.3181054],[-5.8853001,43.3181054],[-5.8852566,43.3181067],[-5.8852472,43.3181071],[-5.8852376,43.3181078],[-5.8852273,43.3181092],[-5.8852122,43.3181118],[-5.8851962,43.3181148],[-5.8851533,43.3181245],[-5.8850929,43.3181365],[-5.8850823,43.3181389],[-5.8850636,43.3181441],[-5.8850474,43.3181498],[-5.8849897,43.3181737],[-5.8849759,43.3181789],[-5.8849638,43.3181829],[-5.8849462,43.3181883],[-5.8849284,43.3181933],[-5.8848834,43.3182052],[-5.8848547,43.3182131],[-5.8848429,43.3182168],[-5.8848202,43.3182251],[-5.8848064,43.3182293],[-5.884769,43.3182394],[-5.8847504,43.3182434],[-5.8847309,43.3182469],[-5.8847107,43.3182501],[-5.8846268,43.3182616],[-5.8846058,43.3182647],[-5.8845537,43.3182738],[-5.8844285,43.318298],[-5.8844158,43.3183004],[-5.8843776,43.3183076],[-5.8843605,43.3183111],[-5.8843146,43.3183215],[-5.8842966,43.3183251],[-5.8842784,43.3183282],[-5.8842603,43.318331],[-5.8842424,43.3183332],[-5.8842239,43.318335],[-5.8842059,43.318336],[-5.8841886,43.3183365],[-5.8841722,43.3183362],[-5.8841572,43.318335],[-5.8841332,43.3183317],[-5.8841236,43.318331],[-5.8841139,43.3183312],[-5.8841039,43.3183322],[-5.8840911,43.3183343],[-5.8840812,43.3183363],[-5.8840645,43.3183403],[-5.8840111,43.3183546],[-5.8839923,43.3183592],[-5.8839718,43.3183634],[-5.8839124,43.3183748],[-5.8838347,43.3183907],[-5.8836715,43.3184266],[-5.8836223,43.318435],[-5.8835744,43.3184441],[-5.88354,43.3184515],[-5.8834566,43.31847],[-5.8834007,43.318481],[-5.8833578,43.3184899],[-5.8833403,43.318493],[-5.8833045,43.3184984],[-5.8832379,43.3185064],[-5.8831931,43.3185122],[-5.8831489,43.3185184],[-5.8831307,43.3185212],[-5.8830947,43.3185276],[-5.883066,43.3185331],[-5.8830009,43.3185481],[-5.8829835,43.3185515],[-5.8829666,43.3185539],[-5.8829501,43.3185548],[-5.8829313,43.3185534],[-5.8829139,43.3185495],[-5.8828983,43.3185432],[-5.8828859,43.3185351],[-5.8828757,43.3185254],[-5.8828678,43.3185149],[-5.8828551,43.3184912],[-5.8828486,43.3184822],[-5.8828405,43.3184734],[-5.882834,43.3184675],[-5.882827,43.3184618],[-5.8828162,43.3184542],[-5.8828043,43.3184476],[-5.8827914,43.3184422],[-5.8827753,43.3184382],[-5.8827581,43.3184362],[-5.8827402,43.3184362],[-5.8827263,43.3184374],[-5.8827122,43.3184396],[-5.8826927,43.3184437],[-5.8826732,43.3184488],[-5.8826538,43.3184547],[-5.882642,43.3184585],[-5.8826184,43.3184669],[-5.8825786,43.3184817],[-5.8825579,43.3184887],[-5.8825056,43.3185056],[-5.8824589,43.3185223],[-5.8823969,43.318544],[-5.8823238,43.3185716],[-5.8822701,43.3185932],[-5.8821742,43.3186281],[-5.8821227,43.3186456],[-5.8821051,43.3186507],[-5.8820874,43.318655],[-5.8820698,43.3186583],[-5.8820525,43.3186604],[-5.8820357,43.3186609],[-5.8820238,43.3186599],[-5.8819014,43.3186693],[-5.8818989,43.3186737],[-5.8818952,43.3186761],[-5.8818904,43.3186777],[-5.8818798,43.3186789],[-5.8818671,43.3186787],[-5.8818429,43.3186773],[-5.8818113,43.3186762],[-5.8816992,43.3186715],[-5.8816524,43.3186702],[-5.8816295,43.31867],[-5.8816038,43.3186706],[-5.8815848,43.3186722],[-5.8815663,43.3186748],[-5.8815507,43.3186776],[-5.8815357,43.3186811],[-5.8815229,43.3186849],[-5.8815078,43.3186898],[-5.8814771,43.318701],[-5.8814543,43.3187102],[-5.8814191,43.3187254],[-5.8813618,43.3187525],[-5.8813424,43.3187612],[-5.8813254,43.3187684],[-5.8812906,43.318782],[-5.8812158,43.31881],[-5.8811596,43.3188327],[-5.88114,43.3188402],[-5.8811202,43.3188472],[-5.8811002,43.3188539],[-5.88108,43.31886],[-5.881045,43.3188698],[-5.8810297,43.3188743],[-5.8809799,43.3188898],[-5.8809515,43.3188979],[-5.8808721,43.3189188],[-5.8808276,43.3189311],[-5.8807804,43.3189455],[-5.8807657,43.3189504],[-5.8807508,43.3189561],[-5.8807101,43.318973],[-5.8806941,43.3189802],[-5.8806786,43.318988],[-5.880664,43.3189964],[-5.8806506,43.3190057],[-5.8806372,43.3190172],[-5.8806254,43.3190295],[-5.8806149,43.3190424],[-5.8806054,43.3190555],[-5.8805971,43.3190685],[-5.8805908,43.3190794],[-5.880586,43.31909],[-5.8805837,43.3190981],[-5.880583,43.319106],[-5.8805843,43.3191152],[-5.8805873,43.3191244],[-5.8805923,43.3191359],[-5.8805985,43.3191475],[-5.8806183,43.3191797],[-5.8806263,43.3191911],[-5.8806366,43.3192013],[-5.880649,43.3192102],[-5.880663,43.3192173],[-5.8806784,43.3192221],[-5.8806909,43.3192239],[-5.8807037,43.3192245],[-5.8807379,43.3192242],[-5.8807509,43.3192249],[-5.880763,43.319227],[-5.880775,43.3192316],[-5.8807857,43.3192383],[-5.8807954,43.3192463],[-5.8808034,43.3192542],[-5.8808041,43.3192549],[-5.8808115,43.3192639],[-5.8808169,43.319273],[-5.8808197,43.319282],[-5.8808195,43.3192891],[-5.8808175,43.319296],[-5.880811,43.3193055],[-5.8808018,43.3193136],[-5.8807906,43.3193214],[-5.8807521,43.3193446],[-5.8807238,43.3193623],[-5.8807094,43.3193692],[-5.8807005,43.3193722],[-5.8806779,43.3193778],[-5.8806524,43.319383],[-5.8806407,43.3193858],[-5.8806283,43.3193901],[-5.8806181,43.3193948],[-5.8806061,43.3194022],[-5.8805951,43.3194109],[-5.8805757,43.3194292],[-5.8805665,43.3194393],[-5.8805489,43.3194622],[-5.8805399,43.3194726],[-5.8805297,43.3194829],[-5.8805185,43.319493],[-5.8805038,43.3195048],[-5.8804732,43.3195283],[-5.8804561,43.3195423],[-5.8804416,43.3195549],[-5.8804352,43.3195604],[-5.880426,43.3195699],[-5.8804193,43.319578],[-5.8804135,43.3195865],[-5.8804088,43.3195946],[-5.880405,43.3196028],[-5.8804008,43.3196151],[-5.8804007,43.3196153],[-5.8803852,43.3196692],[-5.8803809,43.3196821],[-5.880376,43.3196943],[-5.8803704,43.3197055],[-5.8803653,43.3197135],[-5.88036,43.3197219],[-5.8803499,43.3197402],[-5.8803459,43.3197467],[-5.8803394,43.3197549],[-5.8803315,43.3197633],[-5.8803042,43.3197915],[-5.880294,43.3198013],[-5.8802841,43.3198098],[-5.8802614,43.3198281],[-5.8802499,43.3198382],[-5.8802163,43.3198702],[-5.8801784,43.319905],[-5.8801669,43.3199169],[-5.8801609,43.3199238],[-5.8801473,43.3199407],[-5.8801354,43.3199567],[-5.8801172,43.3199829],[-5.8800867,43.3200217],[-5.8800786,43.3200334],[-5.880071,43.3200454],[-5.8800643,43.3200574],[-5.880058,43.3200697],[-5.8800395,43.3201072],[-5.8800261,43.3201322],[-5.8799851,43.320202],[-5.8799648,43.3202394],[-5.8799467,43.3202682],[-5.8799393,43.320279],[-5.8799314,43.3202892],[-5.8799229,43.3202988],[-5.8799131,43.3203081],[-5.879904,43.3203153],[-5.8798944,43.3203212],[-5.8798842,43.3203256],[-5.8798728,43.3203282],[-5.8798608,43.320329],[-5.8798488,43.3203287],[-5.8798229,43.3203268],[-5.8798128,43.3203268],[-5.879804,43.3203274],[-5.8797951,43.3203287],[-5.8797831,43.3203314],[-5.8797726,43.3203346],[-5.8797625,43.3203385],[-5.8797525,43.3203431],[-5.8797431,43.3203481],[-5.8797351,43.3203528],[-5.8797278,43.3203577],[-5.8797063,43.3203738],[-5.8796648,43.3204019],[-5.87965,43.3204115],[-5.8796344,43.3204211],[-5.879618,43.3204305],[-5.879601,43.3204394],[-5.8795815,43.320448],[-5.8795612,43.3204557],[-5.8795019,43.3204754],[-5.8794656,43.3204858],[-5.8794495,43.3204897],[-5.8794282,43.3204937],[-5.8794118,43.320496],[-5.8793951,43.3204977],[-5.8793793,43.320499],[-5.8793582,43.3204996],[-5.8793164,43.3204994],[-5.8792961,43.3205],[-5.8792787,43.3205017],[-5.8792479,43.3205057],[-5.8792344,43.320507],[-5.8792232,43.3205073],[-5.8791655,43.3205074],[-5.8791307,43.3205065],[-5.879121,43.3205066],[-5.8790386,43.3205122],[-5.879025,43.3205122],[-5.879013,43.3205105],[-5.879005,43.3205074],[-5.8789959,43.3205008],[-5.8789878,43.3204925],[-5.878973,43.3204755],[-5.8789642,43.3204639],[-5.8789601,43.3204576],[-5.8789571,43.3204515],[-5.8789559,43.3204468],[-5.8789559,43.3204377],[-5.878957,43.3204308],[-5.8789587,43.3204242],[-5.8789623,43.3204126],[-5.8789624,43.3204088],[-5.878962,43.3204054],[-5.8789612,43.3204023],[-5.8789597,43.3203996],[-5.8789562,43.3203969],[-5.8789514,43.3203953],[-5.8789463,43.320395],[-5.8789429,43.3203955],[-5.878929,43.3203998],[-5.8789191,43.3204011],[-5.8789083,43.320401],[-5.8788893,43.3203991],[-5.8788814,43.3203997],[-5.8788745,43.3204016],[-5.8788694,43.3204051],[-5.8788677,43.3204094],[-5.8788697,43.3204139],[-5.8788862,43.3204306],[-5.8788922,43.3204394],[-5.8788966,43.3204485],[-5.8788992,43.320457],[-5.8788983,43.3204646],[-5.8788941,43.3204709],[-5.8788864,43.3204752],[-5.8788798,43.3204769],[-5.8788729,43.3204774],[-5.878866,43.3204765],[-5.8788587,43.3204736],[-5.8788523,43.3204692],[-5.8788465,43.3204638],[-5.8788372,43.3204532],[-5.8788327,43.3204487],[-5.8788205,43.3204379],[-5.8788131,43.3204301],[-5.8788072,43.3204208],[-5.8788038,43.32041],[-5.8788025,43.3203979],[-5.8788028,43.3203848],[-5.878804,43.320371],[-5.8788077,43.3203442],[-5.87881,43.3203316],[-5.8788131,43.3203187],[-5.8788164,43.3203075],[-5.8788218,43.3202932],[-5.8788281,43.320279],[-5.8788488,43.3202362],[-5.8788551,43.3202218],[-5.8788599,43.3202089],[-5.8788639,43.3201959],[-5.878867,43.320183],[-5.8788694,43.3201682],[-5.8788708,43.3201535],[-5.8788716,43.3201391],[-5.878872,43.3201258],[-5.8788716,43.3201131],[-5.8788698,43.3201009],[-5.8788657,43.3200879],[-5.8788619,43.3200794],[-5.8788572,43.3200716],[-5.8788482,43.3200617],[-5.8788369,43.3200547],[-5.8788859,43.3200169],[-5.8791196,43.3197609],[-5.8792584,43.3195453],[-5.879451,43.319051],[-5.8795331,43.3185813],[-5.879505,43.3181442],[-5.8793912,43.3177854],[-5.8791098,43.3172677],[-5.8790274,43.3171795],[-5.8788009,43.3169574],[-5.8783148,43.3165998],[-5.8775381,43.3162387],[-5.876808,43.3160776],[-5.8764947,43.3160659],[-5.8763429,43.3159289],[-5.876148,43.3158223],[-5.8758884,43.3156875],[-5.8752851,43.3155286],[-5.8746761,43.315408],[-5.8741913,43.315393],[-5.8735382,43.315442],[-5.8732276,43.3154879],[-5.8731348,43.3155259],[-5.8728595,43.3155788],[-5.8723834,43.3157484],[-5.8719408,43.3159988],[-5.8716714,43.3161676],[-5.8716211,43.3161287],[-5.8719942,43.315879],[-5.872508,43.3155304],[-5.8728621,43.3152874],[-5.872567,43.3148327],[-5.871869,43.3152187],[-5.871711,43.3153132],[-5.8717189,43.3153895],[-5.8714607,43.3154011],[-5.87146,43.3153996],[-5.8714539,43.3153908],[-5.871446,43.3153833],[-5.8714365,43.3153776],[-5.8714262,43.3153744],[-5.871415,43.3153729],[-5.8713862,43.315372],[-5.8713802,43.3153712],[-5.8713747,43.3153701],[-5.8713626,43.3153669],[-5.8713538,43.3153653],[-5.8713444,43.3153643],[-5.8713302,43.3153636],[-5.8713172,43.315362],[-5.8712654,43.315353],[-5.8712508,43.3153513],[-5.8712398,43.3153512],[-5.8712199,43.3153515],[-5.8712105,43.3153503],[-5.8712033,43.3153478],[-5.8711996,43.3153442],[-5.8711993,43.3153424],[-5.8712025,43.3153371],[-5.87121,43.315331],[-5.8712329,43.3153164],[-5.8712447,43.3153079],[-5.8712541,43.3152989],[-5.8712605,43.3152888],[-5.8712651,43.3152774],[-5.8712687,43.315265],[-5.8712728,43.3152485],[-5.8712743,43.3152403],[-5.8712761,43.3152268],[-5.8712762,43.3152125],[-5.8712748,43.3151979],[-5.8712656,43.3151487],[-5.8712619,43.3151223],[-5.8712596,43.3150955],[-5.8712575,43.3150616],[-5.8712552,43.3150096],[-5.8712549,43.3149523],[-5.8712551,43.3149282],[-5.8712557,43.3149138],[-5.8712587,43.3148705],[-5.8712593,43.3148562],[-5.8712592,43.3148418],[-5.8712575,43.3148247],[-5.8712544,43.3148077],[-5.8712501,43.3147909],[-5.8712447,43.3147744],[-5.8712383,43.3147582],[-5.871214,43.3147054],[-5.8712029,43.3146787],[-5.871199,43.3146662],[-5.8711978,43.3146541],[-5.8712003,43.3146437],[-5.8712057,43.3146334],[-5.8712134,43.3146232],[-5.8712232,43.3146134],[-5.8712312,43.3146066],[-5.8712397,43.3146],[-5.8712781,43.3145721],[-5.8713041,43.3145523],[-5.8713159,43.3145422],[-5.8713264,43.3145317],[-5.8713342,43.3145221],[-5.8713407,43.3145126],[-5.8713467,43.314503],[-5.8713535,43.3144904],[-5.8713586,43.3144777],[-5.8713604,43.3144701],[-5.8713611,43.3144624],[-5.8713595,43.3144477],[-5.871355,43.3144329],[-5.8713486,43.3144179],[-5.871329,43.3143773],[-5.8713175,43.314351],[-5.8713115,43.3143358],[-5.8712778,43.3142227],[-5.8712708,43.3141944],[-5.8712678,43.3141801],[-5.8712634,43.3141522],[-5.8712613,43.3141343],[-5.8712593,43.3141103],[-5.8712564,43.3140633],[-5.8712563,43.3140503],[-5.8712567,43.3140371],[-5.8712581,43.3140244],[-5.8712612,43.3140122],[-5.8712658,43.3140006],[-5.8712699,43.3139931],[-5.871275,43.3139856],[-5.8712809,43.3139785],[-5.8712887,43.3139704],[-5.8712974,43.3139629],[-5.8713072,43.3139564],[-5.8713228,43.3139494],[-5.8713379,43.3139446],[-5.871354,43.3139412],[-5.8713687,43.3139394],[-5.8713836,43.3139384],[-5.8714156,43.313937],[-5.8714317,43.3139357],[-5.8714461,43.3139332],[-5.8714566,43.3139298],[-5.8714647,43.3139249],[-5.8714704,43.3139174],[-5.871472,43.3139122],[-5.8714723,43.3139018],[-5.8714701,43.3138811],[-5.8714698,43.3138714],[-5.8714704,43.3138615],[-5.871473,43.3138473],[-5.8714772,43.3138332],[-5.8714809,43.3138228],[-5.8714851,43.3138127],[-5.8714898,43.3138033],[-5.8715046,43.3137787],[-5.8715126,43.3137633],[-5.8715177,43.3137526],[-5.8715217,43.3137412],[-5.8715233,43.3137333],[-5.8715241,43.3137251],[-5.871524,43.3137122],[-5.8715221,43.3136991],[-5.8715178,43.3136841],[-5.8715048,43.3136478],[-5.8715022,43.3136375],[-5.8715005,43.3136269],[-5.8714995,43.3136131],[-5.8714999,43.3135991],[-5.8715012,43.3135852],[-5.8715028,43.3135743],[-5.8715052,43.3135636],[-5.8715083,43.3135531],[-5.8715156,43.313535],[-5.8715207,43.313525],[-5.8715338,43.3135009],[-5.8715372,43.3134926],[-5.8715386,43.3134849],[-5.8715365,43.3134758],[-5.871531,43.3134678],[-5.8715243,43.3134619],[-5.871517,43.3134563],[-5.8715104,43.3134499],[-5.8715062,43.3134437],[-5.8715032,43.3134366],[-5.8715016,43.3134284],[-5.8715015,43.3134201],[-5.8715024,43.3134146],[-5.8715048,43.3134083],[-5.8715086,43.3134026],[-5.8715129,43.3133986],[-5.8715184,43.3133953],[-5.871525,43.3133929],[-5.8715324,43.3133912],[-5.8715405,43.3133903],[-5.8715491,43.3133902],[-5.8715505,43.3133903],[-5.8715651,43.3133917],[-5.8715818,43.313395],[-5.8715921,43.3133977],[-5.8716026,43.3134008],[-5.8716129,43.3134045],[-5.8716236,43.3134087],[-5.8716339,43.3134133],[-5.8716479,43.3134207],[-5.8717229,43.3134624],[-5.871748,43.3134775],[-5.8717573,43.3134836],[-5.8717674,43.3134901],[-5.8717892,43.3135054],[-5.8718072,43.3135186],[-5.8718367,43.3135413],[-5.8718498,43.3135522],[-5.8718624,43.3135634],[-5.8718723,43.3135732],[-5.8718818,43.3135833],[-5.8719083,43.3136136],[-5.8719187,43.3136256],[-5.8719302,43.3136401],[-5.8719411,43.3136547],[-5.8719788,43.3137094],[-5.8719847,43.3137171],[-5.8719874,43.3137207],[-5.8719944,43.3137288],[-5.8720012,43.3137357],[-5.8720077,43.3137412],[-5.872013,43.3137447],[-5.8720184,43.3137468],[-5.8720241,43.3137475],[-5.8720292,43.3137471],[-5.8720342,43.3137459],[-5.8720421,43.3137425],[-5.8720509,43.3137374],[-5.8720609,43.3137301],[-5.8720635,43.313728],[-5.8720662,43.3137257],[-5.8720707,43.3137207],[-5.8720755,43.3137123],[-5.8720767,43.3137025],[-5.8720745,43.3136914],[-5.8720691,43.3136739],[-5.8720619,43.3136542],[-5.8720558,43.3136406],[-5.8720488,43.3136267],[-5.8720285,43.3135888],[-5.8720219,43.3135774],[-5.8720162,43.3135682],[-5.87201,43.3135592],[-5.8720018,43.3135482],[-5.8719931,43.3135375],[-5.8719612,43.3135023],[-5.8719494,43.3134907],[-5.8719365,43.3134793],[-5.871929,43.3134731],[-5.8719214,43.3134668],[-5.8718892,43.313442],[-5.8718553,43.3134175],[-5.8718201,43.3133938],[-5.871802,43.3133824],[-5.8717834,43.3133715],[-5.8717565,43.313357],[-5.8716932,43.313324],[-5.8716274,43.3132932],[-5.8715934,43.3132762],[-5.8715571,43.31326],[-5.8715445,43.313254],[-5.8715321,43.3132476],[-5.8715049,43.3132322],[-5.8714897,43.3132231],[-5.8714607,43.3132058],[-5.8714287,43.3131881],[-5.8714122,43.3131783],[-5.8714029,43.3131719],[-5.8713941,43.313165],[-5.8713807,43.313153],[-5.8713442,43.3131163],[-5.8713323,43.3131053],[-5.8713165,43.3130923],[-5.8713076,43.3130842],[-5.8713008,43.3130755],[-5.8712961,43.3130664],[-5.8712938,43.3130575],[-5.871294,43.3130493],[-5.8712977,43.3130416],[-5.8713031,43.313037],[-5.87131,43.3130341],[-5.871316,43.3130332],[-5.8713221,43.3130335],[-5.8713296,43.3130358],[-5.871337,43.3130396],[-5.8713619,43.3130555],[-5.8713718,43.3130602],[-5.8713816,43.313062],[-5.8713891,43.3130608],[-5.8713958,43.3130574],[-5.8714024,43.3130504],[-5.8714079,43.3130411],[-5.8714178,43.3130213],[-5.8714222,43.3130114],[-5.8714264,43.3129981],[-5.8714295,43.3129839],[-5.8714315,43.3129692],[-5.8714327,43.3129542],[-5.8714331,43.3129392],[-5.8714326,43.3129246],[-5.8714314,43.3129108],[-5.8714291,43.312898],[-5.8714256,43.3128869],[-5.8714231,43.3128816],[-5.8714135,43.3128651],[-5.8714086,43.3128594],[-5.8714019,43.3128553],[-5.8713937,43.3128532],[-5.8713838,43.3128534],[-5.8713745,43.312856],[-5.8713672,43.3128607],[-5.8713636,43.3128658],[-5.8713618,43.3128715],[-5.8713609,43.3128821],[-5.8713602,43.3128871],[-5.8713586,43.3128924],[-5.8713551,43.3129],[-5.8713456,43.3129163],[-5.8713418,43.3129239],[-5.8713252,43.3129587],[-5.8713216,43.3129645],[-5.8713176,43.3129681],[-5.8713133,43.3129697],[-5.8713092,43.3129697],[-5.8713062,43.312969],[-5.8713,43.3129664],[-5.8712978,43.3129647],[-5.871295,43.3129615],[-5.8712887,43.3129484],[-5.8712777,43.312931],[-5.8712745,43.3129241],[-5.8712723,43.3129163],[-5.8712716,43.31291],[-5.8712717,43.3129035],[-5.8712733,43.3128939],[-5.8712764,43.3128841],[-5.8712805,43.312874],[-5.8712875,43.3128609],[-5.8712936,43.3128522],[-5.8713008,43.3128438],[-5.8713076,43.3128372],[-5.871315,43.312831],[-5.871323,43.3128252],[-5.8713316,43.3128198],[-5.8713447,43.3128127],[-5.8713763,43.3127976],[-5.8713886,43.3127912],[-5.8714039,43.3127823],[-5.8714176,43.3127726],[-5.8714285,43.3127624],[-5.8714377,43.3127516],[-5.8714577,43.3127236],[-5.8714628,43.3127174],[-5.8714719,43.3127089],[-5.8714826,43.3127011],[-5.8714942,43.3126942],[-5.8715147,43.3126828],[-5.8715235,43.3126768],[-5.8715302,43.31267],[-5.8715345,43.3126615],[-5.8715362,43.3126518],[-5.8715359,43.3126413],[-5.8715338,43.3126302],[-5.8715224,43.3125934],[-5.8715202,43.3125804],[-5.8715202,43.3125661],[-5.8715224,43.3125514],[-5.8715263,43.3125364],[-5.8715314,43.3125212],[-5.8715373,43.3125059],[-5.8715504,43.3124749],[-5.8715704,43.3124301],[-5.8715847,43.312401],[-5.8715974,43.3123765],[-5.8716036,43.3123628],[-5.8716193,43.3123233],[-5.8716245,43.3123113],[-5.8716302,43.3123003],[-5.8716367,43.3122906],[-5.8716487,43.3122774],[-5.8716543,43.3122707],[-5.8716604,43.31226],[-5.8716645,43.3122478],[-5.8716662,43.3122346],[-5.8716651,43.3122209],[-5.8716619,43.3122095],[-5.8716571,43.3121979],[-5.8716385,43.3121595],[-5.8716313,43.3121437],[-5.8716119,43.312101],[-5.8716073,43.3120896],[-5.8716037,43.3120782],[-5.8716019,43.31207],[-5.8716007,43.3120618],[-5.8715993,43.3120285],[-5.8715975,43.3120046],[-5.8715944,43.311982],[-5.8715894,43.3119539],[-5.8715886,43.3119459],[-5.8715885,43.3119313],[-5.871591,43.3119173],[-5.8715957,43.3119057],[-5.8716021,43.3118946],[-5.8716163,43.3118728],[-5.8716174,43.3118707],[-5.8716221,43.3118619],[-5.8716257,43.3118508],[-5.8716263,43.3118393],[-5.8716246,43.3118276],[-5.8716212,43.3118156],[-5.8716138,43.3117962],[-5.8716107,43.3117877],[-5.8716057,43.3117713],[-5.8716038,43.3117625],[-5.8716009,43.3117382],[-5.8715986,43.3117245],[-5.8715844,43.3116618],[-5.8715798,43.3116478],[-5.8715737,43.3116343],[-5.871566,43.3116217],[-5.8715564,43.3116104],[-5.8715445,43.3116008],[-5.8715367,43.3115963],[-5.8715282,43.3115925],[-5.8715155,43.3115879],[-5.8715018,43.3115841],[-5.8714825,43.3115804],[-5.8714622,43.3115776],[-5.8714336,43.3115748],[-5.8714119,43.3115737],[-5.8713459,43.3115718],[-5.8713243,43.3115703],[-5.8713032,43.3115678],[-5.871286,43.3115644],[-5.8712695,43.31156],[-5.8712538,43.3115544],[-5.8712391,43.3115478],[-5.8712238,43.311539],[-5.8712094,43.3115292],[-5.8711966,43.31152],[-5.8711843,43.3115103],[-5.8711725,43.3115004],[-5.8711617,43.31149],[-5.8711519,43.3114792],[-5.8711442,43.3114689],[-5.8711157,43.311425],[-5.8710994,43.3113985],[-5.8710901,43.3113859],[-5.8710788,43.3113739],[-5.8710535,43.3113506],[-5.871043,43.3113401],[-5.871034,43.3113298],[-5.8710268,43.3113202],[-5.871002,43.3112842],[-5.8709922,43.3112713],[-5.8709858,43.3112639],[-5.8709767,43.3112546],[-5.8709669,43.3112455],[-5.8709303,43.3112134],[-5.8709045,43.3111899],[-5.8708923,43.3111778],[-5.8708847,43.3111699],[-5.8708706,43.3111539],[-5.8708643,43.3111457],[-5.8708555,43.3111318],[-5.8708476,43.3111167],[-5.870841,43.311101],[-5.8708356,43.3110849],[-5.8708315,43.3110686],[-5.8708214,43.3110157],[-5.8708159,43.3109889],[-5.8708135,43.3109755],[-5.8708117,43.310962],[-5.8708108,43.3109463],[-5.8708111,43.3109306],[-5.8708123,43.310915],[-5.8708144,43.3108995],[-5.8708163,43.3108892],[-5.8708187,43.3108791],[-5.870824,43.310863],[-5.870831,43.3108476],[-5.8708397,43.3108329],[-5.8708499,43.3108193],[-5.8708611,43.3108069],[-5.8708681,43.3108004],[-5.8708755,43.3107946],[-5.8708852,43.3107885],[-5.8708932,43.3107846],[-5.8709014,43.3107817],[-5.8709158,43.3107792],[-5.8709379,43.3107781],[-5.8709446,43.3107777],[-5.8709545,43.3107766],[-5.8709637,43.3107749],[-5.870972,43.3107729],[-5.8709815,43.3107696],[-5.8709892,43.3107658],[-5.8709956,43.3107614],[-5.8709995,43.3107593],[-5.8710042,43.3107573],[-5.871009,43.3107558],[-5.8710202,43.310753],[-5.8710346,43.3107501],[-5.8710526,43.3107442],[-5.8710579,43.3107431],[-5.8710637,43.3107427],[-5.8710698,43.3107427],[-5.8710761,43.3107431],[-5.8710822,43.310744],[-5.8710908,43.3107466],[-5.8711043,43.3107521],[-5.8711107,43.3107543],[-5.8711178,43.3107559],[-5.871126,43.3107569],[-5.8711565,43.3107597],[-5.8711718,43.3107618],[-5.8712045,43.3107671],[-5.8712502,43.3107734],[-5.8712689,43.3107766],[-5.8713074,43.3107838],[-5.8713266,43.310787],[-5.8713461,43.3107898],[-5.8713857,43.3107947],[-5.8714374,43.3108003],[-5.8715025,43.3108082],[-5.8715253,43.3108104],[-5.8715477,43.3108121],[-5.8715694,43.3108133],[-5.8715901,43.310814],[-5.8716093,43.3108142],[-5.8716264,43.3108139],[-5.8716406,43.3108128],[-5.8716591,43.3108099],[-5.8716653,43.3108094],[-5.8716732,43.3108098],[-5.8716906,43.3108129],[-5.8717083,43.3108151],[-5.8717133,43.3108154],[-5.871718,43.3108152],[-5.8717305,43.3108137],[-5.8717354,43.3108135],[-5.8717445,43.3108136],[-5.8717552,43.3108143],[-5.8717642,43.3108153],[-5.8717737,43.3108168],[-5.8717856,43.3108194],[-5.8718106,43.3108254],[-5.8718661,43.3108361],[-5.8719231,43.3108447],[-5.8719427,43.3108473],[-5.8719829,43.3108518],[-5.8720204,43.3108552],[-5.8720391,43.3108563],[-5.8720852,43.3108581],[-5.8721004,43.310859],[-5.8722246,43.3108678],[-5.8722582,43.3108705],[-5.8722985,43.3108728],[-5.8723311,43.3108753],[-5.8723565,43.3108766],[-5.8723643,43.3108773],[-5.8723764,43.3108791],[-5.8724139,43.3108866],[-5.8724292,43.3108894],[-5.8724449,43.3108918],[-5.8724606,43.3108938],[-5.8724909,43.3108969],[-5.8725058,43.3108992],[-5.8725193,43.3109027],[-5.8725324,43.3109074],[-5.8725451,43.3109131],[-5.8725592,43.310921],[-5.8725728,43.3109299],[-5.8726027,43.3109512],[-5.8726192,43.3109634],[-5.8726355,43.3109759],[-5.8726514,43.3109889],[-5.8726619,43.310998],[-5.8726822,43.3110168],[-5.8727007,43.3110355],[-5.8727117,43.3110479],[-5.8727219,43.3110605],[-5.8727313,43.311073],[-5.87274,43.3110856],[-5.8727569,43.3111116],[-5.8727646,43.3111221],[-5.8727709,43.3111296],[-5.8727845,43.3111444],[-5.872792,43.3111517],[-5.8728036,43.3111614],[-5.872827,43.3111791],[-5.8728375,43.3111878],[-5.8728463,43.3111972],[-5.872854,43.3112103],[-5.8728589,43.3112249],[-5.8728618,43.3112404],[-5.8729006,43.3110741],[-5.8729955,43.3110185],[-5.872981,43.310979],[-5.8729722,43.310958],[-5.872963,43.3109387],[-5.8729561,43.3109281],[-5.8729508,43.3109221],[-5.8729446,43.3109163],[-5.8729335,43.3109072],[-5.8729208,43.3108986],[-5.8729064,43.3108907],[-5.8728905,43.3108835],[-5.8728738,43.3108771],[-5.8728562,43.3108712],[-5.872836,43.3108651],[-5.8727959,43.3108538],[-5.8727584,43.3108437],[-5.8727394,43.3108388],[-5.8726952,43.3108286],[-5.8726597,43.3108213],[-5.8726131,43.3108122],[-5.8726005,43.3108092],[-5.8725898,43.3108056],[-5.8725816,43.310801],[-5.8725762,43.3107947],[-5.8725747,43.3107905],[-5.8725736,43.3107873],[-5.8725734,43.3107792],[-5.8725753,43.310771],[-5.8725784,43.310764],[-5.8725829,43.3107569],[-5.8725879,43.3107507],[-5.8725979,43.3107413],[-5.8726017,43.3107359],[-5.8726026,43.3107305],[-5.8726012,43.3107271],[-5.8725984,43.310724],[-5.8725927,43.3107202],[-5.8725867,43.3107176],[-5.8725799,43.3107157],[-5.8725707,43.3107139],[-5.8725613,43.3107128],[-5.8725515,43.310713],[-5.8725435,43.3107146],[-5.8725352,43.3107172],[-5.8725106,43.3107278],[-5.872497,43.3107328],[-5.8724842,43.3107359],[-5.8724707,43.3107376],[-5.8724569,43.3107378],[-5.8724413,43.3107359],[-5.8724257,43.3107327],[-5.8724095,43.3107287],[-5.8723939,43.3107241],[-5.8723798,43.3107189],[-5.8723749,43.3107166],[-5.872357,43.3107071],[-5.8723479,43.3107027],[-5.8723386,43.3106993],[-5.8723292,43.3106977],[-5.8723171,43.3106987],[-5.8723046,43.3107021],[-5.8722714,43.3107137],[-5.872257,43.3107178],[-5.8722431,43.3107205],[-5.8722314,43.3107214],[-5.8722236,43.3107214],[-5.8722078,43.3107211],[-5.8721944,43.31072],[-5.8721876,43.310719],[-5.8721754,43.3107158],[-5.8721635,43.3107108],[-5.8721532,43.3107046],[-5.8721342,43.3106907],[-5.8721248,43.3106847],[-5.8721158,43.3106807],[-5.8721065,43.3106788],[-5.8720969,43.3106796],[-5.8720869,43.3106824],[-5.8720649,43.3106904],[-5.8720524,43.310694],[-5.8720374,43.3106964],[-5.8720213,43.3106975],[-5.8720075,43.3106973],[-5.8719937,43.3106962],[-5.8719794,43.3106937],[-5.8719657,43.3106902],[-5.8719528,43.310686],[-5.8719437,43.3106823],[-5.8719355,43.3106784],[-5.8719162,43.3106671],[-5.8719065,43.3106621],[-5.8718979,43.3106593],[-5.8718962,43.3106588],[-5.8718863,43.3106583],[-5.8718768,43.3106613],[-5.8718675,43.3106671],[-5.8718477,43.3106819],[-5.871836,43.3106888],[-5.8718258,43.3106929],[-5.8718203,43.3106944],[-5.8718046,43.3106966],[-5.8717879,43.3106964],[-5.871771,43.3106941],[-5.8717537,43.3106896],[-5.8717433,43.3106855],[-5.8717335,43.3106805],[-5.871723,43.3106741],[-5.8717037,43.3106607],[-5.8716898,43.3106519],[-5.8716798,43.3106471],[-5.87167,43.3106444],[-5.8716614,43.3106442],[-5.8716529,43.3106455],[-5.8716446,43.310648],[-5.8716279,43.3106542],[-5.8716187,43.3106568],[-5.8716079,43.3106585],[-5.871596,43.3106592],[-5.8715835,43.3106593],[-5.8715665,43.3106586],[-5.871553,43.3106573],[-5.8715417,43.3106555],[-5.871531,43.3106531],[-5.8715202,43.3106497],[-5.8715105,43.3106456],[-5.8715022,43.3106413],[-5.8714952,43.3106368],[-5.8714835,43.3106278],[-5.871477,43.3106236],[-5.8714695,43.3106199],[-5.8714599,43.3106166],[-5.8714499,43.3106154],[-5.8714408,43.3106169],[-5.8714316,43.3106211],[-5.8714227,43.3106272],[-5.8714037,43.3106418],[-5.8713935,43.3106485],[-5.871383,43.3106548],[-5.8713725,43.3106603],[-5.8713634,43.3106642],[-5.8713336,43.3106756],[-5.8713288,43.3106769],[-5.8713241,43.3106777],[-5.8713166,43.3106777],[-5.87131,43.310676],[-5.8713046,43.3106722],[-5.8713015,43.3106678],[-5.8712984,43.3106615],[-5.8712947,43.3106553],[-5.8712898,43.3106483],[-5.8712838,43.3106412],[-5.8712594,43.3106159],[-5.8712527,43.3106094],[-5.871247,43.3106051],[-5.8712407,43.3106018],[-5.8712315,43.3105994],[-5.8712215,43.3105993],[-5.8712107,43.3106016],[-5.8711995,43.3106055],[-5.8711878,43.31061],[-5.8711751,43.3106143],[-5.8711628,43.3106172],[-5.8711499,43.3106192],[-5.8711368,43.31062],[-5.8711245,43.3106197],[-5.8711127,43.3106186],[-5.8711018,43.3106167],[-5.8710909,43.3106138],[-5.8710823,43.3106104],[-5.8710795,43.3106087],[-5.8710751,43.3106049],[-5.8710687,43.3105963],[-5.8710639,43.3105914],[-5.8710575,43.3105867],[-5.8710477,43.3105817],[-5.8710368,43.3105779],[-5.8710275,43.3105759],[-5.8710183,43.310576],[-5.8710123,43.3105775],[-5.8710066,43.3105803],[-5.8709985,43.3105868],[-5.870991,43.3105951],[-5.8709763,43.3106144],[-5.870968,43.3106241],[-5.8709586,43.3106329],[-5.8709472,43.3106401],[-5.8709343,43.310645],[-5.8709195,43.3106481],[-5.8709033,43.3106498],[-5.870902,43.3106498],[-5.8708861,43.3106502],[-5.8708712,43.3106498],[-5.870856,43.3106488],[-5.8708405,43.3106474],[-5.8708174,43.3106446],[-5.870794,43.3106411],[-5.8707707,43.310637],[-5.8707476,43.3106322],[-5.8707119,43.310624],[-5.8706754,43.3106161],[-5.8706546,43.3106113],[-5.870613,43.3106007],[-5.8705717,43.3105889],[-5.8705386,43.3105786],[-5.8705007,43.3105656],[-5.8704612,43.3105507],[-5.8704291,43.3105381],[-5.8704165,43.3105329],[-5.8704005,43.3105254],[-5.8703832,43.3105163],[-5.8703666,43.3105066],[-5.8703506,43.3104967],[-5.8703204,43.3104766],[-5.8703069,43.3104668],[-5.8702951,43.3104575],[-5.8702858,43.3104489],[-5.8702798,43.3104413],[-5.8702784,43.310435],[-5.8702827,43.3104303],[-5.870292,43.310428],[-5.8703013,43.3104281],[-5.8703122,43.3104296],[-5.8703218,43.3104315],[-5.8703321,43.310434],[-5.8703492,43.3104388],[-5.870386,43.3104498],[-5.8704054,43.3104549],[-5.8704259,43.3104593],[-5.8704467,43.3104626],[-5.8704678,43.3104647],[-5.8704887,43.3104655],[-5.8704888,43.3104655],[-5.8705078,43.3104648],[-5.8705267,43.3104632],[-5.8705642,43.3104592],[-5.870608,43.310455],[-5.8706294,43.3104517],[-5.8706428,43.3104487],[-5.870656,43.3104451],[-5.870676,43.3104389],[-5.8706958,43.3104321],[-5.870715,43.3104247],[-5.8707252,43.3104203],[-5.870745,43.3104108],[-5.8707599,43.3104028],[-5.8707888,43.3103862],[-5.8708033,43.3103787],[-5.8708159,43.3103734],[-5.8708404,43.310364],[-5.8708512,43.3103585],[-5.8708514,43.3103583],[-5.8708598,43.310352],[-5.8708664,43.3103442],[-5.8708705,43.3103364],[-5.8708733,43.3103279],[-5.8708751,43.3103189],[-5.8708766,43.3103076],[-5.8708772,43.310296],[-5.8708769,43.3102843],[-5.8708755,43.3102731],[-5.8708707,43.3102516],[-5.8708676,43.3102409],[-5.8708633,43.3102308],[-5.8708567,43.310221],[-5.8708401,43.3102022],[-5.870832,43.3101924],[-5.8708271,43.3101855],[-5.8708228,43.3101783],[-5.8708195,43.3101718],[-5.870815,43.310161],[-5.8708127,43.3101503],[-5.8708136,43.3101401],[-5.8708184,43.3101311],[-5.8708196,43.3101289],[-5.87083,43.3101181],[-5.8708436,43.3101078],[-5.8708595,43.3100976],[-5.870877,43.3100877],[-5.8708957,43.3100779],[-5.8709152,43.3100682],[-5.8709556,43.3100489],[-5.8711004,43.3099813],[-5.8712442,43.3099131],[-5.8712849,43.3098944],[-5.8713051,43.3098855],[-5.8713252,43.3098772],[-5.871345,43.3098696],[-5.8713646,43.3098632],[-5.8713839,43.3098583],[-5.8714026,43.3098556],[-5.8714206,43.3098558],[-5.8714382,43.3098596],[-5.8714552,43.3098659],[-5.8714664,43.309871],[-5.8714981,43.3098871],[-5.8715103,43.3098928],[-5.8715206,43.3098969],[-5.8715392,43.3099024],[-5.8715587,43.3099063],[-5.8715732,43.3099082],[-5.8715879,43.3099093],[-5.8715975,43.3099092],[-5.8716025,43.3099092],[-5.8716194,43.3099073],[-5.871636,43.3099036],[-5.8716522,43.3098984],[-5.8716677,43.3098918],[-5.8716853,43.309882],[-5.8717018,43.3098708],[-5.8717074,43.3098666],[-5.8717217,43.3098551],[-5.8717488,43.3098316],[-5.8717633,43.30982],[-5.8717787,43.3098101],[-5.8717954,43.3098013],[-5.8718131,43.3097936],[-5.8718271,43.3097887],[-5.8718471,43.3097835],[-5.871868,43.3097802],[-5.8718823,43.3097791],[-5.8718968,43.3097786],[-5.8719567,43.3097785],[-5.8719749,43.309778],[-5.8719932,43.3097772],[-5.8720116,43.3097759],[-5.8720258,43.3097746],[-5.87204,43.3097729],[-5.8720596,43.3097699],[-5.8720788,43.3097662],[-5.8721006,43.3097613],[-5.872119,43.3097561],[-5.8721369,43.3097501],[-5.8721504,43.3097449],[-5.8721739,43.309735],[-5.8722289,43.30971],[-5.872243,43.3097041],[-5.8722573,43.3096991],[-5.872271,43.3096957],[-5.8722852,43.3096936],[-5.8722996,43.3096928],[-5.8723198,43.3096941],[-5.8723403,43.3096977],[-5.8723609,43.3097028],[-5.8723816,43.3097091],[-5.8724024,43.3097162],[-5.8724233,43.3097238],[-5.8724651,43.3097402],[-5.8726534,43.3098174],[-5.8728625,43.3099025],[-5.8731554,43.3100233],[-5.8733658,43.3101076],[-5.8737047,43.310245],[-5.8739621,43.3103482],[-5.8740036,43.3103656],[-5.8740233,43.3103745],[-5.8740421,43.3103835],[-5.8740594,43.3103927],[-5.8740746,43.3104021],[-5.8740869,43.310412],[-5.8740952,43.3104223],[-5.8740987,43.310433],[-5.8740984,43.3104438],[-5.8740952,43.3104539],[-5.8740901,43.3104628],[-5.8740812,43.310473],[-5.874077,43.3104785],[-5.8740729,43.3104866],[-5.8740697,43.3104961],[-5.8740669,43.3105087],[-5.8740652,43.3105222],[-5.8740651,43.3105364],[-5.8740669,43.3105507],[-5.8740697,43.3105614],[-5.8740794,43.3105904],[-5.8740827,43.310603],[-5.8740852,43.3106158],[-5.8740873,43.3106286],[-5.874092,43.310669],[-5.8740975,43.3106996],[-5.8741003,43.3107096],[-5.8741042,43.3107191],[-5.8741174,43.3107421],[-5.8741198,43.3107468],[-5.8741221,43.3107515],[-5.8741259,43.310761],[-5.8741311,43.3107776],[-5.8741417,43.3108042],[-5.8741454,43.3108157],[-5.8741518,43.3108384],[-5.8741536,43.3108441],[-5.8741584,43.3108683],[-5.8741579,43.3108715],[-5.8741546,43.3108768],[-5.8741495,43.3108814],[-5.8741431,43.3108852],[-5.8741266,43.3108924],[-5.874123,43.310894],[-5.8741177,43.310897],[-5.8741096,43.3109032],[-5.8741039,43.3109105],[-5.874102,43.3109148],[-5.8741009,43.3109193],[-5.8741003,43.3109251],[-5.8741005,43.3109307],[-5.8741019,43.310936],[-5.8741048,43.3109409],[-5.8741091,43.3109456],[-5.8741155,43.3109512],[-5.8741273,43.3109601],[-5.8741475,43.3109741],[-5.8741483,43.3109746],[-5.8741556,43.3109802],[-5.8741642,43.3109873],[-5.8741723,43.3109947],[-5.8741794,43.3110028],[-5.8741859,43.3110134],[-5.8741877,43.3110173],[-5.8741878,43.3110174],[-5.8741912,43.3110248],[-5.8742013,43.3110489],[-5.8742076,43.3110611],[-5.874247,43.3111282],[-5.8742556,43.311141],[-5.8742653,43.3111523],[-5.8742856,43.3111738],[-5.8742939,43.311185],[-5.8743003,43.3111963],[-5.8743047,43.3112071],[-5.8743047,43.3112073],[-5.8743066,43.311216],[-5.8743086,43.3112323],[-5.8743101,43.3112366],[-5.8743127,43.3112408],[-5.874316,43.3112447],[-5.87432,43.3112482],[-5.8743248,43.3112514],[-5.8743407,43.3112605],[-5.8743522,43.3112678],[-5.874362,43.3112747],[-5.8743826,43.3112902],[-5.874402,43.3113057],[-5.8744115,43.3113139],[-5.8744428,43.3113423],[-5.8744566,43.311354],[-5.8744845,43.3113762],[-5.8745001,43.3113886],[-5.8745137,43.3114003],[-5.8745155,43.311402],[-5.874531,43.3114164],[-5.8745641,43.3114456],[-5.8745838,43.3114622],[-5.8745943,43.3114708],[-5.8746053,43.3114791],[-5.8746213,43.3114901],[-5.874683,43.31153],[-5.8747343,43.3115604],[-5.8747714,43.3115829],[-5.8747885,43.3115927],[-5.8748181,43.3116088],[-5.8748304,43.3116151],[-5.8748564,43.3116274],[-5.8748909,43.3116424],[-5.8749081,43.3116491],[-5.8749252,43.3116551],[-5.8749627,43.3116664],[-5.8749798,43.3116725],[-5.8749899,43.311677],[-5.8750099,43.3116871],[-5.8750219,43.3116927],[-5.875047,43.3117031],[-5.8750633,43.3117093],[-5.8750793,43.3117149],[-5.8750946,43.3117194],[-5.8751185,43.3117245],[-5.87514,43.3117276],[-5.8751472,43.3117292],[-5.8751594,43.3117333],[-5.875187,43.3117454],[-5.8752122,43.3117558],[-5.8752246,43.3117603],[-5.8752369,43.3117642],[-5.8752483,43.3117665],[-5.8752595,43.3117666],[-5.875268,43.3117643],[-5.8752722,43.31176],[-5.8752719,43.3117559],[-5.8752692,43.3117513],[-5.8752643,43.3117464],[-5.8752549,43.3117397],[-5.875224,43.3117219],[-5.8752177,43.3117166],[-5.8752153,43.3117125],[-5.8752145,43.3117083],[-5.8752152,43.3117063],[-5.8752167,43.3117021],[-5.8752228,43.311697],[-5.8752286,43.3116945],[-5.8752384,43.3116921],[-5.87525,43.311691],[-5.8752639,43.3116911],[-5.8752789,43.3116923],[-5.8752946,43.3116942],[-5.8753153,43.3116971],[-5.8753304,43.3116998],[-5.8753487,43.3117044],[-5.8753648,43.3117104],[-5.8753776,43.3117181],[-5.8753839,43.3117247],[-5.8753879,43.3117321],[-5.8753895,43.3117398],[-5.8753888,43.3117467],[-5.8753886,43.3117482],[-5.8753864,43.3117547],[-5.8753819,43.3117625],[-5.8753761,43.31177],[-5.8753683,43.3117789],[-5.8753526,43.3117951],[-5.8753446,43.3118016],[-5.8753353,43.3118064],[-5.8753241,43.3118087],[-5.8753113,43.3118089],[-5.8752975,43.3118074],[-5.8752829,43.3118046],[-5.875256,43.311798],[-5.8752391,43.3117933],[-5.8752224,43.311788],[-5.8752077,43.3117828],[-5.8751721,43.311769],[-5.8751638,43.3117656],[-5.8751417,43.3117559],[-5.8751327,43.3117525],[-5.875079,43.3117363],[-5.8750628,43.3117311],[-5.8750268,43.311719],[-5.8749896,43.3117076],[-5.8749422,43.3116903],[-5.8749065,43.3116781],[-5.874887,43.3116706],[-5.8748674,43.3116624],[-5.8748478,43.3116535],[-5.8748285,43.311644],[-5.8748116,43.3116349],[-5.8747481,43.3115996],[-5.87468,43.3115592],[-5.8746463,43.3115382],[-5.8746304,43.3115273],[-5.8745963,43.3115023],[-5.8745307,43.3114513],[-5.874501,43.3114274],[-5.8744861,43.3114163],[-5.8744747,43.3114088],[-5.8744631,43.3114021],[-5.8744516,43.3113962],[-5.8744323,43.3113876],[-5.8744206,43.3113828],[-5.8744076,43.3113766],[-5.8743885,43.3113668],[-5.8743827,43.3113635],[-5.8743772,43.3113597],[-5.8743687,43.3113513],[-5.874361,43.3113412],[-5.874349,43.3113237],[-5.8743419,43.3113148],[-5.8743317,43.3113043],[-5.8743094,43.3112829],[-5.8742987,43.3112715],[-5.8742887,43.3112598],[-5.8742799,43.3112479],[-5.8742729,43.3112364],[-5.8742605,43.3112146],[-5.874255,43.3112063],[-5.8742493,43.311199],[-5.8742335,43.3111821],[-5.8742293,43.3111765],[-5.8742244,43.311169],[-5.8742146,43.3111525],[-5.8742117,43.3111485],[-5.8742088,43.3111457],[-5.8742055,43.3111442],[-5.8742018,43.311144],[-5.8741962,43.3111453],[-5.8741858,43.3111494],[-5.8741809,43.3111489],[-5.8741769,43.3111458],[-5.8741731,43.3111405],[-5.8741683,43.3111303],[-5.8741568,43.3110987],[-5.8741516,43.311088],[-5.8741442,43.3110746],[-5.8741361,43.3110608],[-5.8741274,43.3110468],[-5.8741183,43.3110331],[-5.874109,43.3110201],[-5.8740995,43.3110082],[-5.874089,43.3109968],[-5.8740829,43.310991],[-5.8740767,43.310986],[-5.8740594,43.3109753],[-5.8740414,43.3109634],[-5.8740315,43.3109576],[-5.8740187,43.3109515],[-5.8739712,43.3109323],[-5.8739659,43.3109306],[-5.8739613,43.3109299],[-5.8739572,43.3109304],[-5.8739545,43.3109313],[-5.873952,43.3109334],[-5.8739509,43.3109368],[-5.8739512,43.3109414],[-5.8739525,43.3109474],[-5.8739548,43.3109545],[-5.8739748,43.3110032],[-5.87399,43.3110443],[-5.8739995,43.3110671],[-5.8740029,43.3110751],[-5.8740076,43.3110843],[-5.8740186,43.3111022],[-5.8740235,43.311111],[-5.8740273,43.3111199],[-5.8740295,43.311129],[-5.8740299,43.3111381],[-5.8740276,43.3111503],[-5.8740236,43.3111629],[-5.8740198,43.3111766],[-5.8740171,43.3111911],[-5.8740159,43.3112069],[-5.8740161,43.3112205],[-5.8740179,43.3112339],[-5.8740204,43.3112426],[-5.8740237,43.3112511],[-5.8740277,43.3112592],[-5.8740353,43.3112712],[-5.8740444,43.3112827],[-5.8740547,43.3112938],[-5.8740785,43.3113158],[-5.8741018,43.3113356],[-5.8741263,43.3113554],[-5.8741369,43.3113645],[-5.8741558,43.3113827],[-5.874165,43.3113903],[-5.8741721,43.3113945],[-5.8741794,43.3113981],[-5.8741878,43.3114014],[-5.8741955,43.3114037],[-5.8742025,43.3114048],[-5.8742083,43.3114047],[-5.8742133,43.3114026],[-5.8742209,43.3113956],[-5.8742259,43.3113925],[-5.8742315,43.3113908],[-5.8742383,43.3113903],[-5.8742459,43.3113913],[-5.8742761,43.3113985],[-5.8742895,43.3114004],[-5.8743181,43.3114011],[-5.8743252,43.311402],[-5.8743324,43.3114042],[-5.8743386,43.3114076],[-5.8743431,43.3114118],[-5.8743471,43.3114169],[-5.8743609,43.3114369],[-5.8743754,43.3114541],[-5.8743802,43.3114608],[-5.8743839,43.3114677],[-5.8743862,43.3114764],[-5.8743864,43.311485],[-5.8743845,43.3114931],[-5.8743806,43.3115002],[-5.874375,43.3115059],[-5.8743685,43.3115105],[-5.8743563,43.3115177],[-5.8743509,43.31152],[-5.8743464,43.3115207],[-5.8743422,43.3115203],[-5.8743368,43.3115173],[-5.8743325,43.3115126],[-5.8743257,43.3115026],[-5.8743209,43.3114982],[-5.8743151,43.3114942],[-5.8743098,43.3114915],[-5.8743043,43.3114896],[-5.8742991,43.3114888],[-5.8742869,43.3114884],[-5.8742789,43.3114875],[-5.8742688,43.3114849],[-5.8742574,43.3114806],[-5.874245,43.3114752],[-5.8741875,43.3114463],[-5.8741641,43.3114354],[-5.8741322,43.3114228],[-5.8741028,43.3114118],[-5.8740981,43.3114103],[-5.8740946,43.3114095],[-5.8740925,43.3114097],[-5.8740917,43.3114108],[-5.874093,43.3114133],[-5.8740963,43.3114169],[-5.874111,43.3114296],[-5.8741281,43.3114426],[-5.8741498,43.3114578],[-5.8741912,43.3114887],[-5.8742283,43.3115141],[-5.8742432,43.3115237],[-5.8742906,43.311553],[-5.8743188,43.311571],[-5.8743643,43.3115985],[-5.8744632,43.3116594],[-5.8744948,43.3116797],[-5.8745096,43.3116898],[-5.8745234,43.3117004],[-5.8745343,43.3117099],[-5.8745444,43.3117197],[-5.8745547,43.3117309],[-5.8745637,43.3117421],[-5.874584,43.3117737],[-5.8745933,43.3117844],[-5.874602,43.3117919],[-5.8746119,43.3117988],[-5.8746227,43.3118053],[-5.8746342,43.3118117],[-5.8746463,43.3118178],[-5.8746609,43.311824],[-5.8746759,43.3118292],[-5.8746913,43.3118332],[-5.8747053,43.3118356],[-5.874734,43.3118392],[-5.87475,43.3118419],[-5.8747657,43.3118456],[-5.8747831,43.3118513],[-5.8747999,43.3118581],[-5.8748161,43.3118657],[-5.8748292,43.3118723],[-5.8748416,43.3118792],[-5.8748529,43.3118865],[-5.8748623,43.3118936],[-5.8748687,43.3118994],[-5.8748741,43.3119052],[-5.8748784,43.3119111],[-5.8748879,43.3119261],[-5.8748944,43.3119343],[-5.8749016,43.3119403],[-5.8749096,43.3119448],[-5.8749177,43.3119475],[-5.8749253,43.3119479],[-5.8749319,43.3119459],[-5.8749369,43.311942],[-5.8749401,43.3119373],[-5.8749426,43.3119275],[-5.8749452,43.3119236],[-5.8749519,43.3119212],[-5.8749624,43.3119217],[-5.8749759,43.3119247],[-5.8749915,43.3119297],[-5.8750086,43.311936],[-5.8750267,43.3119435],[-5.8750454,43.3119518],[-5.8751945,43.3120206],[-5.8752173,43.3120304],[-5.8752337,43.3120369],[-5.8752499,43.312043],[-5.8752659,43.3120483],[-5.8752818,43.3120526],[-5.8753527,43.3120669],[-5.8753799,43.3120709],[-5.8754305,43.3120768],[-5.8754475,43.3120791],[-5.8754647,43.3120819],[-5.8754796,43.3120849],[-5.8755499,43.3121011],[-5.8755934,43.3121104],[-5.8756132,43.3121152],[-5.8756741,43.3121312],[-5.8756892,43.3121349],[-5.8757042,43.312138],[-5.8757307,43.3121426],[-5.8757483,43.3121464],[-5.8757641,43.3121513],[-5.8757746,43.3121561],[-5.8757833,43.3121616],[-5.8757896,43.3121679],[-5.8757924,43.3121726],[-5.8757944,43.3121799],[-5.8757947,43.3121894],[-5.8757934,43.3122034],[-5.8757931,43.3122101],[-5.8757937,43.3122159],[-5.8757957,43.3122219],[-5.875797,43.3122237],[-5.8757983,43.3122242],[-5.8757995,43.3122236],[-5.8758008,43.3122224],[-5.8758032,43.3122159],[-5.8758054,43.3122115],[-5.875809,43.3122063],[-5.8758149,43.3122002],[-5.8758229,43.3121926],[-5.875832,43.3121847],[-5.8758414,43.3121778],[-5.8758499,43.312173],[-5.8758593,43.3121689],[-5.875871,43.3121647],[-5.8758831,43.3121614],[-5.8758957,43.3121591],[-5.8759227,43.3121555],[-5.8759377,43.3121545],[-5.8759541,43.312155],[-5.8759719,43.3121568],[-5.8759906,43.3121596],[-5.8760392,43.3121679],[-5.8760549,43.3121703],[-5.8760703,43.3121722],[-5.8760975,43.312175],[-5.8761137,43.3121773],[-5.8761424,43.312182],[-5.8762071,43.3121903],[-5.8763094,43.3122055],[-5.8764788,43.3122296],[-5.8765541,43.3122391],[-5.8765974,43.312245],[-5.8766192,43.3122484],[-5.8766407,43.3122521],[-5.8766618,43.3122563],[-5.8766824,43.3122613],[-5.876697,43.3122654],[-5.8767645,43.3122861],[-5.8767827,43.3122921],[-5.8767964,43.3122972],[-5.8768126,43.3123041],[-5.8768224,43.3123095],[-5.8768313,43.3123156],[-5.8768375,43.3123221],[-5.8768405,43.3123287],[-5.8768392,43.3123362],[-5.8768338,43.3123435],[-5.8768168,43.31236],[-5.8768077,43.3123696],[-5.8767999,43.3123799],[-5.8767943,43.3123908],[-5.8767921,43.3124005],[-5.8767926,43.3124102],[-5.8767962,43.31242],[-5.8768025,43.3124291],[-5.8768116,43.3124371],[-5.8768246,43.3124445],[-5.87684,43.3124506],[-5.8768572,43.3124556],[-5.8768765,43.3124599],[-5.8768968,43.3124636],[-5.8769178,43.312467],[-5.8770207,43.3124818],[-5.8770658,43.3124873],[-5.8771541,43.3124969],[-5.877196,43.3125023],[-5.8772166,43.3125054],[-5.877237,43.3125088],[-5.8772676,43.3125145],[-5.8772887,43.3125179],[-5.8773926,43.3125338],[-5.8774812,43.3125491],[-5.8775381,43.312558],[-5.8776503,43.312573],[-5.8776901,43.3125786],[-5.8777858,43.3125905],[-5.8778636,43.3126012],[-5.8779139,43.3126076],[-5.8779769,43.3126174],[-5.8780197,43.3126233],[-5.8780852,43.3126336],[-5.8781072,43.3126367],[-5.8781268,43.312639],[-5.8782004,43.3126456],[-5.8782187,43.3126476],[-5.8782575,43.3126527],[-5.878321,43.312662],[-5.8783429,43.3126647],[-5.8784475,43.3126758],[-5.878605,43.312694],[-5.8787856,43.3127141],[-5.87883,43.3127193],[-5.8788915,43.3127277],[-5.8789689,43.312737],[-5.8790516,43.3127479],[-5.879135,43.3127577],[-5.8792491,43.3127739],[-5.879315,43.3127848],[-5.8793344,43.3127874],[-5.8793537,43.3127896],[-5.8794265,43.3127969],[-5.8794931,43.3128032],[-5.8795368,43.3128082],[-5.8795897,43.3128128],[-5.8796055,43.3128147],[-5.8796419,43.3128199],[-5.8796623,43.3128225],[-5.8796829,43.3128247],[-5.8797036,43.3128266],[-5.879766,43.3128314],[-5.8798595,43.3128391],[-5.8798715,43.3128399],[-5.8798825,43.3128401],[-5.8798934,43.3128398],[-5.879913,43.3128371],[-5.8799329,43.3128326],[-5.8799731,43.3128222],[-5.8799939,43.3128163],[-5.8800476,43.3127998],[-5.8800857,43.3127888],[-5.8801063,43.3127836],[-5.8801228,43.3127801],[-5.8801395,43.312777],[-5.8801563,43.3127743],[-5.8801952,43.3127689],[-5.8802161,43.3127667],[-5.8802351,43.3127653],[-5.8802541,43.3127644],[-5.8802721,43.3127639],[-5.8802963,43.3127639],[-5.8803426,43.3127652],[-5.8803791,43.3127656],[-5.8804335,43.3127658],[-5.8804973,43.312765],[-5.8805459,43.3127651],[-5.8805895,43.3127667],[-5.8806903,43.3127716],[-5.8807467,43.3127733],[-5.880771,43.3127744],[-5.8808283,43.3127751],[-5.880903,43.3127754],[-5.8809913,43.312778],[-5.8810623,43.312779],[-5.8811094,43.3127805],[-5.8811257,43.3127807],[-5.8811475,43.3127799],[-5.8811869,43.3127778],[-5.8812045,43.3127773],[-5.8812215,43.3127771],[-5.8812418,43.3127775],[-5.8812616,43.3127786],[-5.8812805,43.3127809],[-5.8812965,43.3127839],[-5.8813092,43.3127868],[-5.8813216,43.3127899],[-5.8813548,43.3128001],[-5.8813657,43.312803],[-5.8813768,43.3128055],[-5.881394,43.3128081],[-5.8814124,43.3128088],[-5.8814313,43.3128076],[-5.8814512,43.3128044],[-5.8814713,43.3127998],[-5.8814837,43.3127965],[-5.88152,43.3127856],[-5.8815557,43.312774],[-5.8816165,43.3127531],[-5.8816373,43.3127464],[-5.8817,43.3127271],[-5.8817205,43.3127205],[-5.8817406,43.3127135],[-5.8817601,43.3127061],[-5.881779,43.312698],[-5.881797,43.3126896],[-5.8818467,43.3126647],[-5.8818621,43.312658],[-5.8818915,43.3126481],[-5.8819052,43.3126427],[-5.8819168,43.3126364],[-5.8819278,43.312629],[-5.8819632,43.3126035],[-5.8819721,43.3125964],[-5.8819814,43.3125879],[-5.8819901,43.3125787],[-5.8819985,43.3125691],[-5.8820314,43.312529],[-5.8820426,43.312517],[-5.8820553,43.3125066],[-5.8820695,43.3124985],[-5.8820789,43.3124943],[-5.8820887,43.3124905],[-5.8821045,43.3124857],[-5.8821208,43.3124811],[-5.882179,43.3124628],[-5.8821993,43.3124575],[-5.8822143,43.3124545],[-5.8822294,43.3124522],[-5.882245,43.3124502],[-5.8822565,43.3124493],[-5.8822748,43.3124487],[-5.8822932,43.3124493],[-5.8823146,43.3124513],[-5.8823581,43.3124568],[-5.882376,43.3124584],[-5.8823966,43.3124596],[-5.8824174,43.3124601],[-5.8824382,43.3124598],[-5.8824589,43.3124589],[-5.8824764,43.3124576],[-5.882488,43.3124564],[-5.8825108,43.3124532],[-5.882522,43.3124511],[-5.8825364,43.3124476],[-5.8825503,43.3124435],[-5.8825636,43.3124388],[-5.882577,43.3124333],[-5.8826287,43.3124108],[-5.8826385,43.3124068],[-5.8826527,43.312402],[-5.8826641,43.312399],[-5.8827046,43.3123895],[-5.8827189,43.312387],[-5.8827335,43.3123849],[-5.8827838,43.3123787],[-5.8828145,43.3123735],[-5.8828308,43.3123713],[-5.8828481,43.3123698],[-5.8828819,43.3123682],[-5.8828981,43.3123672],[-5.8829135,43.3123651],[-5.8829291,43.312362],[-5.8829417,43.3123591],[-5.8829914,43.3123461],[-5.8830116,43.3123423],[-5.8830323,43.3123395],[-5.8830759,43.3123353],[-5.8830898,43.3123333],[-5.8831081,43.3123294],[-5.8831262,43.3123244],[-5.8831443,43.3123187],[-5.8831809,43.3123064],[-5.8831997,43.3123006],[-5.8832172,43.3122957],[-5.8832591,43.3122852],[-5.8832876,43.3122784],[-5.8833198,43.3122714],[-5.8833471,43.3122659],[-5.8834533,43.3122482],[-5.8834768,43.3122438],[-5.8834936,43.3122403],[-5.8835135,43.3122354],[-5.8835329,43.3122299],[-5.883552,43.3122238],[-5.8836007,43.3122066],[-5.8836159,43.3122017],[-5.8836373,43.3121959],[-5.8836589,43.3121908],[-5.8836808,43.3121862],[-5.883738,43.3121747],[-5.8837653,43.3121682],[-5.8837793,43.3121644],[-5.8838127,43.3121543],[-5.8838286,43.312149],[-5.8838455,43.3121426],[-5.8838794,43.3121291],[-5.8838992,43.3121219],[-5.8839174,43.312116],[-5.8840783,43.3121778],[-5.8844108,43.3122495],[-5.8848176,43.3122844],[-5.8853533,43.3122524],[-5.8858937,43.3121977],[-5.8861191,43.3121468],[-5.8864869,43.3120142],[-5.8868318,43.311872],[-5.8871573,43.3117354],[-5.8873267,43.3116305],[-5.8874705,43.311519],[-5.8875695,43.3114261],[-5.8876574,43.3113622],[-5.8876977,43.3113247],[-5.8877053,43.3113249],[-5.8877466,43.3113267],[-5.8877898,43.3113292],[-5.8878028,43.3113297],[-5.8878934,43.311333],[-5.8879736,43.311335],[-5.8880308,43.3113376],[-5.8881028,43.3113403],[-5.8881446,43.3113426],[-5.8881653,43.3113442],[-5.8882109,43.3113485],[-5.888252,43.311351],[-5.8883578,43.3113558],[-5.888376,43.3113563],[-5.8884618,43.3113573],[-5.8884992,43.3113584],[-5.8885414,43.3113606],[-5.8886348,43.311367],[-5.8886727,43.311369],[-5.8887041,43.3113701],[-5.8887267,43.3113702],[-5.8887493,43.3113694],[-5.8888028,43.3113661],[-5.8888203,43.3113655],[-5.8888891,43.3113663],[-5.8889462,43.3113675],[-5.8889678,43.3113673],[-5.8890114,43.3113664],[-5.889086,43.3113667],[-5.8891058,43.3113664],[-5.8891452,43.3113649],[-5.8891483,43.3113647],[-5.889175,43.3113631],[-5.8892081,43.3113601],[-5.8892554,43.3113549],[-5.88934,43.3113484],[-5.8893621,43.3113472],[-5.889448,43.3113436],[-5.8894686,43.3113425],[-5.8894892,43.3113409],[-5.8895408,43.3113349],[-5.8895586,43.3113331],[-5.889613,43.3113286],[-5.8896517,43.311325],[-5.8896901,43.3113205],[-5.8897215,43.3113162],[-5.8897493,43.3113128],[-5.8897696,43.3113111],[-5.8898497,43.311306],[-5.8898695,43.311304],[-5.8898956,43.3113004],[-5.8899169,43.3112968],[-5.8899381,43.3112929],[-5.8899802,43.3112844],[-5.8900009,43.3112798],[-5.8900456,43.3112688],[-5.8900964,43.3112572],[-5.8901146,43.3112526],[-5.8901715,43.3112361],[-5.8902276,43.311219],[-5.8902468,43.3112139],[-5.8902663,43.3112092],[-5.8902859,43.3112049],[-5.8903128,43.3111995],[-5.8903306,43.3111965],[-5.8903846,43.3111883],[-5.8904066,43.3111844],[-5.8904285,43.3111798],[-5.8904501,43.3111748],[-5.8904715,43.3111694],[-5.8904925,43.3111635],[-5.8905853,43.3111347],[-5.8906035,43.3111283],[-5.8906568,43.3111073],[-5.8907248,43.3110813],[-5.8907952,43.3110555],[-5.8908411,43.3110398],[-5.8908556,43.3110345],[-5.8908766,43.3110261],[-5.8908904,43.3110198],[-5.890904,43.3110131],[-5.8909581,43.3109847],[-5.8909911,43.3109684],[-5.8910149,43.3109561],[-5.8910701,43.3109263],[-5.8911017,43.3109083],[-5.8911362,43.3108867],[-5.8911697,43.3108642],[-5.8912124,43.3108337],[-5.8912599,43.3107984],[-5.8912708,43.3107897],[-5.8912809,43.3107807],[-5.8912916,43.3107697],[-5.8913012,43.3107584],[-5.8913274,43.3107247],[-5.8913432,43.3107056],[-5.8913499,43.310696],[-5.8913564,43.3106836],[-5.8913653,43.3106642],[-5.8913688,43.3106578],[-5.8913728,43.3106516],[-5.8913819,43.3106411],[-5.8913936,43.310632],[-5.8914076,43.3106239],[-5.8914231,43.3106163],[-5.8914562,43.3106009],[-5.8914728,43.3105924],[-5.8915225,43.3105656],[-5.8915395,43.3105574],[-5.8915725,43.3105436],[-5.8915887,43.3105364],[-5.8916016,43.3105297],[-5.8916142,43.3105227],[-5.8916412,43.3105069],[-5.8916545,43.3104986],[-5.8917005,43.3104681],[-5.8917251,43.3104502],[-5.8917616,43.3104219],[-5.8917725,43.3104144],[-5.891784,43.3104074],[-5.8917959,43.310401],[-5.8918103,43.3103947],[-5.8918244,43.3103898],[-5.8918389,43.3103857],[-5.8918836,43.3103752],[-5.8919001,43.3103705],[-5.8919108,43.3103665],[-5.891921,43.3103619],[-5.8919375,43.3103525],[-5.89199,43.3103188],[-5.8920023,43.3103112],[-5.892018,43.3103023],[-5.8920342,43.310294],[-5.8920511,43.3102866],[-5.8920697,43.3102798],[-5.8921055,43.3102686],[-5.8921327,43.310261],[-5.892172,43.3102516],[-5.8921857,43.3102484],[-5.8922023,43.3102439],[-5.8922186,43.3102388],[-5.8922383,43.3102315],[-5.8922573,43.3102231],[-5.892276,43.310214],[-5.8923311,43.3101852],[-5.8923669,43.310167],[-5.8924181,43.3101426],[-5.8924308,43.310137],[-5.8924975,43.3101099],[-5.8925147,43.3101024],[-5.8925403,43.3100905],[-5.8925533,43.3100849],[-5.8925681,43.3100793],[-5.8926108,43.3100651],[-5.8926286,43.3100586],[-5.8926946,43.3100323],[-5.8927084,43.3100265],[-5.8927696,43.309998],[-5.8927954,43.3099852],[-5.8928089,43.3099793],[-5.8928263,43.3099729],[-5.8928445,43.309967],[-5.8929358,43.3099399],[-5.8929652,43.3099307],[-5.8930119,43.3099154],[-5.8930281,43.3099105],[-5.8931199,43.3098832],[-5.8931956,43.3098616],[-5.8932434,43.309847],[-5.8933179,43.3098251],[-5.8933911,43.3098044],[-5.8934864,43.3097744],[-5.8935015,43.3097699],[-5.8935192,43.3097653],[-5.8935551,43.3097567],[-5.8935957,43.3097467],[-5.8936877,43.3097252],[-5.893729,43.3097152],[-5.8938186,43.3096922],[-5.8938791,43.3096762],[-5.8938971,43.3096721],[-5.8939638,43.3096579],[-5.8939945,43.3096526],[-5.8940494,43.3096441],[-5.8940688,43.3096407],[-5.8940982,43.3096348],[-5.8941203,43.3096309],[-5.8941425,43.3096276],[-5.8941645,43.3096248],[-5.8941861,43.3096225],[-5.8942237,43.3096192],[-5.8942348,43.3096179],[-5.8942457,43.3096161],[-5.8942641,43.3096116],[-5.894311,43.3095982],[-5.8943477,43.3095886],[-5.8943681,43.3095838],[-5.8944067,43.3095756],[-5.8944363,43.3095702],[-5.8945356,43.3095553],[-5.8945498,43.3095526],[-5.8945629,43.3095495],[-5.8945917,43.3095421],[-5.894612,43.3095376],[-5.8946382,43.3095325],[-5.894671,43.3095277],[-5.894729,43.3095205],[-5.8947521,43.3095172],[-5.8947964,43.3095093],[-5.894813,43.3095058],[-5.8948331,43.3095009],[-5.8948931,43.3094845],[-5.8949132,43.3094792],[-5.8949676,43.3094663],[-5.8950077,43.3094561],[-5.895029,43.30945],[-5.8950712,43.3094373],[-5.8950924,43.3094313],[-5.8951109,43.3094268],[-5.8951295,43.3094228],[-5.8951667,43.3094159],[-5.8951827,43.3094134],[-5.8952407,43.3094061],[-5.8952589,43.3094033],[-5.8952881,43.3093981],[-5.8953276,43.3093899],[-5.8953546,43.3093829],[-5.8953788,43.3093759],[-5.8954124,43.309366],[-5.8954679,43.3093486],[-5.8954899,43.3093425],[-5.8955349,43.3093315],[-5.8955606,43.3093258],[-5.8955796,43.3093221],[-5.8955988,43.3093189],[-5.8956182,43.3093162],[-5.8956354,43.3093143],[-5.8956699,43.3093113],[-5.895754,43.309305],[-5.8957777,43.3093027],[-5.8958012,43.3093],[-5.8958245,43.3092966],[-5.8958952,43.3092836],[-5.8959584,43.3092729],[-5.8960413,43.3092601],[-5.8961222,43.3092486],[-5.8961736,43.3092401],[-5.8961961,43.3092371],[-5.8962322,43.3092331],[-5.8963213,43.3092264],[-5.8963617,43.3092222],[-5.8964015,43.3092167],[-5.8964595,43.309208],[-5.8964963,43.3092032],[-5.8965144,43.3092014],[-5.8965511,43.3091986],[-5.8965928,43.3091942],[-5.8966137,43.3091923],[-5.8966565,43.3091905],[-5.896679,43.3091892],[-5.8967777,43.3091817],[-5.8968471,43.3091759],[-5.8968921,43.3091733],[-5.8969597,43.3091703],[-5.8970377,43.3091677],[-5.8971241,43.3091653],[-5.8972533,43.3091621],[-5.8973255,43.3091596],[-5.8974119,43.3091562],[-5.8974726,43.3091551],[-5.8975384,43.3091532],[-5.897578,43.3091513],[-5.897607,43.3091493],[-5.8976306,43.3091472],[-5.8976709,43.3091427],[-5.8976837,43.3091418],[-5.8976964,43.3091415],[-5.8977108,43.309142],[-5.8977675,43.3091463],[-5.8978652,43.3091519],[-5.897901,43.309153],[-5.8979777,43.3091549],[-5.8981124,43.3091613],[-5.8981888,43.309167],[-5.8982404,43.3091712],[-5.8982881,43.3091745],[-5.8983599,43.3091785],[-5.8985037,43.3091854],[-5.8985514,43.3091879],[-5.8985988,43.3091909],[-5.8986489,43.3091949],[-5.8987492,43.3092019],[-5.8988255,43.3092059],[-5.8988325,43.3092064],[-5.8988599,43.3092083],[-5.8988766,43.30921],[-5.8989225,43.3092159],[-5.8989899,43.3092206],[-5.8990202,43.3092234],[-5.8990953,43.3092321],[-5.8991818,43.3092436],[-5.8992415,43.3092497],[-5.8992905,43.3092543],[-5.899302,43.3092557],[-5.8993135,43.3092575],[-5.8993314,43.3092609],[-5.8993853,43.309273],[-5.8994055,43.3092769],[-5.899426,43.3092802],[-5.8994467,43.3092831],[-5.8994676,43.3092855],[-5.8994863,43.3092873],[-5.8995051,43.3092887],[-5.8995238,43.3092897],[-5.8995426,43.3092901],[-5.8995643,43.3092899],[-5.8995821,43.309289],[-5.8995996,43.3092876],[-5.8996111,43.3092863],[-5.8996281,43.3092837],[-5.8996448,43.3092803],[-5.8996646,43.3092748],[-5.8996837,43.3092682],[-5.8997004,43.3092616],[-5.8997177,43.3092547],[-5.8997334,43.3092487],[-5.8997435,43.3092454],[-5.8997645,43.3092396],[-5.8998231,43.3092252],[-5.8998383,43.3092208],[-5.8998556,43.309215],[-5.8998728,43.3092087],[-5.8999219,43.3091897],[-5.8999371,43.3091844],[-5.8999526,43.3091795],[-5.8999732,43.3091738],[-5.8999943,43.3091689],[-5.9000158,43.3091647],[-5.9000375,43.3091609],[-5.9000594,43.3091576],[-5.9000815,43.3091548],[-5.9001891,43.3091438],[-5.900213,43.3091418],[-5.900237,43.3091403],[-5.9002828,43.3091381],[-5.9003058,43.3091374],[-5.9003287,43.3091372],[-5.900351,43.3091374],[-5.9003579,43.3091377],[-5.9003732,43.3091382],[-5.9003951,43.3091396],[-5.9004072,43.3091408],[-5.9004333,43.3091441],[-5.9004559,43.3091478],[-5.900469,43.3091504],[-5.9004933,43.3091561],[-5.9005059,43.3091595],[-5.9005183,43.3091633],[-5.9005388,43.3091705],[-5.900553,43.3091766],[-5.9005667,43.3091833],[-5.90058,43.3091906],[-5.9005995,43.3092022],[-5.9006274,43.3092204],[-5.9006456,43.3092324],[-5.9006581,43.3092399],[-5.9006742,43.3092482],[-5.900691,43.3092557],[-5.9007081,43.3092623],[-5.9007256,43.309268],[-5.9007427,43.3092725],[-5.90076,43.309276],[-5.9007776,43.3092783],[-5.9007995,43.3092793],[-5.9008214,43.3092784],[-5.9008359,43.3092768],[-5.9008657,43.3092726],[-5.9009036,43.3092662],[-5.9009262,43.3092617],[-5.9009486,43.3092568],[-5.9009709,43.3092514],[-5.9010223,43.3092376],[-5.9010601,43.3092284],[-5.9010788,43.3092235],[-5.9010974,43.3092181],[-5.9011156,43.309212],[-5.9011335,43.3092055],[-5.901151,43.3091986],[-5.9011677,43.3091915],[-5.9011838,43.3091839],[-5.9011991,43.3091756],[-5.9012112,43.3091679],[-5.9012225,43.3091597],[-5.901233,43.309151],[-5.9012406,43.309144],[-5.9012476,43.3091367],[-5.9012573,43.3091253],[-5.9012658,43.3091136],[-5.9012734,43.3091018],[-5.9012889,43.3090753],[-5.9012976,43.3090632],[-5.9013066,43.309054],[-5.9013132,43.3090486],[-5.9013271,43.3090403],[-5.9013427,43.3090336],[-5.9013595,43.3090282],[-5.9013859,43.3090214],[-5.9014034,43.3090162],[-5.90142,43.3090095],[-5.9014351,43.3090012],[-5.9014763,43.308974],[-5.9015011,43.3089593],[-5.9015138,43.3089524],[-5.9015297,43.3089445],[-5.9015649,43.3089279],[-5.901583,43.3089199],[-5.9016487,43.3088924],[-5.901664,43.3088854],[-5.9016928,43.3088709],[-5.9017072,43.3088645],[-5.901717,43.3088609],[-5.9017271,43.3088579],[-5.9017436,43.3088546],[-5.9017608,43.3088524],[-5.901823,43.3088452],[-5.9018622,43.3088413],[-5.9019264,43.3088372],[-5.9019527,43.3088351],[-5.9019654,43.3088334],[-5.9019837,43.3088293],[-5.9020014,43.3088235],[-5.9020183,43.3088161],[-5.9020335,43.308808],[-5.902064,43.3087908],[-5.9020793,43.3087832],[-5.9020953,43.3087761],[-5.9021118,43.3087692],[-5.9021408,43.308758],[-5.9021765,43.3087457],[-5.9022185,43.3087322],[-5.9022397,43.308726],[-5.9022609,43.3087209],[-5.9022822,43.3087167],[-5.9023036,43.3087134],[-5.9023248,43.3087111],[-5.902371,43.3087077],[-5.9024507,43.3086998],[-5.9024876,43.3086972],[-5.9025059,43.3086956],[-5.9025504,43.3086902],[-5.9025835,43.3086853],[-5.9026115,43.3086807],[-5.9026286,43.3086784],[-5.902646,43.3086765],[-5.9026677,43.3086746],[-5.9026895,43.3086731],[-5.9027115,43.3086721],[-5.9027295,43.3086717],[-5.9027652,43.3086719],[-5.9027886,43.3086729],[-5.9028113,43.3086746],[-5.902839,43.3086781],[-5.9028441,43.3086788],[-5.9028744,43.3086829],[-5.9028886,43.3086851],[-5.9029034,43.3086883],[-5.9029178,43.3086923],[-5.9029316,43.3086971],[-5.9029448,43.308703],[-5.9029576,43.3087095],[-5.9029824,43.308723],[-5.9030124,43.3087388],[-5.9030634,43.3087662],[-5.9030762,43.3087735],[-5.9030879,43.3087811],[-5.9031152,43.3088026],[-5.9031242,43.3088088],[-5.9031368,43.3088164],[-5.9031782,43.3088389],[-5.9032015,43.3088531],[-5.9032234,43.308868],[-5.9032725,43.3089041],[-5.9032808,43.3089098],[-5.9032895,43.3089153],[-5.9033122,43.3089286],[-5.9033253,43.3089369],[-5.903352,43.3089542],[-5.9033658,43.3089628],[-5.9033773,43.3089695],[-5.9033892,43.3089759],[-5.9034003,43.3089814],[-5.9034118,43.3089865],[-5.9034311,43.3089937],[-5.9034512,43.3090001],[-5.9034717,43.3090058],[-5.9035018,43.3090132],[-5.903517,43.3090163],[-5.9035358,43.3090195],[-5.9035546,43.3090219],[-5.9035733,43.3090234],[-5.9035902,43.3090239],[-5.9036237,43.3090244],[-5.9036507,43.3090257],[-5.9036855,43.3090269],[-5.9037856,43.3090293],[-5.9038084,43.3090296],[-5.9038418,43.3090292],[-5.9038884,43.309027],[-5.9039054,43.3090266],[-5.9039241,43.3090269],[-5.9039611,43.3090282],[-5.9039792,43.3090281],[-5.903997,43.3090267],[-5.9040138,43.3090235],[-5.9040303,43.3090189],[-5.9040467,43.3090132],[-5.9040629,43.3090066],[-5.904079,43.3089995],[-5.9041012,43.308989],[-5.9041171,43.3089807],[-5.9041328,43.3089722],[-5.904163,43.3089545],[-5.9041773,43.3089455],[-5.904188,43.3089385],[-5.904198,43.3089311],[-5.90421,43.3089203],[-5.9042206,43.3089085],[-5.9042301,43.3088961],[-5.9042387,43.3088831],[-5.9042465,43.3088697],[-5.9042531,43.3088572],[-5.9042717,43.3088198],[-5.9042784,43.3088078],[-5.9042861,43.3087965],[-5.9042965,43.308785],[-5.9043077,43.3087748],[-5.904332,43.3087555],[-5.9043436,43.3087456],[-5.9043537,43.3087355],[-5.9043628,43.308725],[-5.9043723,43.3087123],[-5.9043803,43.3086992],[-5.9043863,43.3086858],[-5.9043894,43.3086752],[-5.9043947,43.3086506],[-5.9043981,43.3086377],[-5.9044033,43.3086255],[-5.9044118,43.3086137],[-5.904423,43.3086033],[-5.9044364,43.3085943],[-5.9044514,43.3085871],[-5.9044609,43.3085837],[-5.9044968,43.3085727],[-5.9045101,43.308568],[-5.9045289,43.3085602],[-5.9045476,43.3085513],[-5.9045635,43.3085434],[-5.9045791,43.3085351],[-5.9045965,43.3085249],[-5.9046131,43.3085143],[-5.9046287,43.3085031],[-5.9046431,43.3084917],[-5.904669,43.3084689],[-5.9046796,43.3084612],[-5.9046918,43.3084538],[-5.9047026,43.3084483],[-5.9047773,43.3084154],[-5.9047955,43.3084078],[-5.9048142,43.3084005],[-5.9048316,43.3083941],[-5.9048635,43.3083835],[-5.9048777,43.3083793],[-5.9049219,43.3083673],[-5.9049322,43.3083642],[-5.904947,43.3083591],[-5.9049578,43.3083547],[-5.9049708,43.3083483],[-5.9049831,43.3083413],[-5.9050055,43.3083279],[-5.9050159,43.3083221],[-5.9050284,43.3083159],[-5.9050413,43.3083104],[-5.9050544,43.3083055],[-5.9050673,43.3083016],[-5.9050803,43.3082986],[-5.9050933,43.3082969],[-5.9051075,43.3082965],[-5.9051215,43.3082974],[-5.9051588,43.308302],[-5.9051791,43.3083038],[-5.9052002,43.3083048],[-5.9052206,43.3083048],[-5.9052415,43.3083041],[-5.9053042,43.3083007],[-5.9053365,43.3082987],[-5.905367,43.3082964],[-5.9053854,43.3082947],[-5.9054036,43.3082926],[-5.9054255,43.3082893],[-5.9054472,43.3082855],[-5.9054689,43.3082812],[-5.9055063,43.3082729],[-5.905525,43.3082692],[-5.9055367,43.3082674],[-5.905554,43.3082652],[-5.9055714,43.3082636],[-5.905589,43.3082625],[-5.9056222,43.3082615],[-5.905653,43.3082617],[-5.9056862,43.3082627],[-5.9057032,43.3082629],[-5.9057199,43.3082627],[-5.9057362,43.308262],[-5.9057512,43.3082605],[-5.9057622,43.3082586],[-5.905773,43.3082563],[-5.9058085,43.308247],[-5.9058257,43.3082429],[-5.9058446,43.3082394],[-5.9058641,43.3082368],[-5.9058833,43.308235],[-5.9059025,43.3082338],[-5.9059217,43.3082336],[-5.9059405,43.3082346],[-5.9059587,43.3082368],[-5.9060112,43.3082462],[-5.9060235,43.3082479],[-5.9060558,43.3082526],[-5.9060781,43.3082554],[-5.9060897,43.3082564],[-5.906103,43.3082571],[-5.9061162,43.3082571],[-5.9061347,43.3082557],[-5.9061454,43.3082539],[-5.9061619,43.30825],[-5.9061781,43.3082449],[-5.9061941,43.308239],[-5.9062208,43.3082283],[-5.9062865,43.3082017],[-5.9063062,43.3081943],[-5.9063253,43.3081884],[-5.9063447,43.3081837],[-5.9063643,43.3081805],[-5.9063838,43.3081792],[-5.906402,43.3081798],[-5.9064417,43.3081833],[-5.9064597,43.3081842],[-5.9064781,43.3081844],[-5.9064968,43.308184],[-5.9065154,43.308183],[-5.9065367,43.3081811],[-5.9065576,43.3081782],[-5.9065716,43.3081756],[-5.9065854,43.3081724],[-5.9066027,43.308168],[-5.9066194,43.308163],[-5.9066353,43.3081575],[-5.9066615,43.3081473],[-5.9066748,43.3081429],[-5.9066937,43.3081384],[-5.9067137,43.3081355],[-5.9067341,43.308134],[-5.9067516,43.3081338],[-5.9067691,43.3081348],[-5.906788,43.3081378],[-5.9068066,43.3081423],[-5.9068257,43.3081481],[-5.9068444,43.3081548],[-5.9068808,43.3081695],[-5.9068979,43.3081754],[-5.9069349,43.308187],[-5.9069545,43.3081927],[-5.9069743,43.3081977],[-5.9069913,43.3082011],[-5.9070084,43.3082033],[-5.9070255,43.3082043],[-5.9070411,43.3082039],[-5.9070567,43.3082024],[-5.9070723,43.3082003],[-5.9070932,43.3081968],[-5.9071059,43.3081941],[-5.9071185,43.3081911],[-5.9071388,43.3081851],[-5.907159,43.3081788],[-5.9071764,43.3081738],[-5.9071914,43.3081702],[-5.9072176,43.308165],[-5.9072507,43.3081593],[-5.9072726,43.3081564],[-5.9073339,43.3081518],[-5.9073475,43.3081503],[-5.9073611,43.3081484],[-5.9073869,43.3081436],[-5.9073983,43.308141],[-5.9074362,43.3081319],[-5.9074548,43.3081278],[-5.9074734,43.3081242],[-5.9074923,43.3081215],[-5.9075142,43.3081197],[-5.907536,43.3081192],[-5.9075823,43.3081199],[-5.9076053,43.3081193],[-5.9076196,43.3081185],[-5.9074999,43.30841],[-5.9073949,43.3087745],[-5.9074012,43.3090298],[-5.9074917,43.3093383],[-5.9074842,43.3093353],[-5.907611,43.3097066],[-5.9076217,43.3097395],[-5.9076495,43.3097812],[-5.9077068,43.3098672],[-5.9077419,43.3099199],[-5.9078672,43.310092],[-5.9078907,43.3101243],[-5.9082373,43.3104221],[-5.9086097,43.310651],[-5.909052,43.3108782],[-5.9095222,43.3110791],[-5.9100407,43.3111936],[-5.9106793,43.3112582],[-5.9111034,43.3112262],[-5.9114566,43.3111746],[-5.9117354,43.3110312],[-5.9120229,43.31119],[-5.9124007,43.3112868],[-5.9128664,43.3113941],[-5.9129268,43.3114],[-5.9129222,43.3114083],[-5.9129121,43.3114292],[-5.9129082,43.3114382],[-5.9129047,43.3114485],[-5.912902,43.3114585],[-5.9128949,43.3114884],[-5.912894,43.3114952],[-5.912894,43.3115027],[-5.9128943,43.3115098],[-5.9128949,43.3115217],[-5.9128973,43.3115535],[-5.9128984,43.311565],[-5.9129005,43.3115797],[-5.9129043,43.3115941],[-5.9129081,43.3116027],[-5.9129129,43.3116111],[-5.9129182,43.3116188],[-5.912924,43.3116263],[-5.9129304,43.3116333],[-5.9129373,43.31164],[-5.9129475,43.311648],[-5.9129587,43.3116548],[-5.912971,43.3116601],[-5.9129865,43.3116638],[-5.9130031,43.3116654],[-5.9130205,43.3116652],[-5.9130382,43.3116634],[-5.9130559,43.3116602],[-5.9130731,43.3116556],[-5.9130876,43.3116505],[-5.9131101,43.3116416],[-5.9131163,43.3116392],[-5.9131326,43.3116333],[-5.9131491,43.311628],[-5.9131653,43.3116235],[-5.913181,43.3116196],[-5.9131955,43.3116167],[-5.9132071,43.311615],[-5.9132152,43.3116146],[-5.9132222,43.3116153],[-5.9132303,43.3116187],[-5.9132342,43.3116244],[-5.9132331,43.3116328],[-5.9132274,43.3116428],[-5.9132182,43.311654],[-5.9132067,43.3116659],[-5.9132001,43.3116721],[-5.9131934,43.3116784],[-5.9131789,43.3116913],[-5.9131318,43.3117311],[-5.9129524,43.3118781],[-5.9127124,43.3120762],[-5.9126479,43.312129],[-5.9123669,43.3123555],[-5.9123178,43.3123942],[-5.9122858,43.3124182],[-5.9122702,43.3124291],[-5.9122552,43.3124389],[-5.9122407,43.3124472],[-5.9122271,43.3124534],[-5.9122204,43.3124557],[-5.9121995,43.3124614],[-5.912181,43.3124671],[-5.9121634,43.3124731],[-5.9121557,43.3124764],[-5.9121312,43.3124889],[-5.9120683,43.3125208],[-5.9120127,43.3125476],[-5.9119987,43.312554],[-5.9119735,43.312565],[-5.9119171,43.3125891],[-5.9118763,43.312606],[-5.9118566,43.3126147],[-5.911838,43.312624],[-5.911822,43.3126334],[-5.9118077,43.3126435],[-5.9117953,43.3126539],[-5.9117888,43.3126603],[-5.9117835,43.3126668],[-5.9117778,43.3126775],[-5.9117744,43.3126889],[-5.9117731,43.3127007],[-5.9117733,43.3127115],[-5.9117747,43.3127219],[-5.9117772,43.312732],[-5.9117867,43.3127579],[-5.9117892,43.3127708],[-5.9117882,43.3127838],[-5.9117843,43.3127971],[-5.9117786,43.3128109],[-5.9117657,43.3128395],[-5.911751,43.3128786],[-5.9117403,43.3129049],[-5.9117372,43.312914],[-5.9117334,43.3129277],[-5.9117306,43.3129416],[-5.9117234,43.312988],[-5.9117205,43.3130041],[-5.9117169,43.3130202],[-5.9117129,43.3130339],[-5.9117034,43.3130608],[-5.9116888,43.3130984],[-5.9116825,43.3131118],[-5.9116756,43.3131248],[-5.9116675,43.3131383],[-5.911659,43.3131508],[-5.9116502,43.3131621],[-5.9116428,43.3131701],[-5.9116378,43.3131748],[-5.9116327,43.313179],[-5.9116274,43.3131824],[-5.9116186,43.3131861],[-5.9115993,43.3131917],[-5.9115868,43.3131968],[-5.9115793,43.3132006],[-5.9115719,43.3132048],[-5.911556,43.3132153],[-5.9115468,43.313222],[-5.9115287,43.3132362],[-5.9115188,43.3132436],[-5.9114977,43.3132578],[-5.9114609,43.3132851],[-5.9114477,43.313294],[-5.9114321,43.3133031],[-5.9113833,43.3133284],[-5.9113316,43.3133587],[-5.9113181,43.3133654],[-5.911282,43.3133808],[-5.911269,43.3133871],[-5.9112564,43.3133941],[-5.9112447,43.3134018],[-5.9112317,43.313412],[-5.9112023,43.3134377],[-5.9111666,43.313468],[-5.9111558,43.3134782],[-5.9111351,43.3134995],[-5.9111231,43.3135107],[-5.9111101,43.3135217],[-5.9110972,43.3135318],[-5.9110837,43.3135416],[-5.9110726,43.313549],[-5.9110486,43.3135638],[-5.9109984,43.3135922],[-5.9109672,43.3136108],[-5.9109525,43.3136189],[-5.9109374,43.3136259],[-5.910924,43.3136305],[-5.9109102,43.3136342],[-5.9108965,43.3136372],[-5.9108667,43.3136431],[-5.9108521,43.3136458],[-5.9108401,43.3136476],[-5.9108302,43.3136501],[-5.9108251,43.3136528],[-5.9108209,43.3136564],[-5.9108171,43.3136613],[-5.910809,43.3136744],[-5.9108033,43.3136811],[-5.9107962,43.313688],[-5.910788,43.3136948],[-5.9107812,43.3136999],[-5.9107677,43.3137083],[-5.9107528,43.313716],[-5.9107373,43.3137231],[-5.9107118,43.3137338],[-5.9107022,43.3137383],[-5.9106913,43.3137448],[-5.9106811,43.3137524],[-5.9106715,43.3137607],[-5.9106386,43.3137917],[-5.9106218,43.313809],[-5.9106127,43.3138167],[-5.9106017,43.3138235],[-5.9105896,43.3138293],[-5.910577,43.3138342],[-5.9105472,43.3138445],[-5.9105182,43.3138558],[-5.9105027,43.3138625],[-5.9104902,43.313869],[-5.9104779,43.3138765],[-5.9104334,43.3139062],[-5.910425,43.3139113],[-5.9104123,43.3139178],[-5.9103988,43.313924],[-5.9103464,43.3139466],[-5.9103315,43.3139534],[-5.9103172,43.3139608],[-5.9102388,43.3140063],[-5.9102116,43.3140214],[-5.9102011,43.3140268],[-5.9101868,43.3140333],[-5.9101262,43.3140582],[-5.9100912,43.3140735],[-5.9100764,43.3140806],[-5.9100746,43.3140815],[-5.9100472,43.3140956],[-5.9099933,43.3141205],[-5.9099798,43.3141277],[-5.9099679,43.3141352],[-5.9099552,43.314144],[-5.9099371,43.3141566],[-5.9099286,43.3141621],[-5.9099182,43.3141681],[-5.9099072,43.3141733],[-5.9098926,43.3141784],[-5.909877,43.3141824],[-5.9098082,43.3141985],[-5.9097711,43.3142059],[-5.9097653,43.3142069],[-5.9097514,43.3142093],[-5.9097314,43.3142122],[-5.9096496,43.3142228],[-5.9096164,43.3142278],[-5.9095692,43.314236],[-5.9095526,43.3142395],[-5.9095403,43.3142427],[-5.9095365,43.3142437],[-5.9095218,43.3142484],[-5.9095041,43.3142556],[-5.9094873,43.3142639],[-5.9094486,43.3142855],[-5.9094338,43.3142935],[-5.9094025,43.3143093],[-5.9093861,43.3143172],[-5.9093694,43.3143248],[-5.9093445,43.3143353],[-5.9093159,43.3143466],[-5.9092349,43.3143759],[-5.9092185,43.3143812],[-5.9092022,43.3143855],[-5.9091825,43.314389],[-5.909167,43.3143905],[-5.9091536,43.3143909],[-5.9091402,43.3143907],[-5.909121,43.3143891],[-5.9091012,43.3143859],[-5.9090811,43.3143813],[-5.9090649,43.3143767],[-5.9090162,43.3143609],[-5.9089994,43.3143559],[-5.9089826,43.3143515],[-5.9089657,43.3143479],[-5.9089489,43.3143455],[-5.9089327,43.3143445],[-5.9089168,43.314345],[-5.9089014,43.3143469],[-5.9088849,43.3143508],[-5.9088689,43.3143561],[-5.9088132,43.3143771],[-5.908798,43.314383],[-5.9087832,43.3143895],[-5.9087689,43.3143966],[-5.9087591,43.3144023],[-5.9087404,43.3144146],[-5.9087315,43.3144212],[-5.9087224,43.3144284],[-5.9087028,43.3144451],[-5.9086933,43.3144538],[-5.9086602,43.3144855],[-5.9086352,43.3145074],[-5.908623,43.314519],[-5.9086117,43.3145309],[-5.9086027,43.3145411],[-5.9085867,43.3145607],[-5.9085434,43.3146088],[-5.9085331,43.3146173],[-5.9085231,43.3146225],[-5.9085123,43.3146261],[-5.9084851,43.3146315],[-5.9084758,43.3146345],[-5.9084674,43.3146385],[-5.9084606,43.3146432],[-5.9084552,43.3146487],[-5.9084503,43.3146545],[-5.9084443,43.3146604],[-5.9084383,43.3146645],[-5.9084309,43.3146684],[-5.9084208,43.3146726],[-5.9084094,43.3146766],[-5.9083612,43.3146921],[-5.9083444,43.3146982],[-5.9082976,43.3147175],[-5.9082815,43.3147234],[-5.9082685,43.3147275],[-5.9082493,43.3147326],[-5.9082299,43.3147374],[-5.9082101,43.3147422],[-5.9081947,43.3147455],[-5.9081778,43.3147485],[-5.9081259,43.314756],[-5.9080411,43.314771],[-5.9080204,43.3147744],[-5.9079059,43.3147909],[-5.907887,43.3147939],[-5.9078682,43.3147973],[-5.9078497,43.314801],[-5.9078315,43.3148052],[-5.9078182,43.3148086],[-5.9077843,43.3148183],[-5.9077517,43.3148298],[-5.9077367,43.3148355],[-5.9076934,43.3148531],[-5.9075735,43.314901],[-5.9075692,43.3149074],[-5.9075633,43.3149115],[-5.9075565,43.3149123],[-5.9075485,43.314911],[-5.9075381,43.3149069],[-5.9075361,43.314906],[-5.9072295,43.314947],[-5.9072143,43.3149496],[-5.9071942,43.3149514],[-5.9071738,43.3149521],[-5.9071257,43.3149519],[-5.9071116,43.3149525],[-5.9070689,43.3149564],[-5.9070555,43.3149573],[-5.907042,43.3149577],[-5.907025,43.3149578],[-5.9069387,43.3149557],[-5.906877,43.3149525],[-5.9068507,43.3149516],[-5.9068298,43.3149518],[-5.9067928,43.3149532],[-5.9067649,43.3149547],[-5.9067409,43.3149563],[-5.9066259,43.3149671],[-5.9065819,43.3149722],[-5.9065382,43.3149784],[-5.9065166,43.3149818],[-5.9064951,43.3149856],[-5.906474,43.3149897],[-5.9064106,43.3150027],[-5.9063665,43.3150112],[-5.9063454,43.3150156],[-5.9062784,43.3150309],[-5.9062093,43.3150446],[-5.9061653,43.3150547],[-5.9060495,43.3150834],[-5.9060165,43.3150911],[-5.906002,43.3150942],[-5.9059848,43.3150975],[-5.9058814,43.3151162],[-5.9058277,43.3151256],[-5.9056464,43.3151547],[-5.9056124,43.3151598],[-5.9055677,43.3151662],[-5.9055475,43.3151694],[-5.9055278,43.3151732],[-5.9055086,43.3151777],[-5.9054517,43.3151928],[-5.905433,43.3151972],[-5.9053776,43.3152085],[-5.9053603,43.3152123],[-5.9053378,43.3152181],[-5.9053155,43.3152245],[-5.905295,43.3152308],[-5.9052747,43.3152374],[-5.9052568,43.3152436],[-5.9051864,43.3152692],[-5.905128,43.3152891],[-5.9050413,43.3153163],[-5.9049174,43.3153531],[-5.904893,43.3153616],[-5.9048478,43.3153765],[-5.9047988,43.3153938],[-5.9047727,43.3154021],[-5.9047481,43.3154106],[-5.9047343,43.3154148],[-5.9047195,43.3154189],[-5.9047053,43.3154224],[-5.9046907,43.3154254],[-5.9046757,43.3154279],[-5.9046607,43.3154296],[-5.9046484,43.3154302],[-5.9046362,43.3154302],[-5.9046261,43.3154298],[-5.9046163,43.315429],[-5.9045804,43.3154236],[-5.9045659,43.3154222],[-5.9045508,43.3154216],[-5.9045405,43.3154215],[-5.9045301,43.3154217],[-5.90451,43.3154228],[-5.9044567,43.3154287],[-5.9044411,43.3154311],[-5.9044226,43.3154349],[-5.904389,43.3154423],[-5.9043654,43.3154469],[-5.9043477,43.315451],[-5.9043096,43.3154608],[-5.9042547,43.3154744],[-5.9042401,43.3154777],[-5.9042081,43.3154843],[-5.9041769,43.3154918],[-5.9041241,43.3155031],[-5.9041154,43.3155056],[-5.9040936,43.3155134],[-5.9040532,43.3155299],[-5.9040062,43.3155478],[-5.9039896,43.3155535],[-5.9039339,43.3155702],[-5.9039151,43.3155768],[-5.9038976,43.3155845],[-5.9038806,43.3155931],[-5.9038639,43.3156024],[-5.9038326,43.3156207],[-5.9038171,43.3156302],[-5.9037667,43.315663],[-5.9037494,43.3156734],[-5.9037325,43.3156827],[-5.9037151,43.3156914],[-5.9036976,43.3156997],[-5.9036604,43.3157166],[-5.9036405,43.3157246],[-5.9036232,43.3157305],[-5.9035815,43.3157435],[-5.9035644,43.3157495],[-5.9035478,43.3157561],[-5.9035319,43.3157633],[-5.9034795,43.3157906],[-5.9034648,43.3157987],[-5.9034321,43.3158175],[-5.903414,43.315827],[-5.9033764,43.3158449],[-5.9033453,43.3158587],[-5.9033297,43.3158651],[-5.9032707,43.3158873],[-5.9032585,43.3158924],[-5.9032274,43.3159075],[-5.9032154,43.3159127],[-5.903203,43.3159172],[-5.9031918,43.3159205],[-5.9031779,43.3159236],[-5.9031677,43.3159251],[-5.9031573,43.315926],[-5.9031467,43.3159263],[-5.9031361,43.3159261],[-5.9031244,43.3159252],[-5.9031126,43.3159236],[-5.9030947,43.3159203],[-5.9030773,43.3159157],[-5.9030604,43.3159099],[-5.9030455,43.3159037],[-5.9029744,43.3158716],[-5.9029455,43.3158598],[-5.9029188,43.3158503],[-5.9028961,43.3158437],[-5.9028845,43.3158408],[-5.902864,43.3158366],[-5.9028511,43.3158344],[-5.9028485,43.3158341],[-5.9028384,43.3158329],[-5.9028249,43.3158323],[-5.9028118,43.315833],[-5.9028084,43.3158335],[-5.9027996,43.3158349],[-5.9027862,43.3158388],[-5.9027473,43.3158539],[-5.9027339,43.3158582],[-5.9027079,43.3158657],[-5.9026968,43.3158696],[-5.9026883,43.3158741],[-5.9026839,43.3158785],[-5.9026824,43.3158833],[-5.9026852,43.3158895],[-5.9026917,43.3158959],[-5.9027006,43.3159022],[-5.9027214,43.315915],[-5.9027303,43.3159213],[-5.9027355,43.3159277],[-5.902736,43.3159321],[-5.902734,43.3159364],[-5.9027296,43.31594],[-5.9027241,43.3159424],[-5.9027172,43.3159444],[-5.9027066,43.3159465],[-5.9026949,43.3159479],[-5.9026115,43.3159545],[-5.9025785,43.3159582],[-5.9025581,43.3159612],[-5.9025378,43.3159646],[-5.9025163,43.3159686],[-5.9024851,43.3159749],[-5.9024532,43.3159803],[-5.9024345,43.3159828],[-5.9024156,43.3159848],[-5.9023967,43.3159863],[-5.9023703,43.3159873],[-5.9023523,43.3159873],[-5.9023344,43.3159868],[-5.9023182,43.3159859],[-5.9022853,43.3159832],[-5.9022491,43.3159812],[-5.9022128,43.3159802],[-5.902173,43.3159803],[-5.9021208,43.3159818],[-5.9020873,43.3159837],[-5.9020722,43.3159848],[-5.9020512,43.3159869],[-5.9020097,43.3159923],[-5.9019693,43.3159984],[-5.9019295,43.3160051],[-5.9019102,43.3160089],[-5.9018959,43.3160124],[-5.9018824,43.3160162],[-5.9018531,43.3160257],[-5.9018339,43.3160315],[-5.9018259,43.3160343],[-5.9017915,43.3160485],[-5.9017799,43.3160525],[-5.9017649,43.3160564],[-5.9017487,43.3160596],[-5.9017317,43.3160625],[-5.9016916,43.3160683],[-5.9016513,43.3160728],[-5.9015956,43.3160781],[-5.9015265,43.3160855],[-5.9015028,43.3160884],[-5.9014948,43.3160899],[-5.9014864,43.3160924],[-5.9014782,43.3160957],[-5.9014495,43.3161103],[-5.9014408,43.3161136],[-5.9014289,43.3161172],[-5.9014163,43.3161204],[-5.9014005,43.3161239],[-5.9013449,43.3161328],[-5.9013271,43.3161363],[-5.9012772,43.3161485],[-5.9012141,43.3161631],[-5.9011893,43.316168],[-5.9011771,43.31617],[-5.9011649,43.3161715],[-5.9011472,43.3161729],[-5.9011117,43.3161747],[-5.9010956,43.3161763],[-5.9010794,43.3161784],[-5.9010381,43.3161845],[-5.9010147,43.3161875],[-5.9009664,43.3161925],[-5.9009415,43.3161943],[-5.9009174,43.3161953],[-5.9009053,43.3161955],[-5.9006921,43.316195],[-5.9006691,43.3161952],[-5.9006463,43.3161959],[-5.900624,43.3161973],[-5.9005828,43.3162015],[-5.9005467,43.3162043],[-5.9004977,43.3162089],[-5.9004617,43.3162118],[-5.9004488,43.3162124],[-5.9004361,43.3162126],[-5.9004207,43.3162123],[-5.9003892,43.3162112],[-5.9003737,43.3162119],[-5.9003581,43.3162137],[-5.9003425,43.3162165],[-5.9003138,43.3162236],[-5.9002942,43.3162281],[-5.9002401,43.3162391],[-5.900202,43.3162472],[-5.900183,43.3162516],[-5.9001271,43.3162652],[-5.9001096,43.3162688],[-5.9000924,43.3162719],[-5.900032,43.3162818],[-5.9,43.3162885],[-5.8999477,43.3163005],[-5.8999139,43.3163072],[-5.8998901,43.3163112],[-5.899878,43.3163127],[-5.8998583,43.3162326],[-5.8998619,43.3159809]],[[-5.8797469,43.3164219],[-5.8797495,43.3164062],[-5.8797529,43.316378],[-5.8797553,43.3163639],[-5.87976,43.3163418],[-5.879766,43.3163091],[-5.8797667,43.3163033],[-5.8797672,43.316292],[-5.8797658,43.3162776],[-5.8797656,43.3162688],[-5.8797668,43.3162562],[-5.8797699,43.3162419],[-5.879775,43.3162243],[-5.8797761,43.3162185],[-5.8797775,43.316205],[-5.8797786,43.3162007],[-5.8797806,43.3161961],[-5.8797923,43.3161773],[-5.8797964,43.3161726],[-5.8798106,43.3161601],[-5.8798204,43.3161505],[-5.8798251,43.3161453],[-5.8798313,43.3161364],[-5.8798363,43.3161261],[-5.87984,43.3161145],[-5.8798455,43.3160916],[-5.8798501,43.3160702],[-5.8798521,43.3160564],[-5.8798522,43.3160431],[-5.8798509,43.3160356],[-5.8798489,43.3160282],[-5.8798412,43.3160053],[-5.8798346,43.3159827],[-5.8798333,43.3159766],[-5.8798323,43.3159659],[-5.8798325,43.3159553],[-5.879833,43.3159433],[-5.8798374,43.3158956],[-5.8798399,43.3158798],[-5.8798434,43.315864],[-5.8798486,43.3158448],[-5.8798559,43.3158095],[-5.8798568,43.3157993],[-5.8798566,43.3157951],[-5.8798558,43.3157927],[-5.8798549,43.3157922],[-5.8798564,43.3157901],[-5.8798571,43.3157884],[-5.879857,43.3157875],[-5.8798559,43.3157884],[-5.8798463,43.315803],[-5.8798387,43.315813],[-5.8798332,43.315819],[-5.879814,43.3158346],[-5.8798078,43.3158419],[-5.8798035,43.3158508],[-5.8797951,43.3158732],[-5.8797826,43.3158985],[-5.8797753,43.3159165],[-5.8797672,43.3159391],[-5.8797612,43.3159591],[-5.8797585,43.31597],[-5.8797525,43.3160008],[-5.8797452,43.3160323],[-5.8797395,43.316062],[-5.8797302,43.316127],[-5.8797291,43.3161404],[-5.879728,43.31616],[-5.8797262,43.3161706],[-5.8797205,43.3161979],[-5.8797128,43.3162263],[-5.8797028,43.3162738],[-5.8796967,43.3163139],[-5.8796958,43.3163212],[-5.8796942,43.316344],[-5.8796929,43.3163505],[-5.8796841,43.3163766],[-5.8796803,43.3163899],[-5.8796581,43.3164825],[-5.8796537,43.3164981],[-5.8796487,43.3165133],[-5.8796429,43.3165278],[-5.8796361,43.3165413],[-5.8796315,43.3165487],[-5.8796261,43.3165554],[-5.879618,43.3165632],[-5.879609,43.31657],[-5.8795946,43.316579],[-5.8795826,43.3165854],[-5.8795717,43.3165906],[-5.8795601,43.3165957],[-5.879555,43.3165987],[-5.8795519,43.3166018],[-5.879551,43.3166054],[-5.8795521,43.3166089],[-5.8795536,43.3166116],[-5.8795557,43.316614],[-5.8795591,43.3166156],[-5.8795662,43.3166161],[-5.8795753,43.3166151],[-5.8795851,43.3166131],[-5.8795942,43.3166105],[-5.8795991,43.3166086],[-5.8796082,43.3166039],[-5.8796149,43.316601],[-5.8796201,43.3165994],[-5.879635,43.3165966],[-5.8796488,43.3165948],[-5.8796547,43.3165934],[-5.8796609,43.3165914],[-5.8796675,43.3165882],[-5.8796729,43.316585],[-5.8796784,43.3165812],[-5.8796876,43.3165739],[-5.8796962,43.3165654],[-5.8797044,43.3165557],[-5.8797116,43.316545],[-5.8797186,43.3165314],[-5.8797244,43.3165168],[-5.8797293,43.3165016],[-5.8797335,43.316486],[-5.8797407,43.3164543],[-5.8797469,43.3164219]],[[-5.8800413,43.3155844],[-5.8800405,43.3155783],[-5.8800395,43.315576],[-5.8800379,43.3155742],[-5.8800362,43.3155734],[-5.880033,43.3155749],[-5.8800245,43.3155855],[-5.8800196,43.3155901],[-5.8800147,43.3155939],[-5.8800034,43.3156011],[-5.8799982,43.3156024],[-5.8799946,43.3156003],[-5.8799925,43.3155957],[-5.8799923,43.315592],[-5.8799934,43.315584],[-5.8799983,43.3155616],[-5.8799985,43.3155584],[-5.8799968,43.3155562],[-5.879995,43.3155566],[-5.8799925,43.3155581],[-5.8799877,43.315562],[-5.8799745,43.3155757],[-5.8799689,43.3155807],[-5.8799617,43.3155856],[-5.8799549,43.315589],[-5.879948,43.3155909],[-5.8799409,43.3155907],[-5.8799335,43.315589],[-5.8799231,43.3155854],[-5.8799166,43.3155828],[-5.8799113,43.3155802],[-5.8799065,43.3155773],[-5.8798995,43.3155716],[-5.8798958,43.3155669],[-5.8798941,43.315562],[-5.8798948,43.3155588],[-5.8798963,43.315558],[-5.8798981,43.315558],[-5.8799053,43.3155608],[-5.8799093,43.315562],[-5.879922,43.3155654],[-5.8799261,43.315566],[-5.87994,43.3155676],[-5.8799442,43.3155665],[-5.8799456,43.3155644],[-5.8799461,43.3155614],[-5.8799454,43.3155568],[-5.8799441,43.3155536],[-5.8799381,43.3155437],[-5.8799368,43.3155404],[-5.8799358,43.315535],[-5.8799358,43.3155287],[-5.8799388,43.3155012],[-5.8799426,43.3154776],[-5.8799471,43.3154417],[-5.8799489,43.3154158],[-5.8799502,43.3153719],[-5.879951,43.3153586],[-5.8799522,43.3153453],[-5.8799554,43.3153187],[-5.8799628,43.3152741],[-5.8799717,43.3152287],[-5.8799746,43.315207],[-5.8799802,43.3151791],[-5.879982,43.3151707],[-5.8799844,43.3151632],[-5.8799891,43.3151521],[-5.8799935,43.3151391],[-5.8799969,43.3151254],[-5.8799993,43.3151107],[-5.8800042,43.3150927],[-5.880005,43.3150867],[-5.880005,43.3150814],[-5.8800039,43.3150723],[-5.880004,43.315065],[-5.8800053,43.3150572],[-5.8800097,43.3150432],[-5.8800128,43.3150301],[-5.8800208,43.3150018],[-5.8800243,43.3149858],[-5.880027,43.3149563],[-5.8800273,43.3149413],[-5.8800288,43.3149321],[-5.8800341,43.3149143],[-5.8800383,43.314898],[-5.880045,43.314864],[-5.8800466,43.3148553],[-5.880049,43.3148338],[-5.8800532,43.3148038],[-5.8800535,43.3147929],[-5.8800527,43.3147829],[-5.8800483,43.3147644],[-5.8800479,43.3147555],[-5.8800506,43.3146998],[-5.8800504,43.3146868],[-5.8800488,43.314674],[-5.8800453,43.3146609],[-5.8800409,43.3146485],[-5.8800372,43.3146394],[-5.8800331,43.3146312],[-5.8800291,43.3146255],[-5.8800247,43.3146204],[-5.8800186,43.3146143],[-5.8800118,43.3146095],[-5.8800061,43.3146071],[-5.88,43.3146058],[-5.8799939,43.3146054],[-5.8799806,43.3146063],[-5.8799739,43.3146065],[-5.8799707,43.3146064],[-5.8799633,43.3146046],[-5.8799577,43.3146019],[-5.8799561,43.3146001],[-5.8799551,43.3145974],[-5.8799545,43.3145912],[-5.8799512,43.3145834],[-5.8799502,43.3145786],[-5.8799508,43.314575],[-5.8799505,43.3145752],[-5.8799496,43.3145751],[-5.8799485,43.3145739],[-5.8799449,43.3145654],[-5.8799541,43.314567],[-5.8799568,43.3145627],[-5.8799611,43.3145589],[-5.8799664,43.3145552],[-5.8799768,43.3145499],[-5.8799895,43.3145455],[-5.8800038,43.314542],[-5.8800219,43.3145392],[-5.8800412,43.3145374],[-5.8800613,43.3145363],[-5.8801455,43.3145331],[-5.8801894,43.3145297],[-5.880215,43.3145289],[-5.8802444,43.3145291],[-5.8802576,43.3145295],[-5.8803175,43.3145325],[-5.8803456,43.3145331],[-5.8804063,43.3145328],[-5.8804224,43.3145324],[-5.880449,43.3145313],[-5.8804619,43.3145312],[-5.8804765,43.3145321],[-5.8805076,43.3145354],[-5.880525,43.3145361],[-5.880543,43.3145357],[-5.8805587,43.3145344],[-5.8805747,43.3145326],[-5.8806278,43.3145257],[-5.8806629,43.3145203],[-5.8806888,43.3145155],[-5.8807536,43.314502],[-5.8807943,43.3144927],[-5.8808508,43.3144788],[-5.8808899,43.3144685],[-5.8809297,43.314457],[-5.8809646,43.3144456],[-5.8809832,43.3144399],[-5.8810025,43.3144345],[-5.8810222,43.3144295],[-5.8810966,43.3144115],[-5.8811458,43.3144006],[-5.8811633,43.3143971],[-5.881181,43.314394],[-5.8811989,43.3143914],[-5.8812127,43.3143898],[-5.8812267,43.3143886],[-5.8812418,43.3143876],[-5.8812571,43.314387],[-5.8812742,43.3143867],[-5.8812913,43.3143869],[-5.8813085,43.3143875],[-5.8813296,43.3143889],[-5.8813704,43.3143928],[-5.8814094,43.3143975],[-5.8814476,43.3144032],[-5.8814973,43.314412],[-5.8815204,43.3144155],[-5.8815315,43.3144165],[-5.8815421,43.314417],[-5.8815554,43.3144164],[-5.881568,43.3144139],[-5.8815799,43.31441],[-5.8815912,43.3144053],[-5.8816048,43.3143987],[-5.8816167,43.3143911],[-5.8816239,43.3143842],[-5.8816291,43.3143768],[-5.8816323,43.314369],[-5.8816334,43.3143605],[-5.8816325,43.3143543],[-5.8816302,43.3143487],[-5.8816271,43.3143443],[-5.8816165,43.3143342],[-5.8816112,43.3143287],[-5.8816061,43.314321],[-5.8816023,43.3143123],[-5.8815998,43.314303],[-5.8815981,43.3142894],[-5.881598,43.314282],[-5.8815988,43.3142749],[-5.8816014,43.3142681],[-5.8816067,43.3142614],[-5.8816142,43.314255],[-5.8816234,43.314249],[-5.8816339,43.3142432],[-5.8816455,43.3142378],[-5.8816546,43.3142343],[-5.8816757,43.3142273],[-5.8817025,43.3142198],[-5.8817451,43.3142093],[-5.8817715,43.314203],[-5.8818142,43.3141937],[-5.881832,43.3141894],[-5.8818671,43.3141798],[-5.8818843,43.3141747],[-5.8819134,43.3141653],[-5.8819899,43.3141393],[-5.8820172,43.3141291],[-5.8820543,43.3141141],[-5.8820643,43.3141086],[-5.8820734,43.3141027],[-5.8820809,43.3140975],[-5.8820866,43.314093],[-5.8820901,43.3140883],[-5.8820906,43.3140823],[-5.8820876,43.3140762],[-5.8820822,43.3140706],[-5.8820693,43.3140619],[-5.8820639,43.3140574],[-5.8820608,43.3140527],[-5.8820593,43.3140481],[-5.882058,43.3140398],[-5.882057,43.3140375],[-5.8820551,43.3140356],[-5.8820524,43.3140345],[-5.882049,43.3140341],[-5.8820444,43.3140343],[-5.8820407,43.3140354],[-5.8820392,43.3140348],[-5.8820366,43.3140352],[-5.8820309,43.3140372],[-5.8820128,43.3140458],[-5.8820029,43.3140499],[-5.8819891,43.3140541],[-5.8819737,43.3140575],[-5.881893,43.3140725],[-5.8818771,43.3140757],[-5.8818615,43.3140793],[-5.881826,43.3140891],[-5.8817845,43.3140999],[-5.8816079,43.3141435],[-5.8814877,43.3141749],[-5.8814139,43.3141959],[-5.8813967,43.3142012],[-5.8813198,43.3142263],[-5.8812771,43.3142392],[-5.8812559,43.314245],[-5.8812162,43.3142549],[-5.8811696,43.3142649],[-5.8811542,43.3142677],[-5.8811384,43.31427],[-5.8811059,43.3142742],[-5.8810234,43.314283],[-5.8810022,43.3142858],[-5.880994,43.3142875],[-5.8809697,43.3142947],[-5.8809626,43.3142971],[-5.880956,43.3143001],[-5.8809497,43.3143037],[-5.8809423,43.3143094],[-5.8809272,43.3143225],[-5.880923,43.3143259],[-5.8809107,43.3143345],[-5.8808967,43.3143423],[-5.8808871,43.3143465],[-5.880877,43.3143504],[-5.8808656,43.3143542],[-5.8808402,43.3143618],[-5.8808057,43.3143709],[-5.8807741,43.3143789],[-5.8806995,43.3143957],[-5.8806871,43.3143988],[-5.8806473,43.3144102],[-5.8806267,43.3144154],[-5.8806057,43.31442],[-5.8805842,43.3144242],[-5.8805626,43.3144278],[-5.8805001,43.3144369],[-5.8804127,43.3144473],[-5.880373,43.3144506],[-5.8803539,43.3144517],[-5.8803087,43.3144535],[-5.8801681,43.3144575],[-5.8801485,43.3144575],[-5.8801265,43.314457],[-5.8800634,43.3144547],[-5.8800442,43.3144548],[-5.8800254,43.3144557],[-5.8800145,43.3144567],[-5.8800044,43.3144583],[-5.8799944,43.3144604],[-5.8799726,43.3144658],[-5.8799561,43.3144704],[-5.8799396,43.3144757],[-5.8799264,43.3144809],[-5.8799152,43.3144864],[-5.8799031,43.3144937],[-5.879893,43.3145015],[-5.8798856,43.3145097],[-5.8798826,43.314515],[-5.8798808,43.3145202],[-5.8798797,43.3145288],[-5.8798789,43.3145398],[-5.8798776,43.3145481],[-5.8798774,43.3145557],[-5.8798786,43.3145626],[-5.8798814,43.3145679],[-5.8798837,43.3145707],[-5.8798862,43.3145724],[-5.8798885,43.3145734],[-5.8798948,43.3145748],[-5.8798977,43.3145758],[-5.8799047,43.3145796],[-5.8799122,43.3145855],[-5.8799198,43.3145929],[-5.8799266,43.3146008],[-5.8799549,43.314636],[-5.879962,43.3146459],[-5.8799678,43.3146554],[-5.8799715,43.3146626],[-5.8799773,43.314677],[-5.8799814,43.314689],[-5.8799847,43.314701],[-5.8799873,43.3147127],[-5.8799887,43.3147237],[-5.8799886,43.3147321],[-5.8799801,43.3147859],[-5.8799761,43.3148061],[-5.8799708,43.3148418],[-5.8799637,43.314879],[-5.8799627,43.3148884],[-5.8799624,43.3148965],[-5.8799629,43.3149031],[-5.8799642,43.314908],[-5.8799674,43.3149167],[-5.879968,43.3149224],[-5.8799676,43.3149291],[-5.8799663,43.3149365],[-5.879964,43.3149441],[-5.8799572,43.3149614],[-5.8799549,43.3149688],[-5.8799504,43.3149914],[-5.8799455,43.3150108],[-5.8799436,43.3150226],[-5.8799433,43.3150349],[-5.8799445,43.3150462],[-5.8799491,43.3150799],[-5.8799498,43.3150891],[-5.8799491,43.3150993],[-5.879945,43.3151174],[-5.8799441,43.3151287],[-5.8799431,43.3151352],[-5.8799384,43.3151478],[-5.8799357,43.3151564],[-5.8799336,43.3151654],[-5.8799322,43.3151739],[-5.8799308,43.3151907],[-5.879929,43.3151976],[-5.8799247,43.3152052],[-5.8799156,43.3152186],[-5.8799125,43.3152249],[-5.8799096,43.3152341],[-5.8799088,43.3152451],[-5.8799101,43.3152737],[-5.8799089,43.3153003],[-5.8799094,43.3153145],[-5.8799082,43.3153221],[-5.879903,43.3153383],[-5.8798976,43.3153638],[-5.8798953,43.3153715],[-5.8798896,43.315384],[-5.8798873,43.3153908],[-5.8798845,43.3154028],[-5.8798831,43.3154181],[-5.8798824,43.3154219],[-5.879881,43.3154259],[-5.8798748,43.3154371],[-5.8798722,43.3154432],[-5.8798712,43.3154479],[-5.8798679,43.3154856],[-5.8798665,43.3154951],[-5.8798646,43.3155046],[-5.8798597,43.3155228],[-5.8798581,43.3155329],[-5.8798589,43.3155647],[-5.8798604,43.315592],[-5.879861,43.3156003],[-5.8798619,43.3156049],[-5.8798637,43.3156085],[-5.8798657,43.3156108],[-5.8798679,43.315612],[-5.8798702,43.3156123],[-5.8798723,43.3156121],[-5.8798773,43.3156113],[-5.8798804,43.3156104],[-5.8798831,43.3156091],[-5.8798897,43.3156043],[-5.8798923,43.3156033],[-5.8798952,43.3156026],[-5.8798983,43.3156026],[-5.8799023,43.3156033],[-5.8799064,43.3156047],[-5.879912,43.3156074],[-5.8799144,43.3156094],[-5.8799169,43.3156136],[-5.8799179,43.3156186],[-5.8799176,43.3156237],[-5.8799161,43.3156286],[-5.8799131,43.3156329],[-5.8799034,43.3156438],[-5.8798967,43.3156511],[-5.8798888,43.3156586],[-5.8798653,43.315677],[-5.8798596,43.3156824],[-5.879848,43.3156962],[-5.879839,43.315709],[-5.8798331,43.3157192],[-5.8798281,43.3157298],[-5.8798239,43.3157404],[-5.8798204,43.3157505],[-5.8798176,43.3157604],[-5.8798164,43.3157689],[-5.8798172,43.3157759],[-5.8798183,43.3157788],[-5.8798198,43.3157808],[-5.8798224,43.3157816],[-5.8798259,43.3157799],[-5.8798298,43.3157759],[-5.8798428,43.3157594],[-5.8798481,43.3157535],[-5.879869,43.315734],[-5.879882,43.3157188],[-5.8798887,43.3157116],[-5.8798935,43.3157073],[-5.8798986,43.3157034],[-5.8799227,43.3156871],[-5.8799442,43.3156729],[-5.8799477,43.3156708],[-5.8799556,43.315667],[-5.8799643,43.3156636],[-5.8799918,43.3156549],[-5.8800102,43.3156497],[-5.8800155,43.3156475],[-5.8800243,43.3156428],[-5.8800308,43.3156387],[-5.8800338,43.3156363],[-5.8800358,43.3156336],[-5.8800365,43.3156307],[-5.8800361,43.3156251],[-5.8800336,43.3156177],[-5.880033,43.3156137],[-5.8800333,43.3156091],[-5.8800343,43.3156054],[-5.88004,43.3155917],[-5.8800413,43.3155844]],[[-5.8750619,43.3139357],[-5.8750663,43.3139291],[-5.8750685,43.3139247],[-5.8750686,43.3139229],[-5.8750718,43.3139217],[-5.8750748,43.3139197],[-5.8750781,43.3139159],[-5.8750792,43.3139118],[-5.8750771,43.3139086],[-5.8750733,43.3139074],[-5.8750696,43.3139075],[-5.8750475,43.3139118],[-5.8750403,43.3139136],[-5.8750308,43.3139169],[-5.8750209,43.3139214],[-5.8750121,43.3139267],[-5.875004,43.3139333],[-5.8749981,43.31394],[-5.8749952,43.313945],[-5.8749945,43.3139488],[-5.8749949,43.3139518],[-5.8749973,43.3139568],[-5.874998,43.31396],[-5.8749972,43.3139658],[-5.8749944,43.3139731],[-5.8749894,43.3139811],[-5.8749839,43.3139873],[-5.8749775,43.3139933],[-5.8749642,43.3140042],[-5.8749582,43.3140099],[-5.8749528,43.314017],[-5.8749484,43.3140251],[-5.8749447,43.3140339],[-5.8749419,43.314043],[-5.8749375,43.314059],[-5.8749259,43.3140893],[-5.8749199,43.3141035],[-5.8749128,43.3141186],[-5.8749049,43.3141341],[-5.8748876,43.3141663],[-5.8748404,43.3142489],[-5.8747338,43.3144315],[-5.8746656,43.3145474],[-5.8745866,43.3146805],[-5.8745672,43.3147137],[-5.8745489,43.3147468],[-5.8745406,43.3147632],[-5.8745332,43.3147793],[-5.874528,43.3147927],[-5.874524,43.3148057],[-5.8745216,43.3148183],[-5.8745212,43.3148303],[-5.8745231,43.3148416],[-5.8745266,43.3148523],[-5.8745317,43.3148639],[-5.8745357,43.3148705],[-5.8745406,43.3148765],[-5.8745468,43.3148822],[-5.8745627,43.3148947],[-5.8745744,43.3149031],[-5.8745873,43.3149115],[-5.8746035,43.3149207],[-5.8746209,43.3149293],[-5.8746438,43.3149394],[-5.8746564,43.3149445],[-5.8746729,43.3149506],[-5.8746895,43.3149559],[-5.8747058,43.3149606],[-5.8747215,43.3149644],[-5.8747318,43.3149665],[-5.8747415,43.3149679],[-5.8747567,43.3149683],[-5.8747656,43.314967],[-5.8747724,43.3149645],[-5.8747768,43.3149606],[-5.8747784,43.3149557],[-5.8747768,43.3149494],[-5.874772,43.3149421],[-5.8747645,43.3149344],[-5.874755,43.3149266],[-5.8747427,43.3149183],[-5.8747291,43.31491],[-5.8746916,43.3148876],[-5.8746748,43.3148782],[-5.8746575,43.3148701],[-5.8746389,43.3148639],[-5.8746202,43.3148595],[-5.8746065,43.314857],[-5.8745781,43.3148526],[-5.8745695,43.3148503],[-5.8745659,43.3148487],[-5.8745582,43.3148422],[-5.8745557,43.314838],[-5.8745539,43.3148316],[-5.8745537,43.3148243],[-5.8745548,43.3148171],[-5.8745568,43.3148093],[-5.8745618,43.3147953],[-5.8745684,43.3147805],[-5.8745761,43.314765],[-5.8745935,43.314733],[-5.8746792,43.3145844],[-5.8747358,43.3144856],[-5.874968,43.3140758],[-5.8749899,43.3140388],[-5.8750156,43.313998],[-5.8750327,43.3139732],[-5.8750619,43.3139357]],[[-5.8768426,43.3139403],[-5.8768482,43.3139403],[-5.8768589,43.3139417],[-5.8768703,43.3139437],[-5.8768811,43.3139446],[-5.8768922,43.3139444],[-5.8769166,43.3139434],[-5.8769292,43.3139432],[-5.876941,43.3139433],[-5.8769511,43.3139437],[-5.8769613,43.3139456],[-5.8769649,43.3139473],[-5.876967,43.3139495],[-5.8769674,43.313953],[-5.8769655,43.3139573],[-5.8769598,43.3139638],[-5.876951,43.3139703],[-5.8769395,43.313976],[-5.8769262,43.3139806],[-5.8769142,43.3139834],[-5.8768902,43.3139884],[-5.876879,43.3139918],[-5.8768711,43.3139953],[-5.8768601,43.314003],[-5.8768535,43.3140096],[-5.8768484,43.3140166],[-5.8768446,43.3140237],[-5.8768421,43.3140306],[-5.8768412,43.3140393],[-5.8768444,43.3140459],[-5.8768509,43.3140494],[-5.8768602,43.314051],[-5.8768714,43.314051],[-5.8768789,43.3140504],[-5.8768866,43.3140493],[-5.8768961,43.3140472],[-5.8769057,43.3140447],[-5.8769252,43.3140392],[-5.8769542,43.3140287],[-5.8769678,43.3140244],[-5.8769737,43.3140229],[-5.876972,43.314019],[-5.8769825,43.3140208],[-5.8769959,43.3140187],[-5.8770098,43.3140181],[-5.8770244,43.3140197],[-5.8770382,43.3140233],[-5.8770507,43.3140284],[-5.8770616,43.3140346],[-5.8770699,43.3140412],[-5.8770728,43.3140443],[-5.8770777,43.3140517],[-5.8770799,43.3140569],[-5.8770808,43.3140617],[-5.87708,43.3140666],[-5.8770774,43.3140701],[-5.8770737,43.3140717],[-5.8770582,43.3140731],[-5.8770533,43.3140743],[-5.8770487,43.3140764],[-5.8770441,43.3140793],[-5.8770253,43.314094],[-5.8770177,43.314099],[-5.8770112,43.3141023],[-5.8770044,43.3141045],[-5.8769958,43.3141054],[-5.8769779,43.3141052],[-5.876961,43.3141068],[-5.8769518,43.3141073],[-5.8769439,43.3141071],[-5.8769138,43.3141051],[-5.8768998,43.314105],[-5.8768901,43.3141059],[-5.8768793,43.3141076],[-5.8768588,43.3141116],[-5.8768507,43.3141126],[-5.8768313,43.3141141],[-5.8768205,43.3141142],[-5.8768106,43.314113],[-5.8767923,43.3141095],[-5.8767838,43.3141092],[-5.8767764,43.3141106],[-5.8767625,43.3141157],[-5.8767555,43.3141179],[-5.87675,43.3141187],[-5.8767447,43.3141189],[-5.8767284,43.314117],[-5.8767233,43.3141172],[-5.8767182,43.3141183],[-5.876712,43.3141212],[-5.8766988,43.3141293],[-5.8766888,43.3141344],[-5.8766777,43.3141388],[-5.8766677,43.3141419],[-5.8766575,43.3141438],[-5.876636,43.3141455],[-5.8766155,43.3141488],[-5.8765954,43.3141509],[-5.8765876,43.3141521],[-5.8765756,43.3141548],[-5.8765452,43.3141624],[-5.8765262,43.3141662],[-5.8764703,43.3141759],[-5.8764128,43.3141876],[-5.8763961,43.3141899],[-5.8763793,43.3141915],[-5.8763286,43.3141955],[-5.8762993,43.3141974],[-5.8762858,43.3141985],[-5.8762737,43.3142],[-5.8762615,43.3142023],[-5.8762531,43.3142052],[-5.8762501,43.3142076],[-5.8762495,43.3142099],[-5.8762517,43.3142121],[-5.8762564,43.3142132],[-5.8762733,43.3142125],[-5.8762866,43.314213],[-5.8763211,43.3142152],[-5.8763501,43.3142158],[-5.8763727,43.3142153],[-5.8763959,43.3142144],[-5.8764428,43.3142113],[-5.8765281,43.3142042],[-5.8765815,43.3141988],[-5.8766705,43.3141913],[-5.8766916,43.3141892],[-5.8767547,43.3141815],[-5.876778,43.3141783],[-5.8768329,43.3141699],[-5.8768508,43.3141673],[-5.8768719,43.3141648],[-5.8768967,43.3141623],[-5.8769316,43.3141602],[-5.8769504,43.3141585],[-5.8769687,43.3141558],[-5.8769845,43.3141523],[-5.8770375,43.3141389],[-5.8770698,43.3141294],[-5.8770828,43.3141261],[-5.8771309,43.3141155],[-5.8771637,43.3141072],[-5.877182,43.3141017],[-5.8771993,43.3140947],[-5.877215,43.3140861],[-5.8772294,43.3140759],[-5.8772426,43.3140645],[-5.877255,43.3140522],[-5.8772789,43.314027],[-5.8772916,43.3140151],[-5.8773056,43.3140043],[-5.8773214,43.3139951],[-5.8773388,43.3139874],[-5.8773573,43.3139812],[-5.8773767,43.3139764],[-5.8773976,43.3139728],[-5.8774838,43.3139604],[-5.8775428,43.3139503],[-5.8776193,43.3139398],[-5.8776483,43.313935],[-5.8776972,43.3139248],[-5.8777859,43.3139072],[-5.8778468,43.3138946],[-5.877943,43.3138759],[-5.8779639,43.3138711],[-5.8779846,43.3138659],[-5.8781404,43.3138259],[-5.8781811,43.313816],[-5.8782161,43.3138079],[-5.8782608,43.3137947],[-5.8783167,43.3137807],[-5.8783525,43.3137722],[-5.8783874,43.3137648],[-5.8784196,43.313759],[-5.8784359,43.3137565],[-5.8784516,43.3137545],[-5.8784667,43.3137535],[-5.8784829,43.3137534],[-5.8784974,43.3137545],[-5.8785089,43.3137561],[-5.8785177,43.3137586],[-5.8785216,43.3137608],[-5.8785239,43.3137634],[-5.8785241,43.3137676],[-5.8785212,43.3137722],[-5.8785162,43.3137764],[-5.8785045,43.3137852],[-5.8785002,43.31379],[-5.8784987,43.3137946],[-5.8784998,43.3137977],[-5.8785026,43.3138005],[-5.8785083,43.3138036],[-5.8785161,43.3138057],[-5.8785252,43.3138064],[-5.8785356,43.313806],[-5.8785452,43.3138051],[-5.8785554,43.3138036],[-5.8785702,43.3138005],[-5.8785854,43.3137964],[-5.8785974,43.3137925],[-5.8786453,43.3137758],[-5.8786624,43.3137693],[-5.878678,43.3137623],[-5.878689,43.3137566],[-5.878701,43.3137491],[-5.8787091,43.313742],[-5.8787146,43.3137347],[-5.8787174,43.3137286],[-5.8787222,43.3137148],[-5.8787273,43.3137074],[-5.8787352,43.3137003],[-5.8787448,43.3136945],[-5.8787515,43.3136912],[-5.8787698,43.3136832],[-5.8787812,43.3136789],[-5.8788128,43.3136698],[-5.8788222,43.3136666],[-5.878831,43.3136631],[-5.8788393,43.3136593],[-5.8788548,43.3136512],[-5.8788607,43.3136473],[-5.8788627,43.3136456],[-5.8788642,43.3136432],[-5.8788633,43.3136414],[-5.8788601,43.3136403],[-5.8788543,43.3136395],[-5.8788467,43.3136392],[-5.8788377,43.3136393],[-5.8788269,43.3136399],[-5.8788155,43.313641],[-5.8787912,43.3136441],[-5.8787788,43.3136451],[-5.8787703,43.3136447],[-5.8787623,43.3136435],[-5.8787528,43.3136408],[-5.8787435,43.3136376],[-5.8787336,43.3136346],[-5.8787224,43.3136326],[-5.87871,43.3136312],[-5.8786868,43.3136297],[-5.8786767,43.3136293],[-5.8786653,43.3136293],[-5.8786538,43.3136303],[-5.8786392,43.3136324],[-5.8786051,43.3136403],[-5.8785398,43.3136538],[-5.8784954,43.3136641],[-5.8784487,43.3136743],[-5.8784346,43.3136777],[-5.8783841,43.3136911],[-5.8783443,43.3137012],[-5.8783333,43.3137045],[-5.8782873,43.3137196],[-5.8782692,43.3137249],[-5.8782079,43.3137402],[-5.8781936,43.3137433],[-5.8781516,43.3137509],[-5.8780379,43.3137754],[-5.8780206,43.3137786],[-5.8779622,43.3137885],[-5.8778883,43.3137996],[-5.8778376,43.3138065],[-5.8777947,43.3138129],[-5.8777347,43.3138231],[-5.8776945,43.3138296],[-5.877652,43.3138389],[-5.8775705,43.3138547],[-5.8775544,43.3138582],[-5.8775131,43.3138687],[-5.8774925,43.3138728],[-5.8774714,43.313876],[-5.8774553,43.3138779],[-5.8774408,43.3138792],[-5.8774266,43.3138798],[-5.8774128,43.3138792],[-5.8773994,43.3138771],[-5.8773864,43.3138736],[-5.8773739,43.313869],[-5.8773643,43.3138645],[-5.8773552,43.3138594],[-5.8773434,43.3138512],[-5.8773325,43.3138423],[-5.8773125,43.3138247],[-5.8773045,43.3138182],[-5.8772961,43.3138122],[-5.8772833,43.3138052],[-5.8772692,43.313799],[-5.8772518,43.3137923],[-5.8772336,43.3137862],[-5.877215,43.3137812],[-5.8771991,43.3137783],[-5.8771834,43.3137769],[-5.8771679,43.313777],[-5.8771506,43.3137793],[-5.8771161,43.3137859],[-5.8771015,43.3137874],[-5.8770866,43.3137876],[-5.8770724,43.3137866],[-5.8770582,43.3137845],[-5.877044,43.3137816],[-5.8770309,43.3137783],[-5.877012,43.3137722],[-5.8769764,43.3137585],[-5.8769233,43.3137369],[-5.8769079,43.3137313],[-5.8767694,43.3136819],[-5.8767482,43.3136745],[-5.8767169,43.3136642],[-5.8766709,43.3136484],[-5.8766682,43.3136457],[-5.8766644,43.3136439],[-5.8766601,43.313643],[-5.8766563,43.3136435],[-5.8766537,43.3136452],[-5.876653,43.3136477],[-5.8766563,43.3136603],[-5.8766563,43.3136727],[-5.8766571,43.3136757],[-5.876659,43.3136783],[-5.8766624,43.3136807],[-5.8766674,43.3136831],[-5.8766733,43.3136848],[-5.8766908,43.3136868],[-5.876705,43.3136894],[-5.8767157,43.3136919],[-5.8767267,43.313695],[-5.8767378,43.3136992],[-5.8767484,43.3137041],[-5.8767557,43.3137079],[-5.8767623,43.3137121],[-5.8767687,43.3137173],[-5.8767739,43.3137229],[-5.8767783,43.3137295],[-5.8767812,43.3137387],[-5.8767815,43.3137485],[-5.87678,43.3137574],[-5.8767753,43.3137764],[-5.8767733,43.3137905],[-5.8767724,43.3138056],[-5.8767707,43.3138514],[-5.8767696,43.3139194],[-5.8767699,43.313926],[-5.8767721,43.3139349],[-5.8767767,43.313942],[-5.8767831,43.3139477],[-5.8767907,43.3139518],[-5.8767987,43.313954],[-5.8768039,43.3139543],[-5.8768086,43.3139537],[-5.876815,43.3139513],[-5.8768272,43.3139442],[-5.8768319,43.3139423],[-5.8768371,43.313941],[-5.8768426,43.3139403]],[[-5.8921958,43.312815],[-5.892212,43.3128124],[-5.892228,43.3128088],[-5.8922833,43.3127944],[-5.8922967,43.3127912],[-5.8923103,43.3127885],[-5.8923227,43.3127868],[-5.8923353,43.3127859],[-5.8923529,43.3127855],[-5.8924066,43.3127871],[-5.8924195,43.312787],[-5.8924308,43.3127866],[-5.8924702,43.3127837],[-5.8925022,43.3127805],[-5.8925218,43.3127777],[-5.8925639,43.31277],[-5.8925807,43.3127677],[-5.8926174,43.3127646],[-5.8926269,43.3127635],[-5.8926364,43.312762],[-5.8926464,43.3127597],[-5.8926598,43.312756],[-5.8926973,43.3127446],[-5.8927268,43.3127368],[-5.8927492,43.3127313],[-5.8927829,43.3127241],[-5.8927991,43.3127203],[-5.8928144,43.3127159],[-5.8928464,43.3127037],[-5.8928628,43.3126983],[-5.8928784,43.3126951],[-5.8928952,43.3126929],[-5.8929128,43.3126915],[-5.8929496,43.3126894],[-5.8929685,43.3126879],[-5.8929851,43.3126861],[-5.8930017,43.3126839],[-5.8930371,43.3126786],[-5.8930743,43.3126724],[-5.8930926,43.3126689],[-5.8931218,43.3126624],[-5.8931646,43.3126502],[-5.8931775,43.3126468],[-5.8931894,43.3126442],[-5.8932015,43.312642],[-5.8932358,43.3126369],[-5.8932546,43.3126336],[-5.8932735,43.3126299],[-5.8933273,43.3126177],[-5.8933739,43.3126077],[-5.8933916,43.3126035],[-5.8934267,43.312594],[-5.8934558,43.3125851],[-5.8934794,43.3125768],[-5.8934948,43.3125708],[-5.8935098,43.3125644],[-5.8935548,43.3125434],[-5.8936147,43.3125177],[-5.8936762,43.3124886],[-5.8937102,43.3124718],[-5.8937839,43.3124343],[-5.8938351,43.3124074],[-5.8938668,43.3123901],[-5.8938814,43.3123814],[-5.893896,43.3123721],[-5.8939085,43.3123631],[-5.893916,43.3123567],[-5.8939222,43.3123503],[-5.8939249,43.3123447],[-5.8939241,43.3123411],[-5.8939206,43.3123384],[-5.8939109,43.3123364],[-5.8938971,43.3123367],[-5.8938807,43.3123387],[-5.8938629,43.3123418],[-5.8938482,43.3123453],[-5.8938281,43.3123507],[-5.8937501,43.312375],[-5.8936813,43.3123947],[-5.8936727,43.3123968],[-5.8936556,43.3123998],[-5.8936372,43.312402],[-5.8936226,43.3124033],[-5.8936076,43.3124039],[-5.893592,43.3124036],[-5.8935718,43.3124024],[-5.8935511,43.3124006],[-5.8935302,43.312398],[-5.8935093,43.3123947],[-5.8934888,43.3123906],[-5.8934698,43.3123859],[-5.8934515,43.3123805],[-5.8934323,43.312374],[-5.8934173,43.3123679],[-5.8933748,43.3123488],[-5.8933616,43.3123424],[-5.8933413,43.3123317],[-5.8933316,43.3123271],[-5.8933235,43.3123239],[-5.8933156,43.3123215],[-5.8933072,43.3123197],[-5.8932992,43.3123194],[-5.8932894,43.3123212],[-5.8932798,43.312325],[-5.8932658,43.3123312],[-5.8932561,43.3123345],[-5.8932452,43.312337],[-5.8932335,43.3123386],[-5.89322,43.3123389],[-5.893206,43.3123379],[-5.8931904,43.3123357],[-5.8930877,43.3123177],[-5.8930763,43.3123162],[-5.8930667,43.3123159],[-5.89306,43.3123167],[-5.8930555,43.3123183],[-5.893053,43.312321],[-5.8930509,43.3123293],[-5.8930474,43.312335],[-5.8930412,43.3123408],[-5.8930334,43.3123456],[-5.8930218,43.3123509],[-5.8930109,43.3123551],[-5.8929996,43.3123587],[-5.8929884,43.3123609],[-5.8929777,43.3123612],[-5.8929699,43.3123597],[-5.8929629,43.3123567],[-5.8929558,43.3123511],[-5.8929496,43.312344],[-5.8929349,43.3123253],[-5.8929254,43.3123142],[-5.8929054,43.3122919],[-5.8928999,43.312285],[-5.8928844,43.3122648],[-5.892877,43.3122558],[-5.8928687,43.3122474],[-5.8928546,43.3122364],[-5.8928382,43.3122266],[-5.8928201,43.3122179],[-5.8928055,43.312212],[-5.8927905,43.3122066],[-5.8927752,43.3122016],[-5.8927459,43.3121927],[-5.8927315,43.3121888],[-5.8926952,43.3121802],[-5.8926827,43.3121769],[-5.8926557,43.3121682],[-5.8926416,43.3121649],[-5.8926304,43.3121642],[-5.8926156,43.3121649],[-5.8926,43.3121661],[-5.8925636,43.3121679],[-5.8925528,43.3121691],[-5.8924725,43.3121795],[-5.8924135,43.3121862],[-5.8923861,43.3121896],[-5.8923693,43.3121913],[-5.8923525,43.3121927],[-5.892305,43.3121963],[-5.892291,43.3121967],[-5.8922747,43.3121956],[-5.8922497,43.3121934],[-5.8921936,43.3121904],[-5.8921697,43.3121883],[-5.8921592,43.312187],[-5.8921453,43.3121847],[-5.892127,43.3121801],[-5.8921107,43.3121738],[-5.8921025,43.3121693],[-5.8920915,43.3121614],[-5.8920827,43.3121519],[-5.8920761,43.3121385],[-5.8920718,43.3121231],[-5.8920701,43.3121144],[-5.8920688,43.3121056],[-5.8920682,43.3120888],[-5.8920699,43.3120765],[-5.8920729,43.3120654],[-5.8920772,43.3120539],[-5.8920821,43.312044],[-5.8920802,43.3120437],[-5.8920795,43.3120415],[-5.8920806,43.3120348],[-5.8920842,43.3120247],[-5.892103,43.3119817],[-5.8921139,43.3119549],[-5.8921195,43.3119394],[-5.8921227,43.3119285],[-5.8921243,43.3119193],[-5.8921239,43.3119128],[-5.8921223,43.3119079],[-5.892119,43.3119036],[-5.8921139,43.3119009],[-5.8921032,43.3118999],[-5.8920963,43.3119006],[-5.8920859,43.3119026],[-5.8920487,43.3119126],[-5.8920204,43.3119208],[-5.8920028,43.3119268],[-5.8919854,43.3119334],[-5.8919681,43.3119404],[-5.8919404,43.3119527],[-5.8918943,43.3119755],[-5.8918836,43.3119802],[-5.891874,43.3119837],[-5.8918655,43.3119856],[-5.8918595,43.3119857],[-5.8918549,43.3119843],[-5.8918511,43.3119802],[-5.8918495,43.3119742],[-5.891849,43.3119576],[-5.8918479,43.31195],[-5.8918452,43.3119429],[-5.8918413,43.3119376],[-5.8918364,43.311933],[-5.8918247,43.3119237],[-5.891818,43.3119198],[-5.8918059,43.3119155],[-5.8917987,43.3119137],[-5.8917911,43.3119121],[-5.8917489,43.311905],[-5.8917368,43.3119023],[-5.8917229,43.311898],[-5.8917167,43.3118964],[-5.8917094,43.3118956],[-5.8917022,43.3118963],[-5.8916969,43.3118979],[-5.8916917,43.3119003],[-5.8916856,43.3119039],[-5.8916795,43.3119082],[-5.8916578,43.3119276],[-5.8916453,43.3119377],[-5.8916312,43.3119478],[-5.8916159,43.3119574],[-5.8915736,43.3119807],[-5.8915609,43.3119884],[-5.89155,43.3119966],[-5.8915407,43.3120065],[-5.8915356,43.312017],[-5.8915349,43.3120253],[-5.8915361,43.3120339],[-5.8915377,43.3120402],[-5.8915412,43.3120497],[-5.891546,43.3120594],[-5.8915532,43.3120704],[-5.8915615,43.3120809],[-5.8915781,43.3121006],[-5.8915878,43.3121128],[-5.8915924,43.3121177],[-5.8915976,43.3121217],[-5.8916083,43.3121268],[-5.8916143,43.3121285],[-5.8916343,43.3121327],[-5.8916444,43.3121359],[-5.891654,43.3121402],[-5.8916624,43.3121455],[-5.891669,43.3121518],[-5.8916735,43.3121606],[-5.8916745,43.3121671],[-5.8916736,43.3121746],[-5.8916684,43.3121918],[-5.8916677,43.3121967],[-5.8916684,43.3122011],[-5.8916701,43.3122053],[-5.8916815,43.3122229],[-5.891684,43.3122276],[-5.8916843,43.3122319],[-5.8916825,43.3122347],[-5.8916791,43.3122372],[-5.8916716,43.3122399],[-5.8916612,43.3122414],[-5.8916354,43.3122441],[-5.8916248,43.3122461],[-5.8916138,43.3122487],[-5.8915972,43.3122538],[-5.8915879,43.3122576],[-5.8915788,43.3122619],[-5.89157,43.3122671],[-5.891562,43.3122729],[-5.8915534,43.3122809],[-5.891546,43.3122897],[-5.8915396,43.3122989],[-5.8915337,43.3123095],[-5.8915289,43.31232],[-5.8915253,43.3123304],[-5.8915233,43.3123404],[-5.8915227,43.3123498],[-5.8915239,43.3123635],[-5.891525,43.3123683],[-5.8915276,43.3123736],[-5.8915312,43.3123782],[-5.8915348,43.3123816],[-5.891553,43.3123972],[-5.8915578,43.312402],[-5.8915621,43.3124071],[-5.8915653,43.312412],[-5.8915681,43.3124198],[-5.8915712,43.3124338],[-5.8915736,43.3124419],[-5.8915773,43.3124505],[-5.8915838,43.3124624],[-5.8916036,43.3124899],[-5.8916093,43.3124995],[-5.8916131,43.3125084],[-5.8916159,43.3125174],[-5.8916203,43.3125362],[-5.8916216,43.3125455],[-5.8916221,43.3125547],[-5.8916215,43.3125635],[-5.8916173,43.3125817],[-5.8916152,43.3125948],[-5.8916146,43.3126035],[-5.891615,43.3126123],[-5.8916169,43.3126211],[-5.8916212,43.3126312],[-5.8916273,43.3126414],[-5.8916373,43.3126561],[-5.8916542,43.3126791],[-5.891665,43.3126919],[-5.8916752,43.312702],[-5.8916953,43.3127205],[-5.8917042,43.312729],[-5.8917124,43.3127376],[-5.8917226,43.3127497],[-5.8917397,43.3127723],[-5.8917473,43.3127816],[-5.8917575,43.3127928],[-5.8917616,43.3127995],[-5.8917631,43.3128056],[-5.8917639,43.312811],[-5.8917661,43.3128157],[-5.8917701,43.3128188],[-5.8917757,43.3128213],[-5.891782,43.3128234],[-5.8917875,43.3128247],[-5.891793,43.3128256],[-5.8918067,43.3128269],[-5.8918158,43.3128285],[-5.8918252,43.3128317],[-5.8918318,43.3128349],[-5.8918385,43.3128385],[-5.8918584,43.3128504],[-5.8918708,43.3128563],[-5.8918806,43.3128592],[-5.891891,43.3128609],[-5.8919016,43.3128615],[-5.8919133,43.3128609],[-5.8919243,43.3128593],[-5.8919342,43.3128568],[-5.8919423,43.3128534],[-5.8919493,43.3128487],[-5.8919555,43.3128437],[-5.891963,43.3128388],[-5.891975,43.3128341],[-5.8919904,43.31283],[-5.8920077,43.3128266],[-5.8920423,43.3128206],[-5.8920584,43.3128182],[-5.892075,43.3128163],[-5.8920915,43.3128152],[-5.892108,43.3128149],[-5.892158,43.3128163],[-5.8921771,43.3128162],[-5.8921958,43.312815]],[[-5.8851453,43.3129615],[-5.8851558,43.3129513],[-5.8851593,43.3129471],[-5.8851665,43.3129338],[-5.8851703,43.3129302],[-5.8851729,43.3129297],[-5.8851756,43.3129302],[-5.8851797,43.3129328],[-5.8851869,43.3129394],[-5.8851955,43.3129485],[-5.8851999,43.3129523],[-5.8852051,43.3129556],[-5.8852113,43.3129584],[-5.8852152,43.3129598],[-5.8852271,43.312963],[-5.8852406,43.3129642],[-5.8852557,43.3129625],[-5.8852714,43.3129582],[-5.8852796,43.312955],[-5.8852891,43.3129504],[-5.8852997,43.3129438],[-5.8853098,43.312936],[-5.8853196,43.3129275],[-5.8853292,43.3129186],[-5.8853547,43.3128935],[-5.8853684,43.3128813],[-5.8853842,43.3128694],[-5.8854014,43.3128587],[-5.8854199,43.3128494],[-5.8854311,43.3128448],[-5.8854551,43.3128365],[-5.8854677,43.3128326],[-5.8854862,43.3128277],[-5.885505,43.3128234],[-5.8855239,43.3128196],[-5.8855401,43.3128167],[-5.8856092,43.3128072],[-5.8857092,43.312792],[-5.885726,43.3127891],[-5.8857427,43.3127858],[-5.8857567,43.3127826],[-5.8857851,43.3127755],[-5.8858375,43.3127632],[-5.8859044,43.3127439],[-5.8859187,43.312739],[-5.8859326,43.3127335],[-5.8859664,43.3127177],[-5.8859864,43.3127105],[-5.8860072,43.3127055],[-5.8860287,43.3127022],[-5.8860493,43.3127003],[-5.8860676,43.3126995],[-5.8860825,43.3126994],[-5.8860976,43.3126997],[-5.8860959,43.3126995],[-5.8860983,43.3126959],[-5.8861038,43.3126899],[-5.8861124,43.312682],[-5.8861225,43.3126742],[-5.886135,43.312666],[-5.886155,43.3126552],[-5.8861704,43.3126481],[-5.8861866,43.3126413],[-5.8862111,43.3126325],[-5.886229,43.3126269],[-5.8862464,43.3126222],[-5.8862657,43.3126185],[-5.8863014,43.3126142],[-5.8863192,43.3126116],[-5.8863376,43.3126082],[-5.8864144,43.312591],[-5.8864305,43.3125877],[-5.8864463,43.312585],[-5.8864732,43.3125814],[-5.8865197,43.3125743],[-5.8865365,43.3125723],[-5.8865699,43.3125695],[-5.8866041,43.3125674],[-5.8866211,43.3125661],[-5.8866429,43.3125635],[-5.8866797,43.3125583],[-5.8867172,43.3125523],[-5.8867359,43.3125488],[-5.886771,43.3125412],[-5.8868069,43.3125325],[-5.8868527,43.3125209],[-5.8868697,43.312517],[-5.8868806,43.3125151],[-5.8869026,43.3125124],[-5.8869214,43.312511],[-5.8870007,43.3125084],[-5.887022,43.3125061],[-5.8870405,43.3125021],[-5.8870585,43.3124965],[-5.8870761,43.3124898],[-5.8870932,43.3124824],[-5.8871241,43.312468],[-5.8871374,43.312461],[-5.8871491,43.3124537],[-5.8871586,43.3124459],[-5.8871657,43.3124362],[-5.8871685,43.3124261],[-5.8871663,43.3124148],[-5.8871592,43.3124042],[-5.8871535,43.3123988],[-5.8871398,43.3123904],[-5.8871227,43.3123836],[-5.8871032,43.3123784],[-5.8870874,43.3123755],[-5.88707,43.3123732],[-5.8870523,43.3123718],[-5.8870344,43.3123712],[-5.8870138,43.3123719],[-5.8869821,43.3123747],[-5.8869709,43.3123761],[-5.8869544,43.3123786],[-5.8869389,43.3123821],[-5.8869228,43.3123875],[-5.8869099,43.312394],[-5.8868982,43.3124014],[-5.8868727,43.3124204],[-5.8868624,43.3124276],[-5.8868522,43.3124332],[-5.8868415,43.3124371],[-5.8868317,43.3124387],[-5.8868215,43.312439],[-5.8868065,43.3124379],[-5.8867917,43.3124349],[-5.8867808,43.3124313],[-5.8867591,43.3124225],[-5.8867456,43.312418],[-5.8867315,43.3124149],[-5.886717,43.3124139],[-5.8867019,43.3124153],[-5.8866864,43.3124186],[-5.886656,43.3124266],[-5.8866412,43.3124301],[-5.8866262,43.312433],[-5.8866108,43.3124355],[-5.8865616,43.3124431],[-5.8865449,43.3124461],[-5.886526,43.31245],[-5.8864674,43.3124649],[-5.8864269,43.3124738],[-5.8864052,43.3124775],[-5.8863606,43.3124842],[-5.8863328,43.312489],[-5.8862395,43.3125097],[-5.886187,43.3125209],[-5.8861303,43.3125339],[-5.8860922,43.3125411],[-5.8860745,43.3125439],[-5.8860308,43.3125494],[-5.8860202,43.3125511],[-5.8860105,43.3125532],[-5.8860009,43.3125559],[-5.8859829,43.3125616],[-5.885959,43.3125699],[-5.8859493,43.3125737],[-5.8859337,43.3125807],[-5.8858557,43.3126179],[-5.8858395,43.3126252],[-5.8858231,43.3126318],[-5.8858034,43.3126386],[-5.8857869,43.3126439],[-5.885771,43.3126483],[-5.8857548,43.3126522],[-5.8857386,43.3126555],[-5.88571,43.3126605],[-5.8856982,43.3126623],[-5.885668,43.3126664],[-5.8856543,43.3126687],[-5.8856359,43.3126722],[-5.8856169,43.3126761],[-5.8855983,43.3126806],[-5.8855606,43.3126908],[-5.8854772,43.3127152],[-5.8854553,43.3127225],[-5.885416,43.3127369],[-5.8854017,43.3127418],[-5.8853631,43.3127538],[-5.8853449,43.3127598],[-5.885329,43.3127656],[-5.8852446,43.3127982],[-5.8852309,43.3128027],[-5.8852168,43.3128065],[-5.8852015,43.3128098],[-5.8851706,43.3128158],[-5.8851556,43.3128195],[-5.8851461,43.3128225],[-5.8851367,43.3128258],[-5.8851195,43.3128328],[-5.8851033,43.3128403],[-5.8850886,43.3128481],[-5.8850628,43.312864],[-5.8850529,43.3128687],[-5.8850422,43.3128719],[-5.8850299,43.3128742],[-5.8849844,43.3128806],[-5.8849245,43.3128901],[-5.8849106,43.3128926],[-5.8848968,43.3128954],[-5.8848601,43.3129041],[-5.8848469,43.3129076],[-5.8848345,43.3129117],[-5.8848215,43.3129175],[-5.8848105,43.3129243],[-5.884802,43.3129319],[-5.8847975,43.3129382],[-5.8847951,43.3129447],[-5.8847954,43.3129531],[-5.8847986,43.3129614],[-5.8848042,43.3129703],[-5.8848116,43.312978],[-5.8848204,43.3129837],[-5.8848268,43.312986],[-5.8848339,43.3129876],[-5.8848614,43.3129922],[-5.88487,43.3129935],[-5.8848793,43.3129945],[-5.8848892,43.3129947],[-5.8849,43.3129941],[-5.884914,43.3129924],[-5.8849393,43.312989],[-5.8849529,43.3129875],[-5.884969,43.3129866],[-5.8850876,43.3129838],[-5.8851028,43.312982],[-5.8851173,43.3129781],[-5.8851299,43.3129725],[-5.8851382,43.3129672],[-5.8851453,43.3129615]],[[-5.8875212,43.3124689],[-5.8875359,43.3124679],[-5.8875509,43.3124686],[-5.8875617,43.3124703],[-5.887587,43.312476],[-5.8876271,43.312487],[-5.8876469,43.3124922],[-5.8876706,43.3124993],[-5.8876831,43.3125027],[-5.8877022,43.3125067],[-5.8877226,43.3125096],[-5.8877438,43.3125115],[-5.8877657,43.3125126],[-5.8877879,43.3125128],[-5.8878056,43.3125123],[-5.8878198,43.3125116],[-5.887834,43.3125105],[-5.8878509,43.3125086],[-5.8878957,43.3125026],[-5.8879158,43.3125004],[-5.8879778,43.3124947],[-5.8880337,43.3124903],[-5.8880494,43.3124893],[-5.8880915,43.3124877],[-5.8881235,43.312486],[-5.8881387,43.3124855],[-5.8881531,43.3124858],[-5.8882048,43.3124879],[-5.8882482,43.3124891],[-5.8882703,43.31249],[-5.8883278,43.3124932],[-5.8883879,43.3124952],[-5.8884081,43.3124956],[-5.8884667,43.3124958],[-5.8885182,43.3124964],[-5.8885338,43.312496],[-5.8885545,43.3124943],[-5.8885738,43.3124911],[-5.8885912,43.3124865],[-5.8886017,43.3124825],[-5.8886108,43.3124781],[-5.8886183,43.3124736],[-5.8886247,43.3124687],[-5.8886281,43.3124636],[-5.8886277,43.3124576],[-5.8886237,43.3124514],[-5.8886172,43.3124452],[-5.8886089,43.3124396],[-5.888599,43.3124351],[-5.8885851,43.3124318],[-5.888574,43.3124302],[-5.8885622,43.3124291],[-5.8885499,43.3124287],[-5.8885116,43.3124299],[-5.8884969,43.31243],[-5.8884784,43.3124291],[-5.8884402,43.3124263],[-5.8884233,43.3124257],[-5.8883618,43.3124255],[-5.8883068,43.3124261],[-5.8882741,43.3124272],[-5.8882424,43.31243],[-5.8882221,43.3124314],[-5.8882018,43.3124321],[-5.8881821,43.3124322],[-5.8881663,43.3124319],[-5.8881515,43.3124316],[-5.8881368,43.3124306],[-5.8881201,43.3124282],[-5.8880851,43.3124213],[-5.8880671,43.3124183],[-5.8880484,43.3124158],[-5.8880292,43.3124138],[-5.887979,43.312409],[-5.8879573,43.3124063],[-5.8878782,43.3123953],[-5.8878157,43.3123864],[-5.887789,43.3123823],[-5.8877612,43.3123775],[-5.8877334,43.3123721],[-5.8876301,43.3123487],[-5.8876205,43.3123459],[-5.8876202,43.3123463],[-5.8876149,43.3123483],[-5.887574,43.3123597],[-5.8875569,43.312364],[-5.8875384,43.3123678],[-5.887522,43.3123701],[-5.887505,43.3123718],[-5.8874357,43.3123768],[-5.8874194,43.312379],[-5.8874063,43.3123823],[-5.8873942,43.3123869],[-5.8873836,43.3123927],[-5.8873734,43.3124009],[-5.8873662,43.3124103],[-5.8873627,43.3124199],[-5.8873622,43.3124298],[-5.8873648,43.3124397],[-5.8873711,43.3124501],[-5.8873805,43.3124597],[-5.8873897,43.3124666],[-5.8874,43.3124726],[-5.8874094,43.3124768],[-5.8874193,43.3124802],[-5.8874297,43.3124826],[-5.8874403,43.312484],[-5.887449,43.3124844],[-5.8874609,43.312484],[-5.8874722,43.3124824],[-5.8874805,43.3124802],[-5.8874978,43.3124744],[-5.8875076,43.3124714],[-5.8875212,43.3124689]],[[-5.8948608,43.311272],[-5.8948425,43.3112663],[-5.8948246,43.3112582],[-5.8948064,43.3112467],[-5.8947892,43.3112323],[-5.8947794,43.3112222],[-5.8947703,43.3112115],[-5.894745,43.3111789],[-5.8947347,43.3111664],[-5.894725,43.3111557],[-5.8947164,43.3111474],[-5.8947093,43.311142],[-5.894705,43.3111399],[-5.8947025,43.3111403],[-5.8947029,43.3111388],[-5.8947023,43.3111383],[-5.8946994,43.3111402],[-5.8946885,43.3111492],[-5.8946785,43.3111561],[-5.894666,43.3111632],[-5.8946515,43.3111694],[-5.8946356,43.3111737],[-5.8946233,43.3111751],[-5.8946107,43.3111753],[-5.8946005,43.3111749],[-5.8945905,43.3111741],[-5.8945736,43.3111715],[-5.8945427,43.3111656],[-5.8945301,43.3111635],[-5.8945244,43.3111629],[-5.8945184,43.3111628],[-5.8945133,43.3111639],[-5.8945089,43.3111663],[-5.8945056,43.3111695],[-5.8945032,43.3111734],[-5.8945016,43.3111815],[-5.8945016,43.3111898],[-5.8945032,43.3111984],[-5.8945109,43.3112302],[-5.8945183,43.3112529],[-5.8945222,43.3112634],[-5.8945306,43.3112828],[-5.8945582,43.3113416],[-5.8945642,43.3113564],[-5.894569,43.3113709],[-5.8945717,43.311383],[-5.8945737,43.3113945],[-5.8945755,43.3114054],[-5.8945764,43.3114156],[-5.8945757,43.3114248],[-5.8945731,43.3114325],[-5.8945658,43.3114466],[-5.8945633,43.3114536],[-5.894563,43.3114618],[-5.8945647,43.3114685],[-5.8945687,43.3114754],[-5.8945715,43.311479],[-5.8945784,43.3114865],[-5.8945868,43.3114942],[-5.8945962,43.311502],[-5.8946175,43.311518],[-5.894629,43.311526],[-5.8946436,43.3115355],[-5.8947053,43.3115741],[-5.8947209,43.3115824],[-5.89473,43.3115859],[-5.8947395,43.3115888],[-5.894749,43.311591],[-5.8947587,43.3115927],[-5.894772,43.3115943],[-5.8947853,43.3115949],[-5.8947986,43.3115942],[-5.8948158,43.311591],[-5.8948324,43.3115855],[-5.8948479,43.311578],[-5.894862,43.3115686],[-5.8948724,43.3115595],[-5.8948819,43.3115495],[-5.8948908,43.3115388],[-5.8949035,43.3115223],[-5.8949108,43.3115114],[-5.8949176,43.3115002],[-5.8949488,43.3114404],[-5.8949727,43.3113999],[-5.8949805,43.311385],[-5.8949873,43.3113701],[-5.8950028,43.311331],[-5.8950078,43.3113201],[-5.8950119,43.3113127],[-5.89502,43.3112998],[-5.8950227,43.311294],[-5.8950229,43.3112859],[-5.8950182,43.3112794],[-5.8950085,43.3112755],[-5.894995,43.3112738],[-5.8949816,43.311274],[-5.8949509,43.3112761],[-5.8949312,43.311277],[-5.894911,43.3112773],[-5.894893,43.3112768],[-5.8948754,43.311275],[-5.8948608,43.311272]],[[-5.8951031,43.3111625],[-5.8951222,43.3111593],[-5.8951408,43.3111539],[-5.8951539,43.311149],[-5.8951667,43.3111433],[-5.8951842,43.3111339],[-5.8952012,43.3111236],[-5.8952345,43.3111012],[-5.8952592,43.3110837],[-5.8952875,43.311062],[-5.8953334,43.3110278],[-5.8953583,43.311008],[-5.8953907,43.3109814],[-5.8954039,43.3109694],[-5.8954138,43.3109586],[-5.8954205,43.3109484],[-5.8954225,43.3109391],[-5.8954196,43.3109321],[-5.8954134,43.3109259],[-5.895405,43.3109208],[-5.8953956,43.3109169],[-5.8953777,43.3109115],[-5.8953714,43.3109094],[-5.8953638,43.3109062],[-5.8953568,43.3109022],[-5.8953482,43.3108947],[-5.8953421,43.3108857],[-5.8953392,43.310878],[-5.8953379,43.3108701],[-5.8953379,43.3108549],[-5.8953373,43.3108474],[-5.8953347,43.3108394],[-5.8953298,43.3108321],[-5.8953227,43.3108251],[-5.8953138,43.3108184],[-5.8953041,43.3108127],[-5.8952937,43.310807],[-5.895239,43.3107783],[-5.895226,43.310772],[-5.895213,43.3107667],[-5.8951974,43.3107623],[-5.8951823,43.3107601],[-5.8951688,43.31076],[-5.8951578,43.3107621],[-5.8951522,43.310765],[-5.895148,43.3107686],[-5.8951444,43.3107735],[-5.8951428,43.3107788],[-5.8951442,43.3107857],[-5.8951482,43.3107925],[-5.8951546,43.3108022],[-5.8951578,43.3108095],[-5.895163,43.3108272],[-5.8951658,43.3108391],[-5.8951669,43.3108511],[-5.8951658,43.3108604],[-5.8951643,43.3108665],[-5.8951622,43.3108723],[-5.8951573,43.3108812],[-5.8951534,43.3108865],[-5.8951487,43.3108913],[-5.8951388,43.3108982],[-5.8951273,43.3109035],[-5.8951154,43.3109075],[-5.8951006,43.3109115],[-5.8950887,43.3109155],[-5.895077,43.310921],[-5.895068,43.3109267],[-5.8950599,43.3109333],[-5.8950412,43.3109518],[-5.8950331,43.310958],[-5.8950237,43.3109629],[-5.8950121,43.310966],[-5.8949989,43.3109676],[-5.8949385,43.3109705],[-5.8949215,43.3109717],[-5.8949099,43.310973],[-5.8948982,43.3109748],[-5.8948801,43.3109782],[-5.8948624,43.3109823],[-5.8948445,43.3109871],[-5.8948313,43.3109909],[-5.8948187,43.310995],[-5.8948047,43.311001],[-5.8947924,43.3110079],[-5.8947821,43.3110156],[-5.8947746,43.3110239],[-5.8947706,43.3110312],[-5.8947653,43.3110467],[-5.8947616,43.3110546],[-5.8947567,43.3110624],[-5.8947505,43.3110697],[-5.8947439,43.3110761],[-5.8947374,43.3110812],[-5.8947262,43.3110891],[-5.8947235,43.3110917],[-5.8947217,43.3110945],[-5.8947208,43.3110972],[-5.894721,43.3110999],[-5.8947223,43.311102],[-5.8947237,43.3111031],[-5.8947254,43.3111037],[-5.8947262,43.311105],[-5.8947291,43.3111067],[-5.8947386,43.3111106],[-5.894753,43.3111148],[-5.8947716,43.3111185],[-5.8947905,43.311121],[-5.8948564,43.3111261],[-5.894878,43.3111285],[-5.8948991,43.3111315],[-5.8949249,43.3111357],[-5.8949479,43.3111399],[-5.8950325,43.3111568],[-5.8950506,43.3111599],[-5.8950684,43.3111621],[-5.8950859,43.3111631],[-5.8951031,43.3111625]],[[-5.8956046,43.31085],[-5.8956227,43.3108414],[-5.8956405,43.3108325],[-5.8956577,43.3108233],[-5.89569,43.3108044],[-5.8957054,43.3107949],[-5.8957511,43.3107655],[-5.8957674,43.3107558],[-5.89582,43.3107267],[-5.8958839,43.3106866],[-5.8958991,43.3106763],[-5.8959127,43.3106656],[-5.895923,43.3106555],[-5.8959305,43.3106471],[-5.895937,43.3106386],[-5.8959421,43.31063],[-5.895946,43.3106182],[-5.895946,43.3106074],[-5.8959426,43.3105972],[-5.8959361,43.3105882],[-5.8959267,43.310581],[-5.8959171,43.3105768],[-5.8959081,43.3105745],[-5.8958984,43.3105731],[-5.8958807,43.3105731],[-5.8958618,43.3105752],[-5.895842,43.3105789],[-5.8958218,43.3105836],[-5.8958092,43.310587],[-5.8957755,43.3105965],[-5.8957557,43.3106029],[-5.8957134,43.3106172],[-5.8957021,43.3106208],[-5.8956909,43.310624],[-5.8956728,43.3106281],[-5.8956547,43.3106317],[-5.8956188,43.3106399],[-5.895586,43.3106469],[-5.8955713,43.3106507],[-5.8955587,43.3106553],[-5.895551,43.3106599],[-5.8955457,43.3106651],[-5.8955427,43.3106731],[-5.8955443,43.3106815],[-5.8955484,43.3106881],[-5.895569,43.3107102],[-5.8955741,43.3107177],[-5.8955783,43.3107259],[-5.8955818,43.3107345],[-5.8955848,43.3107438],[-5.8955864,43.3107534],[-5.8955859,43.310764],[-5.8955835,43.3107749],[-5.8955798,43.3107861],[-5.8955751,43.3107975],[-5.8955689,43.3108109],[-5.895562,43.3108241],[-5.8955544,43.3108369],[-5.8955491,43.3108449],[-5.8955286,43.3108752],[-5.8955177,43.3108904],[-5.8955165,43.3108935],[-5.8955168,43.3108952],[-5.8955183,43.3108951],[-5.8955218,43.3108926],[-5.8955256,43.3108889],[-5.8955288,43.3108852],[-5.8955543,43.3108727],[-5.8956046,43.31085]],[[-5.9004251,43.3106479],[-5.9004196,43.3106438],[-5.9004084,43.3106374],[-5.900394,43.3106306],[-5.9003773,43.3106234],[-5.9003589,43.310616],[-5.9003192,43.3106009],[-5.9002774,43.3105856],[-5.9002133,43.3105629],[-5.9001704,43.310548],[-5.9001255,43.3105329],[-5.9000586,43.3105109],[-5.899992,43.3104899],[-5.8999298,43.3104721],[-5.8998822,43.3104594],[-5.8997674,43.3104307],[-5.8996509,43.310402],[-5.8995831,43.3103858],[-5.8995407,43.3103763],[-5.8994931,43.3103667],[-5.8994214,43.3103528],[-5.8993743,43.3103428],[-5.8993534,43.3103379],[-5.899333,43.3103325],[-5.8993131,43.3103267],[-5.8992938,43.3103204],[-5.8992755,43.3103133],[-5.8992584,43.3103054],[-5.8992435,43.3102969],[-5.8992302,43.3102875],[-5.8992213,43.31028],[-5.8992032,43.3102629],[-5.8991931,43.3102537],[-5.8991835,43.3102461],[-5.8991637,43.3102318],[-5.8991521,43.3102226],[-5.8991421,43.3102132],[-5.8991345,43.3102026],[-5.899131,43.3101904],[-5.8991312,43.3101771],[-5.899134,43.3101627],[-5.8991388,43.3101477],[-5.8991449,43.3101322],[-5.899152,43.3101163],[-5.8991679,43.310084],[-5.899237,43.3099522],[-5.8992705,43.3098862],[-5.8993023,43.3098207],[-5.8993883,43.3096401],[-5.8994041,43.3096076],[-5.8994203,43.3095754],[-5.8994372,43.3095443],[-5.8994461,43.3095294],[-5.8994554,43.3095152],[-5.8994738,43.3094888],[-5.8994813,43.3094764],[-5.8994873,43.3094626],[-5.8994907,43.3094488],[-5.8994916,43.3094359],[-5.8994911,43.3094291],[-5.8994898,43.309423],[-5.8994879,43.3094175],[-5.8994857,43.3094131],[-5.8994829,43.3094089],[-5.8994808,43.3094068],[-5.8994792,43.3094064],[-5.8994781,43.3094075],[-5.8994713,43.3094015],[-5.8994647,43.3093967],[-5.8994635,43.3093959],[-5.8994524,43.3093885],[-5.8994368,43.3093791],[-5.8994186,43.3093689],[-5.8993984,43.3093582],[-5.8993543,43.3093353],[-5.8993319,43.309324],[-5.8993114,43.3093145],[-5.8992923,43.3093068],[-5.8992745,43.309301],[-5.8992593,43.3092971],[-5.8992438,43.3092938],[-5.8992282,43.3092909],[-5.8991967,43.3092859],[-5.8991742,43.309283],[-5.8991581,43.309281],[-5.8991226,43.3092773],[-5.8990956,43.3092738],[-5.8990476,43.3092671],[-5.8990269,43.3092647],[-5.8990046,43.3092626],[-5.8989676,43.3092594],[-5.898894,43.3092531],[-5.8988197,43.3092476],[-5.8987446,43.3092424],[-5.8986788,43.3092383],[-5.8986386,43.3092362],[-5.8985996,43.3092349],[-5.898581,43.3092346],[-5.8985633,43.3092349],[-5.8985467,43.3092357],[-5.8985316,43.3092372],[-5.8985232,43.3092387],[-5.8985158,43.3092405],[-5.8985091,43.309243],[-5.8985016,43.309248],[-5.8984988,43.3092539],[-5.8984998,43.3092576],[-5.8985026,43.3092612],[-5.8985089,43.309266],[-5.898518,43.3092704],[-5.8985274,43.3092735],[-5.8985381,43.3092762],[-5.8985525,43.3092791],[-5.898581,43.3092839],[-5.8985998,43.3092866],[-5.8986568,43.3092939],[-5.8986841,43.3092983],[-5.8987221,43.3093052],[-5.898771,43.3093151],[-5.8987944,43.3093206],[-5.89881,43.3093249],[-5.8988825,43.3093467],[-5.8989032,43.3093532],[-5.898944,43.3093667],[-5.8989612,43.309372],[-5.8989964,43.3093819],[-5.899042,43.3093935],[-5.8990794,43.309402],[-5.8991169,43.3094096],[-5.8991743,43.3094201],[-5.8992218,43.3094292],[-5.8992407,43.3094324],[-5.8992971,43.3094413],[-5.8993151,43.3094446],[-5.8993326,43.3094483],[-5.8993491,43.3094526],[-5.8993657,43.309458],[-5.8993799,43.3094648],[-5.8993889,43.3094714],[-5.8993959,43.309479],[-5.8994008,43.3094876],[-5.8994037,43.3095005],[-5.8994033,43.3095144],[-5.8994005,43.3095292],[-5.8993959,43.3095446],[-5.89939,43.3095603],[-5.8993832,43.3095763],[-5.8993759,43.3095925],[-5.8993602,43.3096251],[-5.8992786,43.3097885],[-5.8992119,43.3099201],[-5.899146,43.3100521],[-5.8991291,43.3100847],[-5.8991203,43.3101007],[-5.8991112,43.3101165],[-5.8991016,43.3101317],[-5.8990913,43.3101462],[-5.8990798,43.3101598],[-5.899067,43.310172],[-5.8990522,43.3101824],[-5.8990403,43.3101884],[-5.8990272,43.3101936],[-5.8990134,43.310198],[-5.8989962,43.3102027],[-5.8989784,43.3102068],[-5.8989564,43.310211],[-5.8989377,43.3102142],[-5.8989189,43.3102169],[-5.8989047,43.3102186],[-5.8988735,43.3102217],[-5.8988055,43.3102277],[-5.8987922,43.3102286],[-5.8987557,43.310229],[-5.8987278,43.3102306],[-5.8987053,43.3102309],[-5.8986959,43.3102308],[-5.89867,43.3102298],[-5.8986366,43.3102274],[-5.8986066,43.3102257],[-5.8985761,43.3102231],[-5.8985565,43.310221],[-5.8984535,43.310208],[-5.8984062,43.3102031],[-5.8983586,43.3101992],[-5.898335,43.3101975],[-5.8982889,43.3101951],[-5.8982669,43.3101946],[-5.8982459,43.3101946],[-5.8982264,43.3101954],[-5.8982092,43.3101973],[-5.8981951,43.3102005],[-5.8981884,43.3102032],[-5.898183,43.3102063],[-5.898177,43.3102111],[-5.8981743,43.3102159],[-5.898175,43.3102188],[-5.8981791,43.3102225],[-5.8981862,43.3102257],[-5.8981952,43.3102286],[-5.8982054,43.3102316],[-5.8982184,43.3102343],[-5.8982269,43.3102352],[-5.898236,43.3102357],[-5.8982986,43.3102365],[-5.8983198,43.3102372],[-5.8984054,43.3102419],[-5.8984241,43.3102433],[-5.8984475,43.3102457],[-5.898471,43.3102485],[-5.8985177,43.3102553],[-5.8986273,43.3102737],[-5.8986619,43.3102784],[-5.8987023,43.310283],[-5.8987225,43.3102849],[-5.8987428,43.3102864],[-5.898763,43.3102873],[-5.8987912,43.3102874],[-5.8988091,43.3102868],[-5.8988424,43.3102851],[-5.8988591,43.3102845],[-5.898876,43.3102845],[-5.898893,43.3102851],[-5.89891,43.3102862],[-5.8989472,43.3102899],[-5.8989835,43.3102945],[-5.899005,43.3102978],[-5.8990478,43.3103054],[-5.8990901,43.310314],[-5.8991479,43.3103278],[-5.8991734,43.3103336],[-5.8992448,43.310348],[-5.8992647,43.3103522],[-5.8993635,43.3103753],[-5.8994704,43.3103994],[-5.8995125,43.3104094],[-5.8995605,43.3104216],[-5.8996297,43.3104384],[-5.8997216,43.3104615],[-5.8997907,43.3104794],[-5.8998367,43.3104916],[-5.8999148,43.3105138],[-5.8999506,43.3105244],[-5.9000165,43.3105452],[-5.9001862,43.3106],[-5.9002267,43.3106135],[-5.9002791,43.3106316],[-5.9003093,43.310641],[-5.9003278,43.3106463],[-5.9003466,43.3106511],[-5.9003647,43.3106552],[-5.9003816,43.3106583],[-5.9003969,43.3106601],[-5.9004099,43.3106604],[-5.9004177,43.3106594],[-5.9004236,43.3106576],[-5.9004258,43.3106565],[-5.9004281,43.3106542],[-5.9004279,43.3106514],[-5.9004251,43.3106479]]],[[[-5.8901268,43.3174522],[-5.8901107,43.3174555],[-5.8900637,43.3174638],[-5.8900489,43.3174661],[-5.8900322,43.317468],[-5.8900154,43.3174692],[-5.8899997,43.3174697],[-5.889919,43.3174717],[-5.8898897,43.3174737],[-5.889835,43.3174767],[-5.8898178,43.3174785],[-5.8897886,43.3174835],[-5.8897719,43.3174859],[-5.8897448,43.3174884],[-5.8897346,43.3174888],[-5.8897145,43.3174881],[-5.8897056,43.3174882],[-5.8896968,43.3174892],[-5.8896871,43.317491],[-5.8896765,43.3174923],[-5.8896654,43.3174923],[-5.889653,43.3174915],[-5.8896206,43.3174874],[-5.8896019,43.3174853],[-5.8895822,43.3174837],[-5.8895748,43.3174832],[-5.8901392,43.3174492],[-5.8901268,43.3174522]]],[[[-5.8727387,43.318592],[-5.8731195,43.3190723],[-5.8731192,43.3190724],[-5.873103,43.3190744],[-5.8730883,43.3190744],[-5.8730762,43.3190719],[-5.8730651,43.3190678],[-5.8730458,43.3190598],[-5.8730372,43.3190555],[-5.8730277,43.3190491],[-5.8730193,43.3190417],[-5.873012,43.319034],[-5.8729978,43.3190176],[-5.8729933,43.3190119],[-5.8729891,43.3190055],[-5.8729851,43.318997],[-5.8729821,43.3189876],[-5.8729801,43.3189788],[-5.8729788,43.3189697],[-5.8729777,43.3189583],[-5.8729765,43.3189222],[-5.8729754,43.3189147],[-5.8729724,43.3189041],[-5.8729675,43.3188942],[-5.8729604,43.3188852],[-5.8729514,43.3188772],[-5.8729374,43.3188683],[-5.8729233,43.3188624],[-5.8729081,43.3188585],[-5.8728935,43.3188567],[-5.8728787,43.3188565],[-5.8728671,43.3188573],[-5.8728559,43.3188589],[-5.8728437,43.3188617],[-5.8728198,43.318868],[-5.8728062,43.3188704],[-5.8727924,43.3188718],[-5.8727822,43.3188723],[-5.872772,43.3188724],[-5.8727607,43.318872],[-5.8727496,43.3188708],[-5.8727369,43.3188679],[-5.8727247,43.3188635],[-5.8727165,43.3188597],[-5.8727087,43.3188554],[-5.8727002,43.31885],[-5.8726923,43.3188442],[-5.8726664,43.318821],[-5.872658,43.3188148],[-5.8726492,43.3188094],[-5.8726404,43.3188047],[-5.8726297,43.3187995],[-5.8726198,43.3187939],[-5.8726103,43.3187859],[-5.8725732,43.3187439],[-5.8725657,43.3187361],[-5.8725562,43.3187272],[-5.8725496,43.3187221],[-5.872523,43.3187051],[-5.8724994,43.3186895],[-5.872485,43.3186791],[-5.8724672,43.3186645],[-5.8724539,43.3186528],[-5.8724193,43.3186243],[-5.87238,43.3185911],[-5.8723681,43.3185797],[-5.8723569,43.3185675],[-5.8723465,43.3185548],[-5.872337,43.3185416],[-5.8723284,43.318528],[-5.8723226,43.3185172],[-5.8722998,43.3184726],[-5.8722953,43.3184632],[-5.8722891,43.3184476],[-5.8722839,43.3184317],[-5.8722735,43.3183954],[-5.8722709,43.3183874],[-5.8722666,43.3183763],[-5.8722588,43.318362],[-5.872249,43.3183481],[-5.8722379,43.3183344],[-5.8722163,43.31831],[-5.8722062,43.3182994],[-5.8721841,43.3182777],[-5.8721623,43.3182551],[-5.8721332,43.3182281],[-5.8721215,43.3182161],[-5.8720982,43.3181912],[-5.8720802,43.3181735],[-5.8720582,43.3181527],[-5.8720352,43.3181323],[-5.8720243,43.3181219],[-5.872014,43.3181111],[-5.8720045,43.3181001],[-5.8719773,43.3180657],[-5.8719689,43.3180535],[-5.8719623,43.3180413],[-5.8719579,43.3180284],[-5.8719554,43.3180154],[-5.8719533,43.3179972],[-5.8719482,43.3179707],[-5.8719474,43.3179634],[-5.871947,43.3179546],[-5.8719476,43.3179412],[-5.8719497,43.3179142],[-5.8719493,43.3178894],[-5.8719495,43.3178588],[-5.8719498,43.3178507],[-5.8719528,43.3178333],[-5.8719559,43.3177983],[-5.8719583,43.3177873],[-5.8719657,43.3177624],[-5.8721398,43.3179759],[-5.8727387,43.318592]]],[[[-5.8741453,43.3098879],[-5.8741563,43.3100919],[-5.8741258,43.3102988],[-5.8741207,43.3102954],[-5.8741126,43.3102875],[-5.8741085,43.3102817],[-5.8740957,43.3102586],[-5.8740895,43.310249],[-5.8740835,43.3102421],[-5.8740749,43.3102347],[-5.8740648,43.310228],[-5.8740536,43.3102217],[-5.8740395,43.310215],[-5.8740265,43.3102099],[-5.874013,43.3102051],[-5.8739813,43.3101944],[-5.8739659,43.31019],[-5.8739489,43.310186],[-5.873938,43.3101839],[-5.8739278,43.3101825],[-5.8739197,43.3101821],[-5.873909,43.3101832],[-5.8739019,43.3101857],[-5.8738959,43.3101889],[-5.8738893,43.310192],[-5.8738811,43.3101941],[-5.873872,43.3101944],[-5.8738614,43.3101935],[-5.8738459,43.3101906],[-5.8738289,43.3101861],[-5.8738109,43.3101805],[-5.8737921,43.310174],[-5.8737728,43.3101669],[-5.8737331,43.3101514],[-5.8736927,43.3101351],[-5.8733994,43.3100149],[-5.8728627,43.3097967],[-5.8727146,43.3097368],[-5.8725033,43.3096521],[-5.8724623,43.3096348],[-5.8724427,43.3096259],[-5.8724241,43.3096167],[-5.872407,43.3096073],[-5.872392,43.3095974],[-5.8723798,43.3095869],[-5.8723717,43.3095756],[-5.8723695,43.3095694],[-5.8723687,43.3095591],[-5.8723708,43.3095485],[-5.872375,43.3095377],[-5.8723808,43.309527],[-5.8723882,43.3095166],[-5.8723973,43.3095068],[-5.8724082,43.3094978],[-5.8724175,43.3094918],[-5.8724277,43.3094863],[-5.872443,43.3094791],[-5.8724594,43.3094723],[-5.8724765,43.309466],[-5.872494,43.3094601],[-5.8725391,43.3094466],[-5.872555,43.3094414],[-5.8725703,43.3094359],[-5.8725887,43.3094276],[-5.8726007,43.3094205],[-5.8726115,43.3094125],[-5.872624,43.3094005],[-5.8726352,43.3093875],[-5.8726647,43.3093505],[-5.8726988,43.3093093],[-5.8727046,43.3093029],[-5.8727116,43.3092959],[-5.8727192,43.3092894],[-5.8727335,43.3092804],[-5.8727497,43.3092729],[-5.8727675,43.3092667],[-5.8727874,43.3092613],[-5.8728428,43.3092487],[-5.8728751,43.3092405],[-5.8728943,43.3092346],[-5.8729109,43.3092283],[-5.8729268,43.3092212],[-5.8729423,43.3092134],[-5.8729573,43.309205],[-5.8729718,43.3091962],[-5.8730101,43.309171],[-5.8730774,43.3091254],[-5.8731106,43.3091034],[-5.8731444,43.3090819],[-5.8731617,43.3090714],[-5.8731995,43.3090501],[-5.8732381,43.3090295],[-5.8733555,43.3089691],[-5.8733943,43.3089488],[-5.8734324,43.3089279],[-5.873451,43.308917],[-5.8734683,43.3089064],[-5.8735205,43.3088733],[-5.8735553,43.3088516],[-5.8735725,43.3088404],[-5.8736059,43.3088171],[-5.8736386,43.3087932],[-5.8736966,43.3087485],[-5.8737546,43.3087024],[-5.8737827,43.3086796],[-5.8738277,43.3086417],[-5.8739298,43.3085524],[-5.8739568,43.3085297],[-5.8739696,43.3085198],[-5.8739828,43.3085109],[-5.8739966,43.3085034],[-5.8740112,43.3084977],[-5.8740221,43.3084951],[-5.8740335,43.3084935],[-5.8740446,43.308493],[-5.8740635,43.3084941],[-5.8740827,43.3084972],[-5.8741022,43.3085017],[-5.8741218,43.3085072],[-5.8741414,43.3085135],[-5.8741804,43.3085274],[-5.8742262,43.3085448],[-5.8742755,43.3085621],[-5.8743147,43.3085763],[-5.8743536,43.308591],[-5.8744208,43.3086174],[-5.8744353,43.3086227],[-5.8744872,43.30864],[-5.8745281,43.3086543],[-5.8745688,43.3086694],[-5.8746491,43.3087006],[-5.8746986,43.3087181],[-5.8747344,43.3087323],[-5.874752,43.3087398],[-5.8747693,43.3087477],[-5.8747888,43.3087571],[-5.8746763,43.3087158],[-5.8743071,43.3092105],[-5.8743588,43.3092322],[-5.874351,43.3092323],[-5.8743355,43.3092341],[-5.8743231,43.3092367],[-5.8743107,43.30924],[-5.8742834,43.3092487],[-5.8742689,43.3092543],[-5.8742555,43.3092609],[-5.8742433,43.3092694],[-5.8742361,43.3092752],[-5.874206,43.3093011],[-5.874176,43.3093274],[-5.8741642,43.3093367],[-5.874156,43.3093424],[-5.8741476,43.3093474],[-5.8741351,43.309353],[-5.8741225,43.309358],[-5.8741124,43.3093627],[-5.8741027,43.309368],[-5.8740938,43.3093736],[-5.8740876,43.3093782],[-5.8740824,43.3093829],[-5.8740778,43.3093887],[-5.8740747,43.3093943],[-5.8740732,43.3093996],[-5.874073,43.3094041],[-5.8740754,43.3094182],[-5.8740756,43.3094241],[-5.8740748,43.3094425],[-5.8740717,43.3094647],[-5.8740695,43.3094728],[-5.8740661,43.3094783],[-5.8740595,43.3094845],[-5.8740559,43.3094872],[-5.8740535,43.3094885],[-5.8740482,43.3094905],[-5.8740427,43.3094916],[-5.8740309,43.3094921],[-5.8740265,43.3094925],[-5.8740217,43.3094935],[-5.8740025,43.3094994],[-5.8739995,43.3095],[-5.8739931,43.3095004],[-5.8739889,43.3094998],[-5.8739848,43.3094987],[-5.8739708,43.3094931],[-5.8739631,43.3094919],[-5.8739536,43.3094934],[-5.8739429,43.309497],[-5.8739361,43.3094998],[-5.8739293,43.3095029],[-5.8739105,43.3095125],[-5.8738933,43.3095204],[-5.8738872,43.3095247],[-5.8738831,43.3095292],[-5.8738818,43.3095327],[-5.8738826,43.3095359],[-5.8738854,43.309539],[-5.8738878,43.3095408],[-5.8738928,43.3095437],[-5.873899,43.3095464],[-5.8739055,43.3095485],[-5.8739128,43.3095504],[-5.8739243,43.3095528],[-5.8739366,43.3095547],[-5.8739496,43.3095559],[-5.8739653,43.3095563],[-5.8739971,43.309556],[-5.8740129,43.3095567],[-5.874026,43.3095582],[-5.8740527,43.3095623],[-5.8740695,43.3095642],[-5.8741247,43.309569],[-5.8742034,43.3095762],[-5.8742367,43.3095782],[-5.8742772,43.3095799],[-5.8742857,43.30958],[-5.874294,43.3095796],[-5.8743037,43.3095786],[-5.874324,43.3095758],[-5.8743348,43.3095751],[-5.8743452,43.3095753],[-5.8743576,43.3095775],[-5.8743849,43.3095838],[-5.874398,43.3095863],[-5.8743337,43.309662],[-5.8741453,43.3098879]]],[[[-5.8745975,43.309221],[-5.874594,43.3092437],[-5.8745927,43.3092535],[-5.8745909,43.3092833],[-5.8745888,43.3092988],[-5.8745813,43.3093298],[-5.874578,43.3093408],[-5.8745738,43.3093511],[-5.8745685,43.3093604],[-5.8745621,43.3093679],[-5.8745546,43.3093733],[-5.8745421,43.30938],[-5.8745376,43.3093829],[-5.8745308,43.3093894],[-5.8745201,43.3094036],[-5.874508,43.3094205],[-5.8745021,43.309428],[-5.8744945,43.3094362],[-5.8744857,43.3094442],[-5.8744762,43.3094518],[-5.8744673,43.3094578],[-5.8744169,43.3094908],[-5.8743919,43.3095084],[-5.8743812,43.3095155],[-5.8743697,43.3095223],[-5.874356,43.3095294],[-5.8743315,43.309541],[-5.8743196,43.309546],[-5.8743084,43.3095501],[-5.8742973,43.3095527],[-5.8742866,43.3095535],[-5.8742761,43.3095526],[-5.8742637,43.3095497],[-5.8742536,43.3095449],[-5.8742485,43.3095405],[-5.8742452,43.3095355],[-5.8742444,43.3095324],[-5.8742445,43.3095274],[-5.8742464,43.3095223],[-5.8742526,43.309514],[-5.8742613,43.3095053],[-5.8742721,43.3094953],[-5.8742843,43.309485],[-5.8743159,43.3094614],[-5.8743267,43.3094521],[-5.8743475,43.3094331],[-5.8743567,43.3094253],[-5.8743812,43.3094063],[-5.8743925,43.3093962],[-5.8744127,43.3093747],[-5.874422,43.3093667],[-5.8744324,43.3093593],[-5.8744594,43.3093431],[-5.8744716,43.309335],[-5.8744829,43.3093265],[-5.8744933,43.3093182],[-5.8745021,43.3093108],[-5.874509,43.3093034],[-5.8745127,43.3092966],[-5.8745132,43.3092968],[-5.8745975,43.309221]]],[[[-5.8746591,43.3091667],[-5.8746547,43.3091741],[-5.8746478,43.3091803],[-5.8746391,43.3091854],[-5.874635,43.3091872],[-5.8746596,43.3091651],[-5.8746591,43.3091667]]],[[[-5.9104002,43.3052423],[-5.9103918,43.3052322],[-5.9103815,43.3052179],[-5.9103756,43.3052089],[-5.9103703,43.3051998],[-5.9103644,43.305187],[-5.9103598,43.3051739],[-5.9103562,43.3051604],[-5.9103536,43.3051467],[-5.9103522,43.3051352],[-5.9103508,43.3051121],[-5.9103507,43.3050995],[-5.9103511,43.305087],[-5.9103561,43.3050033],[-5.9103578,43.3049866],[-5.9103606,43.3049701],[-5.9103638,43.3049572],[-5.910368,43.3049445],[-5.9103731,43.3049321],[-5.9103801,43.3049183],[-5.9103881,43.3049048],[-5.9103968,43.3048917],[-5.9104083,43.3048764],[-5.9104203,43.3048617],[-5.9104314,43.30485],[-5.9104436,43.304839],[-5.9104568,43.3048287],[-5.9104978,43.304801],[-5.9105132,43.3047897],[-5.9105283,43.304778],[-5.9105431,43.3047658],[-5.9105559,43.3047548],[-5.9105808,43.3047322],[-5.9106161,43.3046992],[-5.910641,43.3046753],[-5.9106609,43.3046556],[-5.9106779,43.3046381],[-5.9106869,43.3046281],[-5.9106954,43.3046179],[-5.9107068,43.3046024],[-5.9107169,43.3045865],[-5.9107266,43.3045684],[-5.9107336,43.304552],[-5.9107392,43.3045354],[-5.9107434,43.3045187],[-5.9107461,43.3045019],[-5.9107472,43.304487],[-5.9107471,43.3044721],[-5.9107455,43.3044511],[-5.9107419,43.3044297],[-5.9107372,43.3044083],[-5.9107357,43.3043977],[-5.9107355,43.3043861],[-5.9107361,43.3043766],[-5.9107392,43.3043521],[-5.910752,43.3042891],[-5.910757,43.3042672],[-5.9107606,43.3042566],[-5.9107673,43.3042425],[-5.9107757,43.3042287],[-5.910804,43.304188],[-5.9108189,43.304168],[-5.9108279,43.3041566],[-5.9108373,43.3041455],[-5.9108487,43.3041331],[-5.9108611,43.3041214],[-5.9108745,43.3041103],[-5.9108898,43.3040999],[-5.9109064,43.3040904],[-5.9109239,43.3040818],[-5.9109407,43.3040746],[-5.910992,43.304054],[-5.9110074,43.304047],[-5.9110221,43.3040395],[-5.9110357,43.3040315],[-5.9110481,43.3040227],[-5.9110596,43.3040124],[-5.9110692,43.3040013],[-5.9110768,43.3039896],[-5.9110821,43.3039773],[-5.9110847,43.3039658],[-5.911086,43.303954],[-5.9110865,43.303938],[-5.9110859,43.3039216],[-5.9110836,43.3039],[-5.9110799,43.3038795],[-5.9110753,43.3038621],[-5.9110697,43.3038448],[-5.9110629,43.3038276],[-5.9110569,43.3038142],[-5.9110503,43.3038009],[-5.9110358,43.3037746],[-5.9110263,43.303759],[-5.9109974,43.3037139],[-5.91097,43.303673],[-5.9109515,43.303647],[-5.9109419,43.3036342],[-5.9108831,43.3035609],[-5.9108719,43.3035461],[-5.9108615,43.303531],[-5.9108519,43.3035155],[-5.9108431,43.3034997],[-5.9108352,43.3034837],[-5.910828,43.3034675],[-5.9108215,43.3034511],[-5.910816,43.3034346],[-5.9108116,43.3034179],[-5.9108084,43.3034008],[-5.9108062,43.3033836],[-5.9108038,43.3033488],[-5.9108012,43.3032789],[-5.9108,43.3032615],[-5.9107983,43.3032442],[-5.9107959,43.3032275],[-5.9107928,43.303211],[-5.9107888,43.3031949],[-5.9107837,43.3031791],[-5.9107784,43.3031657],[-5.9107673,43.3031398],[-5.9107628,43.3031271],[-5.9107605,43.3031187],[-5.9107552,43.3030959],[-5.9107525,43.3030817],[-5.9107513,43.3030679],[-5.9107524,43.303055],[-5.9107571,43.3030433],[-5.9107662,43.3030331],[-5.9107787,43.3030241],[-5.9107936,43.3030158],[-5.910805,43.3030102],[-5.910817,43.3030048],[-5.9108323,43.3029991],[-5.910848,43.302994],[-5.910861,43.3029904],[-5.9108741,43.3029873],[-5.910887,43.302985],[-5.9109174,43.3029813],[-5.9109781,43.3029712],[-5.9110308,43.3029631],[-5.9110489,43.3029606],[-5.9110671,43.3029586],[-5.9110853,43.3029573],[-5.9111039,43.302957],[-5.9111225,43.3029577],[-5.9111408,43.3029594],[-5.9111597,43.3029623],[-5.9111783,43.302966],[-5.9112318,43.3029775],[-5.9112626,43.3029832],[-5.911277,43.3029863],[-5.9113004,43.3029924],[-5.9113153,43.3029958],[-5.9113312,43.3029986],[-5.9113477,43.3030008],[-5.9113636,43.3030024],[-5.9113974,43.3030045],[-5.9114229,43.3030052],[-5.9114443,43.3030048],[-5.9115067,43.3030015],[-5.9115269,43.303],[-5.9115687,43.3029959],[-5.9116072,43.3029929],[-5.9116326,43.3029899],[-5.9116555,43.3029865],[-5.9116782,43.3029825],[-5.9116896,43.30298],[-5.9117105,43.3029746],[-5.9117298,43.3029692],[-5.9117686,43.3029572],[-5.911788,43.3029508],[-5.9118263,43.3029372],[-5.9118451,43.3029299],[-5.9118659,43.302921],[-5.9119046,43.3029034],[-5.9119566,43.3028782],[-5.9119999,43.3028563],[-5.9120089,43.3028514],[-5.912017,43.3028462],[-5.9120247,43.3028404],[-5.9120422,43.3028259],[-5.9120509,43.302818],[-5.9120595,43.3028096],[-5.9120709,43.3027975],[-5.9120819,43.3027847],[-5.9120926,43.3027714],[-5.9121029,43.3027576],[-5.9121128,43.3027434],[-5.9121222,43.302729],[-5.912131,43.3027143],[-5.9121397,43.3026983],[-5.9121476,43.302682],[-5.9121547,43.3026656],[-5.9121612,43.302649],[-5.9121668,43.3026323],[-5.9121715,43.3026154],[-5.9121744,43.3026021],[-5.9121767,43.3025888],[-5.9121812,43.3025565],[-5.9121883,43.3025106],[-5.912193,43.3024837],[-5.9121964,43.3024705],[-5.9121992,43.3024619],[-5.9122108,43.3024325],[-5.9122178,43.3024132],[-5.9122209,43.3024033],[-5.9122245,43.302389],[-5.9122309,43.3023589],[-5.9122499,43.3022634],[-5.9122572,43.3022315],[-5.912261,43.3022166],[-5.9122651,43.3022018],[-5.912274,43.3021727],[-5.9122835,43.3021456],[-5.912289,43.3021331],[-5.912297,43.3021195],[-5.912307,43.3021069],[-5.912314,43.3021],[-5.9123273,43.3020891],[-5.9123422,43.3020788],[-5.9123585,43.3020692],[-5.9123759,43.3020604],[-5.9123933,43.3020528],[-5.9124116,43.3020459],[-5.9124306,43.3020397],[-5.9124501,43.3020341],[-5.9124726,43.3020287],[-5.9124956,43.3020239],[-5.912519,43.3020197],[-5.9125425,43.3020159],[-5.9125661,43.3020125],[-5.9125896,43.3020096],[-5.9126622,43.3020016],[-5.9127055,43.3019956],[-5.9127215,43.3019938],[-5.9127357,43.3019931],[-5.9127476,43.3019942],[-5.9127567,43.3019976],[-5.9127626,43.3020026],[-5.912765,43.3020085],[-5.9127631,43.3020145],[-5.9127557,43.3020203],[-5.9127436,43.3020254],[-5.9127281,43.3020299],[-5.9127101,43.3020338],[-5.9126902,43.3020374],[-5.912669,43.3020406],[-5.912647,43.3020434],[-5.912603,43.3020481],[-5.9125798,43.3020513],[-5.9125555,43.3020557],[-5.9125311,43.3020616],[-5.9125107,43.3020681],[-5.9124916,43.3020756],[-5.9124745,43.3020839],[-5.9124557,43.3020956],[-5.912442,43.302107],[-5.9124341,43.3021171],[-5.9124319,43.3021238],[-5.9124341,43.302127],[-5.9124346,43.3021303],[-5.9124342,43.3021348],[-5.9124316,43.3021439],[-5.9124263,43.302156],[-5.9124208,43.3021662],[-5.9124146,43.3021768],[-5.9124072,43.3021879],[-5.9123961,43.3022018],[-5.9123798,43.302219],[-5.9123584,43.3022401],[-5.9123474,43.3022528],[-5.9123378,43.3022664],[-5.9123293,43.3022807],[-5.9123248,43.3022894],[-5.9123209,43.3022982],[-5.9123176,43.3023068],[-5.9123133,43.3023197],[-5.9123099,43.3023328],[-5.9123082,43.3023413],[-5.9123055,43.3023583],[-5.9123024,43.3023876],[-5.9123003,43.3024375],[-5.9122979,43.3024686],[-5.9122946,43.3024998],[-5.9122926,43.3025147],[-5.9122899,43.3025295],[-5.9122827,43.3025576],[-5.9122782,43.3025736],[-5.912268,43.3026053],[-5.9122621,43.3026208],[-5.9122557,43.3026359],[-5.9122441,43.3026601],[-5.9122388,43.3026722],[-5.9122291,43.3027008],[-5.9122231,43.3027164],[-5.9122162,43.3027319],[-5.9122081,43.3027474],[-5.9121989,43.3027626],[-5.9121903,43.3027749],[-5.9121809,43.302787],[-5.9121706,43.3027986],[-5.9121596,43.3028098],[-5.9121504,43.3028183],[-5.9121153,43.3028481],[-5.912081,43.3028756],[-5.9120588,43.3028918],[-5.9120446,43.3029013],[-5.9120325,43.3029083],[-5.91202,43.3029149],[-5.9120069,43.302921],[-5.9119906,43.3029279],[-5.9119576,43.3029411],[-5.9119414,43.3029481],[-5.9118954,43.3029706],[-5.9118766,43.3029789],[-5.9118572,43.3029865],[-5.9118373,43.3029936],[-5.9118171,43.3030002],[-5.9117808,43.3030107],[-5.911766,43.3030146],[-5.9117463,43.3030191],[-5.9117289,43.3030224],[-5.9116971,43.3030278],[-5.911681,43.3030301],[-5.9116569,43.303033],[-5.9115823,43.3030413],[-5.9115618,43.3030441],[-5.9115408,43.3030477],[-5.9115203,43.3030517],[-5.9115004,43.3030561],[-5.9114673,43.303064],[-5.9114392,43.3030714],[-5.9114263,43.3030742],[-5.9114119,43.3030758],[-5.9113966,43.303076],[-5.9113808,43.3030752],[-5.9113476,43.3030725],[-5.9113305,43.3030716],[-5.9113161,43.3030714],[-5.9113016,43.3030719],[-5.9112867,43.3030731],[-5.9112717,43.303075],[-5.911257,43.3030774],[-5.9112457,43.3030797],[-5.9111757,43.3030964],[-5.9111401,43.3031042],[-5.9111,43.3031124],[-5.9110821,43.3031165],[-5.9110646,43.3031209],[-5.9110474,43.3031258],[-5.9109694,43.3031516],[-5.9109504,43.3031582],[-5.91093,43.3031663],[-5.9109205,43.3031707],[-5.9109119,43.3031755],[-5.9109024,43.3031826],[-5.9108948,43.3031907],[-5.9108905,43.3031971],[-5.910887,43.303204],[-5.9108835,43.3032136],[-5.910881,43.3032237],[-5.9108794,43.3032342],[-5.9108785,43.3032463],[-5.9108784,43.3032588],[-5.9108797,43.3032811],[-5.9108852,43.3033232],[-5.9108892,43.303347],[-5.9108986,43.3034125],[-5.9109038,43.3034388],[-5.9109085,43.3034561],[-5.9109114,43.3034648],[-5.9109191,43.3034833],[-5.9109236,43.3034926],[-5.9109332,43.3035109],[-5.9109723,43.3035803],[-5.9109834,43.3035986],[-5.9109914,43.3036109],[-5.9110124,43.3036402],[-5.9110415,43.3036831],[-5.9110566,43.3037045],[-5.9110671,43.3037181],[-5.9110781,43.3037315],[-5.9111106,43.3037692],[-5.9111258,43.3037875],[-5.9111389,43.3038045],[-5.9111502,43.3038213],[-5.9111588,43.3038372],[-5.9111657,43.3038536],[-5.9111712,43.3038704],[-5.9111754,43.3038874],[-5.9111782,43.3039046],[-5.9111795,43.3039218],[-5.9111789,43.3039389],[-5.9111769,43.3039522],[-5.9111739,43.3039655],[-5.911169,43.3039818],[-5.9111627,43.3039978],[-5.9111551,43.3040134],[-5.9111462,43.3040286],[-5.9111361,43.3040432],[-5.9111249,43.304057],[-5.9111122,43.3040696],[-5.9110979,43.3040808],[-5.9110828,43.3040898],[-5.9110665,43.304098],[-5.9109836,43.3041384],[-5.9109613,43.3041504],[-5.9109548,43.3041547],[-5.9109266,43.3041777],[-5.9109227,43.3041815],[-5.9109169,43.3041882],[-5.9109125,43.3041962],[-5.9109111,43.3042016],[-5.9109087,43.3042162],[-5.9109061,43.3042261],[-5.9109013,43.3042387],[-5.9108949,43.3042521],[-5.9108825,43.3042755],[-5.9108753,43.3042874],[-5.9108599,43.3043108],[-5.9108525,43.3043227],[-5.910846,43.3043348],[-5.9108414,43.3043458],[-5.9108377,43.3043571],[-5.9108315,43.3043821],[-5.910829,43.3043959],[-5.9108275,43.3044098],[-5.9108272,43.3044237],[-5.9108279,43.3044377],[-5.9108295,43.3044516],[-5.9108319,43.3044654],[-5.910835,43.3044789],[-5.9108386,43.3044915],[-5.9108514,43.3045292],[-5.9108535,43.3045376],[-5.9108554,43.304552],[-5.9108555,43.3045664],[-5.9108545,43.3045807],[-5.9108529,43.3045947],[-5.9108514,43.3046048],[-5.9108493,43.3046146],[-5.910846,43.3046241],[-5.9108387,43.3046368],[-5.9108291,43.3046492],[-5.9108185,43.3046617],[-5.9108069,43.3046743],[-5.9107947,43.3046862],[-5.9107646,43.3047148],[-5.9107393,43.3047375],[-5.9107154,43.3047571],[-5.9106839,43.3047822],[-5.9106543,43.3048075],[-5.9106261,43.3048333],[-5.9106127,43.3048461],[-5.9106023,43.3048566],[-5.9105926,43.3048672],[-5.910584,43.3048779],[-5.9105771,43.3048889],[-5.9105714,43.3049019],[-5.9105678,43.3049152],[-5.9105658,43.3049279],[-5.9105652,43.3049405],[-5.9105661,43.3049528],[-5.9105688,43.3049645],[-5.910573,43.3049743],[-5.9105771,43.3049813],[-5.9105835,43.3049899],[-5.910589,43.3049959],[-5.9105982,43.3050039],[-5.9106065,43.3050098],[-5.9106153,43.3050151],[-5.9106375,43.3050275],[-5.91065,43.3050339],[-5.9106727,43.3050444],[-5.9106823,43.3050503],[-5.9106902,43.3050567],[-5.9106952,43.305062],[-5.9107094,43.3050787],[-5.9107346,43.305114],[-5.9107387,43.3051184],[-5.9107437,43.3051228],[-5.9107548,43.30513],[-5.910769,43.3051374],[-5.9107855,43.305145],[-5.9108036,43.3051526],[-5.9108623,43.3051765],[-5.9108818,43.3051849],[-5.9109101,43.3051982],[-5.9109354,43.3052115],[-5.9109468,43.3052182],[-5.9109565,43.3052248],[-5.9109641,43.3052312],[-5.9109701,43.3052384],[-5.9109789,43.3052527],[-5.9109824,43.305257],[-5.910992,43.3052672],[-5.9109981,43.305273],[-5.9110076,43.3052803],[-5.9110186,43.3052873],[-5.9110439,43.3053012],[-5.9110586,43.3053086],[-5.9110829,43.3053195],[-5.9108479,43.3052679],[-5.9104002,43.3052423]]],[[[-5.8708948,43.3093368],[-5.870912,43.3093471],[-5.8709273,43.3093579],[-5.8709392,43.3093684],[-5.8709489,43.3093789],[-5.8709571,43.3093894],[-5.8709771,43.3094176],[-5.8709858,43.3094283],[-5.8709953,43.3094387],[-5.8710056,43.3094487],[-5.8710161,43.3094577],[-5.8710462,43.3094824],[-5.8710541,43.3094898],[-5.8710636,43.3094997],[-5.8711236,43.3095673],[-5.8711351,43.3095811],[-5.8711525,43.3096035],[-5.8711619,43.3096141],[-5.8711737,43.309626],[-5.8711864,43.3096374],[-5.8711999,43.3096483],[-5.8712141,43.3096583],[-5.87123,43.3096681],[-5.8712606,43.3096861],[-5.8712727,43.3096947],[-5.8712829,43.309703],[-5.8712876,43.3097075],[-5.8712929,43.3097141],[-5.8712948,43.3097208],[-5.8712914,43.3097293],[-5.8712829,43.3097379],[-5.8712706,43.3097468],[-5.8712555,43.3097557],[-5.8712385,43.3097648],[-5.8712201,43.309774],[-5.8711808,43.3097925],[-5.8710155,43.3098679],[-5.8708515,43.3099445],[-5.8708109,43.3099625],[-5.8707907,43.3099709],[-5.8707707,43.3099786],[-5.8707509,43.3099852],[-5.8707313,43.3099903],[-5.8707121,43.3099933],[-5.8706935,43.3099936],[-5.8706781,43.3099911],[-5.8706631,43.3099865],[-5.870651,43.3099814],[-5.8706392,43.3099753],[-5.8705977,43.3099504],[-5.8705809,43.3099409],[-5.8705638,43.3099317],[-5.8705305,43.3099145],[-5.8705146,43.3099059],[-5.8705058,43.3099001],[-5.8704975,43.3098938],[-5.8704844,43.3098819],[-5.8704723,43.3098688],[-5.8704374,43.3098276],[-5.8703791,43.3097604],[-5.8703497,43.3097237],[-5.8703076,43.3096688],[-5.8702977,43.3096568],[-5.8702632,43.3096179],[-5.8702541,43.309606],[-5.8702466,43.3095942],[-5.8702411,43.3095826],[-5.8702384,43.3095714],[-5.8702392,43.3095607],[-5.8702454,43.309549],[-5.8702562,43.309538],[-5.8702703,43.3095276],[-5.8702868,43.3095175],[-5.870305,43.3095076],[-5.8703244,43.3094979],[-5.8703445,43.3094884],[-5.8703861,43.3094695],[-5.870556,43.3093945],[-5.8706506,43.309352],[-5.8707539,43.3093046],[-5.8707859,43.3092893],[-5.8707933,43.3092853],[-5.8707967,43.3092859],[-5.8708046,43.3092891],[-5.8708438,43.3093102],[-5.8708774,43.3093275],[-5.8708948,43.3093368]]],[[[-5.8699165,43.3101804],[-5.8699277,43.3101887],[-5.8699702,43.3102245],[-5.8699895,43.3102397],[-5.870004,43.3102519],[-5.8700282,43.3102708],[-5.870058,43.3102964],[-5.8700643,43.3103029],[-5.8700681,43.3103093],[-5.8700684,43.310316],[-5.8700652,43.3103221],[-5.870058,43.3103267],[-5.8700465,43.3103283],[-5.8700363,43.3103274],[-5.8700248,43.3103249],[-5.8700093,43.3103204],[-5.8699932,43.3103146],[-5.8699773,43.3103079],[-5.8699636,43.3103013],[-5.8699513,43.3102948],[-5.8699411,43.3102889],[-5.8699321,43.3102831],[-5.8699278,43.3102799],[-5.8699277,43.3102794],[-5.8699224,43.3102769],[-5.869913,43.3102718],[-5.8699004,43.3102643],[-5.8698857,43.3102549],[-5.8698703,43.3102439],[-5.8698563,43.3102326],[-5.8698431,43.3102206],[-5.8698307,43.3102087],[-5.8698217,43.3101993],[-5.8698136,43.3101896],[-5.8698074,43.3101806],[-5.869803,43.3101719],[-5.8698001,43.3101636],[-5.8697989,43.3101556],[-5.8698002,43.3101461],[-5.8698041,43.3101381],[-5.8698102,43.3101323],[-5.8698181,43.3101294],[-5.8698274,43.3101302],[-5.8698374,43.3101339],[-5.8698484,43.3101394],[-5.8698582,43.3101448],[-5.8698898,43.3101635],[-5.8699165,43.3101804]]],[[[-5.8514803,43.3030272],[-5.851483,43.303029],[-5.8515016,43.3030417],[-5.8515226,43.3030566],[-5.8515423,43.3030713],[-5.8515603,43.3030853],[-5.8516221,43.3031352],[-5.8516686,43.303172],[-5.8517139,43.3032066],[-5.8517446,43.303229],[-5.8517755,43.3032505],[-5.8518182,43.3032784],[-5.851878,43.3033211],[-5.8519126,43.3033452],[-5.8519481,43.3033685],[-5.8520211,43.3034144],[-5.8520554,43.303436],[-5.8520717,43.3034467],[-5.8520867,43.3034572],[-5.8521,43.3034672],[-5.8521107,43.3034766],[-5.8521179,43.3034849],[-5.8521204,43.303492],[-5.852119,43.3034955],[-5.8521154,43.3034982],[-5.852111,43.3034997],[-5.8521055,43.3035004],[-5.852093,43.3034988],[-5.8520781,43.3034944],[-5.8520615,43.3034879],[-5.852044,43.3034799],[-5.8520257,43.3034706],[-5.8520072,43.3034605],[-5.8519886,43.3034497],[-5.8519705,43.3034385],[-5.8519525,43.3034269],[-5.8519508,43.3034258],[-5.8519171,43.303403],[-5.8518475,43.3033542],[-5.851745,43.3032811],[-5.8516945,43.3032445],[-5.8516614,43.3032199],[-5.8516285,43.3031943],[-5.8515958,43.3031676],[-5.8515117,43.3030977],[-5.8514703,43.3030623],[-5.8514498,43.3030443],[-5.8514391,43.3030346],[-5.851414,43.3030117],[-5.8514007,43.3029986],[-5.8513916,43.3029887],[-5.8513879,43.302984],[-5.8513873,43.3029821],[-5.8513901,43.3029817],[-5.8513966,43.302983],[-5.8514061,43.3029861],[-5.8514214,43.3029927],[-5.8514394,43.3030021],[-5.8514593,43.3030138],[-5.8514803,43.3030272]]],[[[-5.8563337,43.3054983],[-5.8563437,43.3055007],[-5.8563524,43.3055038],[-5.8563594,43.3055076],[-5.8563632,43.3055111],[-5.8563657,43.3055151],[-5.8563666,43.3055194],[-5.8563655,43.3055248],[-5.8563626,43.3055305],[-5.8563585,43.3055365],[-5.8563483,43.3055501],[-5.8563364,43.3055649],[-5.856317,43.305586],[-5.8563118,43.305591],[-5.8563016,43.3055994],[-5.8562958,43.3056033],[-5.8562898,43.3056065],[-5.8562836,43.3056087],[-5.8562762,43.3056099],[-5.8562683,43.3056098],[-5.8562602,43.3056088],[-5.856252,43.3056072],[-5.8562438,43.305605],[-5.8562358,43.3056024],[-5.8562282,43.3055991],[-5.8562201,43.3055941],[-5.8562127,43.305588],[-5.856206,43.3055811],[-5.8561999,43.3055735],[-5.8561939,43.3055644],[-5.8561884,43.3055538],[-5.8561836,43.3055422],[-5.8561797,43.3055302],[-5.8561774,43.3055198],[-5.8561759,43.3055099],[-5.8561753,43.3055009],[-5.8561753,43.3054933],[-5.8561758,43.3054875],[-5.8561769,43.3054827],[-5.8561933,43.3054829],[-5.8562183,43.3054839],[-5.8562486,43.3054861],[-5.8562726,43.3054889],[-5.8563113,43.3054943],[-5.8563337,43.3054983]]],[[[-5.8598259,43.3086044],[-5.8598268,43.3086085],[-5.8598259,43.3086118],[-5.8598257,43.3086128],[-5.859823,43.3086171],[-5.8598191,43.3086216],[-5.8597951,43.3086446],[-5.859791,43.3086494],[-5.8597825,43.3086613],[-5.8597796,43.3086648],[-5.8597763,43.3086675],[-5.8597725,43.3086692],[-5.8597676,43.3086696],[-5.8597621,43.3086687],[-5.8597563,43.3086668],[-5.8597503,43.3086642],[-5.8597443,43.308661],[-5.8597386,43.3086574],[-5.8597333,43.3086534],[-5.8597288,43.308649],[-5.8597253,43.3086441],[-5.8597234,43.3086389],[-5.8597226,43.3086332],[-5.8597226,43.3086325],[-5.8597227,43.3086274],[-5.8597247,43.308615],[-5.8597265,43.3086078],[-5.8597316,43.3085914],[-5.859736,43.3085791],[-5.8597417,43.3085662],[-5.8597485,43.3085537],[-5.8597914,43.3085774],[-5.859808,43.3085876],[-5.8598147,43.3085922],[-5.8598197,43.3085963],[-5.8598234,43.3086003],[-5.8598259,43.3086044]]],[[[-5.8596923,43.3089207],[-5.8596992,43.3089266],[-5.859704,43.308933],[-5.8597069,43.3089393],[-5.8597112,43.308951],[-5.8597182,43.3089642],[-5.85972,43.3089697],[-5.8597205,43.3089754],[-5.859719,43.3089825],[-5.8597156,43.3089898],[-5.8597107,43.308997],[-5.8597049,43.3090042],[-5.8596982,43.3090112],[-5.859691,43.3090177],[-5.8596856,43.3090219],[-5.85968,43.3090257],[-5.8596739,43.309029],[-5.8596674,43.3090316],[-5.8596534,43.3090357],[-5.8596372,43.3090398],[-5.8596288,43.3090415],[-5.8596178,43.3090427],[-5.8596067,43.3090431],[-5.8595957,43.3090428],[-5.8595853,43.3090417],[-5.8595758,43.3090399],[-5.8595678,43.3090372],[-5.859562,43.3090333],[-5.8595587,43.3090278],[-5.8595577,43.3090212],[-5.8595582,43.3090137],[-5.8595626,43.3089895],[-5.8595653,43.3089806],[-5.8595696,43.3089706],[-5.8595756,43.3089597],[-5.8595828,43.3089486],[-5.8596106,43.30891],[-5.8596166,43.3089004],[-5.8596167,43.3088992],[-5.8596343,43.3089018],[-5.8596456,43.308904],[-5.8596581,43.3089069],[-5.8596707,43.3089107],[-5.8596824,43.3089152],[-5.8596923,43.3089207]]]]}},{"type":"Feature","properties":{"clase":"Sin clasificar","t500_ha":1.48,"pct_t500":0.4},"geometry":{"type":"MultiPolygon","coordinates":[[[[-5.8611096,43.3068898],[-5.860964,43.3068459],[-5.8613435,43.3069592],[-5.8611096,43.3068898]]],[[[-5.8597761,43.3065528],[-5.859484,43.3064437],[-5.8591913,43.306334],[-5.8597761,43.3065528]]],[[[-5.8895618,43.3174824],[-5.8895408,43.3174816],[-5.8893955,43.3174792],[-5.8893629,43.3174796],[-5.8893181,43.3174814],[-5.889302,43.3174817],[-5.8892695,43.3174812],[-5.8892523,43.3174803],[-5.8892351,43.3174789],[-5.8892174,43.3174768],[-5.8891998,43.317474],[-5.8891488,43.3174644],[-5.8891321,43.3174615],[-5.8891108,43.3174587],[-5.8890426,43.3174517],[-5.8890287,43.31745],[-5.8890151,43.3174478],[-5.8889941,43.317444],[-5.8889862,43.317443],[-5.8889791,43.3174428],[-5.8889728,43.3174432],[-5.8889536,43.3174458],[-5.8889451,43.3174463],[-5.8889321,43.317446],[-5.888829,43.3174363],[-5.8887877,43.3174317],[-5.8887546,43.3174293],[-5.8887048,43.3174267],[-5.8886669,43.3174244],[-5.8886498,43.3174231],[-5.8886236,43.3174205],[-5.8886023,43.3174189],[-5.8885807,43.3174179],[-5.8885591,43.3174177],[-5.8885381,43.3174181],[-5.8884598,43.3174224],[-5.8884145,43.3174228],[-5.8883947,43.3174235],[-5.8883747,43.3174249],[-5.8883547,43.3174268],[-5.8882867,43.3174348],[-5.8882657,43.3174361],[-5.8882442,43.3174362],[-5.8882225,43.3174353],[-5.8882008,43.3174337],[-5.8881313,43.3174258],[-5.8881081,43.317424],[-5.8880897,43.3174235],[-5.8880713,43.3174234],[-5.8880007,43.3174244],[-5.8879889,43.3174249],[-5.8879737,43.317426],[-5.8879586,43.3174276],[-5.8879399,43.3174306],[-5.8879214,43.3174343],[-5.8878858,43.3174423],[-5.8878689,43.3174465],[-5.8878365,43.3174559],[-5.8877757,43.3174729],[-5.8877746,43.3174733],[-5.887408,43.3174871],[-5.8869655,43.3175439],[-5.8864464,43.3177012],[-5.8864681,43.3174298],[-5.8864922,43.3171555],[-5.8868743,43.3171597],[-5.8877838,43.3170294],[-5.8878248,43.3170235],[-5.8887471,43.3170433],[-5.8896089,43.3170302],[-5.8902268,43.3168709],[-5.8902773,43.3173979],[-5.8902651,43.3174031],[-5.8902595,43.3174055],[-5.8902406,43.3174139],[-5.8902178,43.3174235],[-5.8902029,43.3174294],[-5.8901877,43.3174349],[-5.8901677,43.3174414],[-5.8901474,43.3174473],[-5.8901392,43.3174492],[-5.8895748,43.3174832],[-5.8895618,43.3174824]]]]}}]}