{"type":"FeatureCollection","name":"zfp_ribera_de_arriba","features":[{"type":"Feature","properties":{"ZONA":"ES018-AST-20-1","RIO":"Río Caudal","ESTUDIO":"SNCZI. Zonas inundables del Sistema Nalón","FECHA":"2015-03-17","PRECISION":"MDT 1X1 procedente de LIDAR IGN PNOA","HIDRAUL":"INFOWORKS ICM","ORGANISMO":"Ministerio de Agricultura, Alimentación y Medio Ambiente"},"geometry":{"type":"Polygon","coordinates":[[[-5.8782547,43.3058826],[-5.878257,43.3058825],[-5.8782684,43.305881],[-5.8782802,43.3058787],[-5.8782922,43.3058754],[-5.8783042,43.3058715],[-5.8783201,43.3058655],[-5.8783357,43.3058587],[-5.8783461,43.3058537],[-5.878356,43.3058483],[-5.8783652,43.3058426],[-5.8783908,43.3058247],[-5.878402,43.3058176],[-5.8784187,43.3058076],[-5.8784245,43.3058043],[-5.8784419,43.3057959],[-5.8784588,43.3057859],[-5.8784727,43.3057786],[-5.8784984,43.3057639],[-5.8785203,43.3057521],[-5.8785329,43.3057459],[-5.8785458,43.3057399],[-5.878559,43.3057346],[-5.8785694,43.3057312],[-5.8785799,43.3057283],[-5.878616,43.3057203],[-5.8786299,43.3057163],[-5.8786553,43.3057059],[-5.8786652,43.3057025],[-5.8787017,43.3056914],[-5.8787246,43.3056852],[-5.8787344,43.3056815],[-5.8787443,43.3056769],[-5.8787542,43.3056716],[-5.8787641,43.3056659],[-5.8787997,43.3056428],[-5.8788078,43.3056369],[-5.8788151,43.3056309],[-5.8788226,43.3056236],[-5.8788416,43.3056022],[-5.8788464,43.3055953],[-5.8788485,43.3055884],[-5.8788488,43.3055815],[-5.878848,43.3055736],[-5.8788466,43.3055696],[-5.8788445,43.3055656],[-5.8788399,43.3055594],[-5.8788345,43.305554],[-5.8788231,43.3055449],[-5.8788176,43.3055395],[-5.8788117,43.3055329],[-5.878806,43.3055251],[-5.8788004,43.3055164],[-5.8787945,43.3055059],[-5.8787796,43.3054779],[-5.8787636,43.3054497],[-5.8787586,43.30544],[-5.8787565,43.305434],[-5.8787569,43.3054316],[-5.8787592,43.3054321],[-5.8787721,43.3054368],[-5.8787814,43.3054407],[-5.878793,43.3054463],[-5.8788163,43.3054591],[-5.878827,43.3054659],[-5.8788383,43.3054747],[-5.8788484,43.3054841],[-5.8788717,43.3055079],[-5.8788809,43.3055185],[-5.8788833,43.3055204],[-5.8788877,43.3055218],[-5.8788931,43.3055207],[-5.8788986,43.305517],[-5.8789047,43.3055112],[-5.8789115,43.3055035],[-5.8789246,43.3054872],[-5.8789303,43.3054793],[-5.8789379,43.3054676],[-5.8789571,43.3054355],[-5.8789622,43.3054248],[-5.878966,43.3054143],[-5.8789684,43.305404],[-5.8789719,43.3053845],[-5.8789728,43.3053749],[-5.878972,43.305366],[-5.8789701,43.3053569],[-5.8789649,43.305338],[-5.8789621,43.3053287],[-5.8789587,43.3053196],[-5.8789531,43.3053092],[-5.8789463,43.3052994],[-5.878941,43.3052932],[-5.878935,43.3052876],[-5.8789258,43.3052813],[-5.8789158,43.3052765],[-5.8789061,43.3052733],[-5.8788962,43.3052719],[-5.8788864,43.3052724],[-5.8788764,43.3052744],[-5.8788643,43.3052781],[-5.8788526,43.3052829],[-5.8787831,43.3053188],[-5.8787742,43.305323],[-5.87876,43.3053292],[-5.8787463,43.3053336],[-5.8787385,43.3053352],[-5.8787161,43.3053378],[-5.8787059,43.3053394],[-5.8786951,43.3053418],[-5.8786842,43.3053447],[-5.8786733,43.3053483],[-5.8786409,43.3053613],[-5.8786323,43.3053644],[-5.8786156,43.3053699],[-5.8785751,43.3053851],[-5.8785647,43.3053897],[-5.8785541,43.3053953],[-5.878544,43.3054014],[-5.8785341,43.3054082],[-5.8785086,43.3054281],[-5.8784965,43.3054369],[-5.8784836,43.3054457],[-5.878446,43.3054687],[-5.8784218,43.3054844],[-5.8783944,43.305504],[-5.8783801,43.3055154],[-5.8783639,43.3055294],[-5.8783497,43.3055427],[-5.8783361,43.3055563],[-5.878324,43.3055698],[-5.8783127,43.3055836],[-5.8783021,43.3055976],[-5.8782923,43.305612],[-5.8782693,43.3056498],[-5.8782629,43.3056596],[-5.878256,43.3056692],[-5.8782406,43.3056888],[-5.8782158,43.3057184],[-5.8782037,43.3057334],[-5.8781931,43.3057479],[-5.8781864,43.3057592],[-5.878182,43.3057702],[-5.8781808,43.3057779],[-5.8781806,43.3057856],[-5.8781811,43.3057936],[-5.878182,43.3058019],[-5.8781853,43.3058172],[-5.8781901,43.3058322],[-5.8781951,43.3058435],[-5.8781959,43.305845],[-5.8780903,43.3057776],[-5.8778482,43.3056228],[-5.8777682,43.3055716],[-5.8777698,43.3055709],[-5.8777777,43.3055668],[-5.8777848,43.3055624],[-5.8777909,43.3055577],[-5.8777978,43.3055506],[-5.8778061,43.3055396],[-5.8778085,43.3055355],[-5.8778102,43.3055313],[-5.8778108,43.3055269],[-5.8778087,43.3055189],[-5.877803,43.3055109],[-5.8777976,43.3055062],[-5.8777911,43.305502],[-5.8777836,43.3054986],[-5.8777753,43.3054957],[-5.8777661,43.3054931],[-5.8777566,43.3054911],[-5.8777469,43.3054898],[-5.8777374,43.3054897],[-5.8777241,43.3054913],[-5.8777029,43.3054964],[-5.8776948,43.3054987],[-5.8776859,43.3055018],[-5.8776692,43.3055083],[-5.877631,43.3054839],[-5.8775655,43.3054421],[-5.8775191,43.3054124],[-5.8775279,43.3054069],[-5.8775422,43.3053985],[-5.8775722,43.3053817],[-5.8776035,43.305365],[-5.8776512,43.3053404],[-5.8776827,43.3053247],[-5.8777134,43.3053098],[-5.8777428,43.3052966],[-5.8777566,43.3052908],[-5.8777698,43.3052859],[-5.877782,43.3052819],[-5.8777982,43.3052777],[-5.8778102,43.3052742],[-5.8778219,43.30527],[-5.8778317,43.3052654],[-5.8778402,43.3052603],[-5.8778553,43.3052497],[-5.8778647,43.3052443],[-5.8778759,43.305239],[-5.8779232,43.3052201],[-5.87794,43.3052125],[-5.8779566,43.3052041],[-5.8779819,43.3051902],[-5.8780095,43.3051741],[-5.8780242,43.3051645],[-5.8780382,43.3051542],[-5.8780591,43.3051379],[-5.878072,43.3051285],[-5.8780856,43.3051193],[-5.8780997,43.3051103],[-5.8781143,43.3051014],[-5.8781441,43.305084],[-5.8782344,43.3050338],[-5.8782622,43.3050177],[-5.8782751,43.3050099],[-5.8782871,43.3050023],[-5.8782979,43.304995],[-5.8783073,43.304988],[-5.8783196,43.3049777],[-5.8783263,43.3049727],[-5.8783338,43.304968],[-5.8783411,43.3049643],[-5.8783615,43.3049553],[-5.8784111,43.3049358],[-5.8784257,43.3049294],[-5.8784403,43.3049225],[-5.8785058,43.30489],[-5.8785341,43.3048749],[-5.8785475,43.3048672],[-5.8785601,43.3048595],[-5.8785717,43.3048519],[-5.878582,43.3048444],[-5.8785906,43.3048372],[-5.8785985,43.3048287],[-5.8786079,43.3048159],[-5.8786138,43.3048102],[-5.8786211,43.3048045],[-5.8786287,43.3047996],[-5.8786373,43.3047954],[-5.878647,43.3047922],[-5.8786575,43.3047901],[-5.8786849,43.3047868],[-5.8786977,43.3047844],[-5.8787106,43.3047813],[-5.8787355,43.3047741],[-5.8787499,43.3047692],[-5.8787621,43.304763],[-5.8787728,43.3047553],[-5.8787794,43.3047484],[-5.8787849,43.304741],[-5.878789,43.3047344],[-5.8787954,43.3047222],[-5.8787979,43.3047167],[-5.8788025,43.3047041],[-5.8788199,43.3046706],[-5.878824,43.3046621],[-5.8788289,43.3046458],[-5.8788386,43.3046227],[-5.8788464,43.3046025],[-5.87885,43.3045909],[-5.878852,43.3045788],[-5.8788529,43.3045665],[-5.878853,43.3045561],[-5.8788524,43.3045457],[-5.8788506,43.3045357],[-5.8788476,43.3045257],[-5.878841,43.3045104],[-5.8788369,43.304503],[-5.8788321,43.3044957],[-5.878831,43.3044941],[-5.8795578,43.3045677],[-5.8800318,43.3046157],[-5.8800285,43.3046215],[-5.8800256,43.3046279],[-5.8800157,43.3046579],[-5.8800066,43.3046812],[-5.8800038,43.3046897],[-5.8800016,43.3046983],[-5.8800002,43.3047058],[-5.8799994,43.3047134],[-5.8799999,43.3047427],[-5.8799992,43.3047525],[-5.8799941,43.3047819],[-5.8799914,43.3048011],[-5.8799904,43.3048118],[-5.8799898,43.3048275],[-5.879989,43.3048355],[-5.879985,43.304863],[-5.8799845,43.3048727],[-5.879986,43.3049009],[-5.8799857,43.3049095],[-5.8799816,43.3049599],[-5.8799799,43.3049882],[-5.8799789,43.3049978],[-5.8799728,43.3050407],[-5.8799722,43.3050525],[-5.8799726,43.3050742],[-5.8799734,43.3050837],[-5.8799756,43.3050959],[-5.879977,43.3051081],[-5.8799772,43.3051195],[-5.8799765,43.3051306],[-5.8799771,43.3051351],[-5.8799783,43.3051395],[-5.8799825,43.3051507],[-5.8799859,43.3051647],[-5.879996,43.3051843],[-5.8800002,43.3051917],[-5.8800044,43.3051977],[-5.8800094,43.3052037],[-5.8800152,43.3052095],[-5.8800361,43.3052282],[-5.8800507,43.3052421],[-5.8800709,43.3052574],[-5.8800841,43.3052682],[-5.8800923,43.3052757],[-5.8800979,43.3052828],[-5.8801016,43.3052905],[-5.8801032,43.3052989],[-5.8801027,43.3053075],[-5.8801005,43.3053171],[-5.8800949,43.3053329],[-5.8800921,43.3053391],[-5.880084,43.3053537],[-5.8800741,43.3053767],[-5.8800705,43.3053836],[-5.8800599,43.3054009],[-5.8800531,43.3054138],[-5.880049,43.3054203],[-5.8800336,43.3054405],[-5.8800241,43.3054537],[-5.8800186,43.3054597],[-5.8800126,43.3054652],[-5.8799943,43.3054799],[-5.8799858,43.3054877],[-5.879956,43.3055165],[-5.8799478,43.3055238],[-5.87994,43.3055301],[-5.8799159,43.3055469],[-5.8799089,43.3055524],[-5.8798923,43.3055666],[-5.8798831,43.305575],[-5.8798766,43.3055813],[-5.8798712,43.3055875],[-5.8798656,43.3055968],[-5.8798608,43.3056061],[-5.8798503,43.305623],[-5.8798462,43.3056321],[-5.8798434,43.3056418],[-5.8798421,43.3056503],[-5.8798418,43.3056586],[-5.8798424,43.3056665],[-5.8798434,43.3056717],[-5.8798448,43.3056765],[-5.8798499,43.3056882],[-5.8798503,43.3056919],[-5.8798489,43.3056957],[-5.8798453,43.3056993],[-5.8798381,43.305703],[-5.8798282,43.3057058],[-5.8798164,43.3057079],[-5.8797786,43.3057131],[-5.879768,43.3057149],[-5.8797576,43.3057173],[-5.8797466,43.3057205],[-5.879736,43.3057245],[-5.8797238,43.3057303],[-5.8797118,43.3057369],[-5.8796957,43.3057464],[-5.8796798,43.3057569],[-5.8796685,43.3057655],[-5.8796579,43.3057748],[-5.879648,43.3057845],[-5.8796388,43.3057945],[-5.8796265,43.3058097],[-5.8796032,43.3058404],[-5.8795848,43.3058685],[-5.8795759,43.305881],[-5.8795678,43.3058911],[-5.8795588,43.305901],[-5.8795495,43.3059099],[-5.8795184,43.3059374],[-5.8794956,43.3059557],[-5.879474,43.3059721],[-5.8794556,43.3059852],[-5.8794425,43.3059938],[-5.8794291,43.3060018],[-5.8794102,43.3060122],[-5.8793964,43.3060187],[-5.8793826,43.3060242],[-5.8793706,43.306028],[-5.8793588,43.306031],[-5.8793362,43.3060358],[-5.8792988,43.3060446],[-5.8792813,43.3060491],[-5.8792711,43.3060524],[-5.8792612,43.306056],[-5.8792324,43.306068],[-5.8792233,43.3060723],[-5.879198,43.3060864],[-5.8791892,43.306091],[-5.8791688,43.3061006],[-5.8791586,43.3061058],[-5.8791486,43.3061115],[-5.8791085,43.3061356],[-5.8790979,43.3061416],[-5.8790832,43.306149],[-5.879058,43.3061629],[-5.8790486,43.306169],[-5.8790359,43.3061787],[-5.8790311,43.3061813],[-5.8790257,43.3061837],[-5.8790162,43.3061868],[-5.8790062,43.3061894],[-5.8789965,43.3061915],[-5.8789867,43.3061924],[-5.8789761,43.3061915],[-5.8789657,43.3061892],[-5.8789577,43.3061869],[-5.8789435,43.3061822],[-5.8789366,43.3061804],[-5.8789307,43.3061798],[-5.8789241,43.3061799],[-5.8789171,43.306181],[-5.8789098,43.306183],[-5.8788995,43.3061874],[-5.8788891,43.3061933],[-5.8788787,43.3062003],[-5.8788683,43.306208],[-5.878858,43.3062163],[-5.8788376,43.3062334],[-5.8788233,43.3062461],[-5.878751,43.3061999],[-5.8784143,43.3059846],[-5.8782547,43.3058826]]]}},{"type":"Feature","properties":{"ZONA":"ES018-AST-29-1","RIO":"Río Nalón","ESTUDIO":"SNCZI. Zonas inundables del Sistema Nalón","FECHA":"2015-03-17","PRECISION":"MDT 1X1 procedente de LIDAR IGN PNOA","HIDRAUL":"INFOWORKS ICM","ORGANISMO":"Ministerio de Agricultura, Alimentación y Medio Ambiente"},"geometry":{"type":"Polygon","coordinates":[[[-5.8444578,43.3010201],[-5.8444655,43.3009949],[-5.8444715,43.300979],[-5.8444758,43.30097],[-5.8444788,43.3009653],[-5.8444846,43.3009589],[-5.8444914,43.3009528],[-5.844501,43.3009451],[-5.8445069,43.3009411],[-5.844513,43.3009375],[-5.844527,43.3009303],[-5.8445409,43.3009237],[-5.8445525,43.3009195],[-5.8445657,43.3009155],[-5.8446136,43.300902],[-5.8446324,43.3008961],[-5.8446505,43.3008897],[-5.8446674,43.3008827],[-5.8446928,43.3008703],[-5.844708,43.3008638],[-5.8447601,43.3008444],[-5.8447793,43.3008369],[-5.8447973,43.3008295],[-5.8448105,43.3008235],[-5.84482,43.3008188],[-5.844836,43.3008097],[-5.8448506,43.3007999],[-5.8448782,43.3007781],[-5.8448855,43.3007728],[-5.8448934,43.3007678],[-5.8449073,43.3007609],[-5.8449162,43.3007572],[-5.8449403,43.3007485],[-5.8450198,43.3007216],[-5.8450368,43.3007155],[-5.845053,43.300709],[-5.8450871,43.3006942],[-5.8451051,43.3006875],[-5.8451279,43.3006798],[-5.8452027,43.3006575],[-5.845221,43.3006526],[-5.8452412,43.300648],[-5.8453233,43.300633],[-5.8453425,43.3006287],[-5.8453555,43.3006252],[-5.8453678,43.3006214],[-5.8453831,43.3006162],[-5.8453947,43.3006109],[-5.8454057,43.3006045],[-5.8454164,43.3005978],[-5.8454613,43.3005725],[-5.8455024,43.3005504],[-5.8455775,43.3005115],[-5.8456066,43.300495],[-5.8456205,43.3004878],[-5.8456349,43.3004821],[-5.84565,43.3004774],[-5.8457236,43.3004595],[-5.845741,43.3004545],[-5.8457835,43.3004413],[-5.8458096,43.3004344],[-5.8458276,43.3004306],[-5.8458368,43.3004291],[-5.8458465,43.3004279],[-5.8458706,43.300426],[-5.845885,43.3004255],[-5.8458996,43.3004256],[-5.8459166,43.3004267],[-5.845951,43.3004307],[-5.8459662,43.3004322],[-5.8459813,43.3004331],[-5.845996,43.3004332],[-5.8460361,43.3004315],[-5.8460664,43.3004307],[-5.8460872,43.3004289],[-5.846104,43.3004269],[-5.8461319,43.3004231],[-5.8461614,43.3004182],[-5.8461694,43.3004172],[-5.8461883,43.3009126],[-5.8461825,43.3009127],[-5.8461688,43.3009138],[-5.846155,43.3009155],[-5.8461419,43.3009177],[-5.846125,43.3009212],[-5.8461016,43.3009269],[-5.8460895,43.3009289],[-5.8460646,43.300932],[-5.8460531,43.3009339],[-5.8460415,43.3009367],[-5.8460286,43.3009404],[-5.8460153,43.3009446],[-5.8459539,43.3009653],[-5.8459396,43.3009697],[-5.8459299,43.3009722],[-5.8459203,43.3009738],[-5.8459142,43.3009743],[-5.8459019,43.300974],[-5.8458891,43.3009724],[-5.8458355,43.300962],[-5.845784,43.3009529],[-5.8457685,43.300951],[-5.8457498,43.3009502],[-5.845731,43.3009507],[-5.8457123,43.3009523],[-5.8457032,43.3009534],[-5.845652,43.30096],[-5.845629,43.3009634],[-5.845599,43.3009673],[-5.8455829,43.3009702],[-5.8455704,43.3009737],[-5.8455585,43.3009781],[-5.845547,43.3009829],[-5.8455323,43.3009897],[-5.8455,43.301007],[-5.8454937,43.3010099],[-5.8454742,43.3010174],[-5.8454616,43.3010228],[-5.8454499,43.3010284],[-5.8454429,43.3010325],[-5.8454308,43.3010415],[-5.8454242,43.3010459],[-5.8454195,43.3010483],[-5.8454146,43.3010504],[-5.8454094,43.3010519],[-5.845404,43.3010528],[-5.8453798,43.3010544],[-5.8453719,43.3010555],[-5.8453457,43.3010597],[-5.8453404,43.3010609],[-5.8453282,43.3010647],[-5.8453036,43.3010739],[-5.8452915,43.3010798],[-5.8452803,43.3010866],[-5.8452671,43.3010957],[-5.8452583,43.301101],[-5.8452488,43.3011057],[-5.8452403,43.3011089],[-5.8452315,43.3011114],[-5.8452241,43.301113],[-5.8452087,43.3011155],[-5.8451917,43.3011177],[-5.8451678,43.3011199],[-5.8451588,43.3011214],[-5.8451489,43.3011245],[-5.8451372,43.3011299],[-5.8451296,43.3011345],[-5.8450942,43.3011595],[-5.8450847,43.3011652],[-5.8450746,43.3011707],[-5.8450627,43.3011765],[-5.8450426,43.3011852],[-5.845033,43.3011887],[-5.8450131,43.3011946],[-5.8450101,43.3011953],[-5.8449926,43.3012386],[-5.8449927,43.3012475],[-5.8448355,43.3011942],[-5.8444409,43.3010604],[-5.8444515,43.3010364],[-5.8444578,43.3010201]]]}},{"type":"Feature","properties":{"ZONA":"ES018-AST-28-1","RIO":"Río Nalón","ESTUDIO":"SNCZI. Zonas inundables del Sistema Nalón","FECHA":"2015-03-17","PRECISION":"MDT 1X1 procedente de LIDAR IGN PNOA","HIDRAUL":"INFOWORKS ICM","ORGANISMO":"Ministerio de Agricultura, Alimentación y Medio Ambiente"},"geometry":{"type":"Polygon","coordinates":[[[-5.8461808,43.3004156],[-5.8462016,43.3004135],[-5.8462565,43.3004085],[-5.8462813,43.3004056],[-5.8462935,43.3004036],[-5.8463058,43.3004011],[-5.8463219,43.3003973],[-5.8463401,43.3003925],[-5.8463625,43.3003856],[-5.8463964,43.3003744],[-5.8464127,43.3003684],[-5.846428,43.3003618],[-5.8464383,43.3003567],[-5.8464481,43.3003513],[-5.8464782,43.300333],[-5.8464936,43.3003254],[-5.8465017,43.300322],[-5.8465156,43.3003169],[-5.8465599,43.3003031],[-5.8465945,43.3002906],[-5.8466123,43.3002856],[-5.8466308,43.3002823],[-5.8466378,43.3002815],[-5.846655,43.3002811],[-5.8466702,43.3002821],[-5.8466853,43.3002842],[-5.8467002,43.300287],[-5.8467339,43.3002946],[-5.8467503,43.3002979],[-5.8467945,43.300304],[-5.8468057,43.3003051],[-5.8468171,43.3003057],[-5.8468357,43.300305],[-5.846854,43.3003028],[-5.8468631,43.3003014],[-5.8468751,43.3002987],[-5.8468873,43.300295],[-5.8469065,43.3002867],[-5.8469454,43.3002672],[-5.8469819,43.3002502],[-5.8469965,43.3002436],[-5.8470143,43.3002364],[-5.8470155,43.3002367],[-5.8470211,43.3002402],[-5.8470529,43.3002615],[-5.8470609,43.3002661],[-5.8470693,43.3002704],[-5.8470791,43.3002745],[-5.8470889,43.3002775],[-5.8470989,43.3002797],[-5.8471082,43.300281],[-5.8471236,43.3002823],[-5.847139,43.3002826],[-5.8471534,43.3002815],[-5.8471843,43.3002777],[-5.8472014,43.3002763],[-5.84727,43.3002754],[-5.8472783,43.3002754],[-5.8472936,43.3002762],[-5.8473091,43.3002778],[-5.8473205,43.3002796],[-5.8473319,43.3002818],[-5.8473431,43.3002845],[-5.8473799,43.3002947],[-5.8473931,43.3002979],[-5.8474196,43.3003032],[-5.8474292,43.3003048],[-5.8474459,43.300307],[-5.8474603,43.3003078],[-5.8474747,43.3003072],[-5.8474926,43.3003049],[-5.847528,43.3002982],[-5.8475401,43.3002965],[-5.847552,43.3002954],[-5.8475594,43.300295],[-5.8475687,43.3002951],[-5.8475794,43.3002959],[-5.8475902,43.3002971],[-5.8476204,43.3003015],[-5.8476513,43.3003069],[-5.847682,43.3003135],[-5.8476967,43.3003172],[-5.8477052,43.3003197],[-5.8477216,43.300325],[-5.8477409,43.300332],[-5.8477528,43.3003368],[-5.8477674,43.3003433],[-5.847776,43.3003467],[-5.8477848,43.3003495],[-5.847794,43.3003518],[-5.8478083,43.3003546],[-5.8478236,43.3003568],[-5.8478345,43.3003579],[-5.847909,43.30036],[-5.8479179,43.3003607],[-5.8479309,43.3003626],[-5.8479435,43.3003656],[-5.8479524,43.3003686],[-5.8479609,43.3003722],[-5.8479737,43.3003781],[-5.8480062,43.3003947],[-5.8480182,43.3003994],[-5.848031,43.3004025],[-5.8480458,43.3004047],[-5.8480834,43.3004075],[-5.8480975,43.3004093],[-5.8481107,43.3004118],[-5.8481329,43.3004167],[-5.8481555,43.3004208],[-5.8481691,43.3004236],[-5.8481769,43.3004255],[-5.8482101,43.3004346],[-5.8482278,43.30044],[-5.8482654,43.3004526],[-5.8482993,43.3004648],[-5.8483206,43.3004728],[-5.8483313,43.3004774],[-5.8483392,43.3004813],[-5.8483532,43.3004897],[-5.8483658,43.3004987],[-5.8483716,43.3005034],[-5.848377,43.3005083],[-5.8483862,43.3005188],[-5.8483964,43.3005329],[-5.8484029,43.300541],[-5.8484103,43.3005489],[-5.8484172,43.3005551],[-5.8484307,43.3005663],[-5.8484783,43.3006033],[-5.8485088,43.300628],[-5.8485196,43.3006357],[-5.8485309,43.3006431],[-5.8486127,43.3006929],[-5.8486791,43.3007384],[-5.8486982,43.3007509],[-5.8487108,43.3007579],[-5.8487347,43.3007701],[-5.8487619,43.3007866],[-5.8487696,43.3007922],[-5.848773,43.3007952],[-5.8487787,43.3008017],[-5.8487805,43.3008051],[-5.8487856,43.3008255],[-5.8487898,43.3008349],[-5.8487957,43.3008446],[-5.8488035,43.3008549],[-5.8488127,43.3008656],[-5.8488176,43.3008706],[-5.8488306,43.3008821],[-5.8488368,43.3008886],[-5.8488421,43.300896],[-5.8488571,43.300922],[-5.84887,43.300941],[-5.8488759,43.3009508],[-5.8488789,43.3009571],[-5.8488813,43.3009637],[-5.8488946,43.3010042],[-5.8489071,43.30104],[-5.8489131,43.301054],[-5.8489167,43.3010607],[-5.8489244,43.3010737],[-5.8489382,43.3010933],[-5.8489584,43.3011232],[-5.8489639,43.3011302],[-5.8489718,43.3011387],[-5.8489806,43.3011471],[-5.8490013,43.3011648],[-5.8490129,43.3011742],[-5.8490249,43.3011832],[-5.8490463,43.3011985],[-5.8490707,43.301217],[-5.8490957,43.3012348],[-5.8491089,43.3012446],[-5.8491207,43.301255],[-5.8491286,43.3012632],[-5.8491359,43.3012717],[-5.849145,43.3012832],[-5.849149,43.3012893],[-5.8491606,43.3013112],[-5.849171,43.3013324],[-5.84918,43.3013519],[-5.8491849,43.3013604],[-5.8491897,43.3013662],[-5.8491949,43.301371],[-5.8491993,43.3013747],[-5.8492102,43.3013825],[-5.8492169,43.3013879],[-5.8492231,43.3013951],[-5.8492261,43.3013992],[-5.8492374,43.3014178],[-5.8492435,43.3014264],[-5.8492503,43.301435],[-5.8492575,43.3014433],[-5.8492721,43.3014585],[-5.8492899,43.30148],[-5.8492945,43.3014844],[-5.8493081,43.3014956],[-5.8493163,43.3015036],[-5.8493283,43.3015164],[-5.8493456,43.3015391],[-5.8493618,43.3015616],[-5.8493696,43.3015705],[-5.8493874,43.3015891],[-5.8494043,43.3016076],[-5.8494215,43.3016277],[-5.849444,43.3016568],[-5.8494671,43.3016848],[-5.8494785,43.3016993],[-5.8494879,43.3017119],[-5.8495053,43.3017374],[-5.849528,43.301773],[-5.8495356,43.3017833],[-5.8495437,43.3017923],[-5.8495526,43.3017994],[-5.8495623,43.3018044],[-5.8495737,43.3018072],[-5.849586,43.3018086],[-5.8496008,43.3018097],[-5.8496163,43.301812],[-5.849629,43.3018153],[-5.8496417,43.3018199],[-5.8496546,43.3018254],[-5.8496815,43.3018385],[-5.849695,43.301846],[-5.849705,43.3018522],[-5.8497143,43.3018588],[-5.8497241,43.3018664],[-5.8497326,43.3018743],[-5.8497395,43.3018825],[-5.8497432,43.3018883],[-5.8497471,43.301897],[-5.8497499,43.3019056],[-5.8497546,43.3019234],[-5.8497553,43.3019283],[-5.8497561,43.3019401],[-5.8497571,43.3019453],[-5.8497609,43.3019542],[-5.8497714,43.3019737],[-5.8497794,43.3019912],[-5.8497862,43.3020027],[-5.8497949,43.3020144],[-5.8498142,43.3020373],[-5.8498216,43.302047],[-5.8498324,43.3020633],[-5.8498381,43.3020735],[-5.8498435,43.3020849],[-5.8498475,43.3020947],[-5.8498564,43.3021217],[-5.8498601,43.3021297],[-5.849893,43.3021887],[-5.8498972,43.3021971],[-5.8498994,43.3022027],[-5.8499037,43.3022175],[-5.8499075,43.3022387],[-5.849911,43.3022497],[-5.8499133,43.3022553],[-5.8499186,43.3022666],[-5.8499287,43.3022832],[-5.8499469,43.3023088],[-5.8499554,43.3023201],[-5.8499645,43.3023312],[-5.8499827,43.3023546],[-5.8500126,43.3023888],[-5.8500228,43.3024013],[-5.8500452,43.3024315],[-5.8500527,43.3024445],[-5.8500601,43.3024595],[-5.8500642,43.3024653],[-5.850071,43.3024739],[-5.8500818,43.3024887],[-5.8500934,43.3025032],[-5.8501185,43.3025369],[-5.8501225,43.302543],[-5.8501281,43.3025544],[-5.8501319,43.3025659],[-5.8501349,43.3025771],[-5.8501374,43.3025847],[-5.8501408,43.3025922],[-5.8501472,43.3026033],[-5.8501582,43.3026178],[-5.850164,43.3026245],[-5.8501904,43.3026495],[-5.8502024,43.3026619],[-5.8502281,43.30269],[-5.850267,43.3027345],[-5.8503013,43.302771],[-5.8503149,43.3027863],[-5.8503217,43.3027931],[-5.8503475,43.3028172],[-5.8504016,43.3028659],[-5.8504117,43.302874],[-5.8504221,43.3028809],[-5.8504325,43.3028859],[-5.8504431,43.3028894],[-5.8504533,43.3028916],[-5.85047,43.3028944],[-5.8504766,43.3028959],[-5.850483,43.3028978],[-5.8504893,43.3029003],[-5.8504956,43.3029032],[-5.8505084,43.3029101],[-5.8505214,43.3029181],[-5.8505331,43.3029261],[-5.850556,43.302944],[-5.850589,43.302969],[-5.8506061,43.3029817],[-5.8506177,43.3029898],[-5.8506384,43.3030032],[-5.8506474,43.3030085],[-5.8506565,43.3030133],[-5.8506656,43.3030177],[-5.8507148,43.3030397],[-5.8507482,43.3030537],[-5.8507658,43.3030606],[-5.8507838,43.3030672],[-5.8508017,43.3030731],[-5.8508201,43.3030779],[-5.8508339,43.3030804],[-5.8508479,43.303082],[-5.8508648,43.3030829],[-5.8508819,43.3030829],[-5.8508999,43.3030821],[-5.8509124,43.3030812],[-5.8509601,43.3030764],[-5.8510197,43.3030709],[-5.8510406,43.3030696],[-5.8510771,43.3030685],[-5.8511085,43.303067],[-5.8511718,43.303062],[-5.8511873,43.3030611],[-5.8512027,43.3030606],[-5.8512179,43.3030607],[-5.8512373,43.303062],[-5.8514379,43.3030006],[-5.851438,43.3030004],[-5.8514416,43.3029985],[-5.8514459,43.3029981],[-5.8516737,43.3029652],[-5.8516997,43.3029521],[-5.8517118,43.3029449],[-5.8517219,43.3029369],[-5.851729,43.3029276],[-5.8517328,43.3029176],[-5.8517334,43.3029075],[-5.8517314,43.3028996],[-5.8517275,43.3028922],[-5.8517219,43.3028857],[-5.8517142,43.3028797],[-5.8516846,43.302862],[-5.851668,43.3028497],[-5.8516565,43.3028407],[-5.8516509,43.3028358],[-5.8516454,43.3028306],[-5.8516395,43.3028245],[-5.851634,43.302818],[-5.8516115,43.3027878],[-5.8515974,43.3027677],[-5.8515861,43.3027488],[-5.8515814,43.3027388],[-5.8515645,43.302692],[-5.8515587,43.3026789],[-5.8515517,43.3026667],[-5.8515437,43.3026549],[-5.8515353,43.3026434],[-5.8515264,43.3026319],[-5.8515121,43.3026157],[-5.851503,43.3026048],[-5.8514898,43.3025857],[-5.8514837,43.3025775],[-5.8514703,43.3025616],[-5.851463,43.3025514],[-5.851444,43.302523],[-5.8514385,43.3025141],[-5.8514354,43.3025074],[-5.8514322,43.3024983],[-5.8514322,43.3024907],[-5.8514359,43.3024859],[-5.8514438,43.3024836],[-5.8514441,43.3024836],[-5.8514374,43.3024882],[-5.8514364,43.3024897],[-5.8514376,43.3024912],[-5.8514448,43.3024955],[-5.8514514,43.3025009],[-5.8514526,43.3025014],[-5.8514538,43.3025014],[-5.851455,43.3025011],[-5.851457,43.3024998],[-5.8514577,43.3024981],[-5.8514571,43.3024972],[-5.8514505,43.3024919],[-5.8514489,43.3024903],[-5.851447,43.3024873],[-5.8514465,43.3024849],[-5.8514485,43.3024845],[-5.8514494,43.3024842],[-5.8514541,43.3024847],[-5.8514623,43.3024877],[-5.8514708,43.3024924],[-5.8514753,43.3024953],[-5.8514853,43.3025031],[-5.8514969,43.3025136],[-5.8515082,43.3025251],[-5.851526,43.3025445],[-5.8515595,43.3025782],[-5.8515718,43.30259],[-5.851584,43.3026011],[-5.851596,43.3026107],[-5.8516109,43.3026207],[-5.8516184,43.3026247],[-5.8516253,43.302627],[-5.8516317,43.3026272],[-5.8516366,43.3026253],[-5.8516392,43.3026217],[-5.8516389,43.3026165],[-5.8516364,43.3026102],[-5.8516336,43.3026047],[-5.851612,43.3025673],[-5.8516096,43.3025613],[-5.8516083,43.3025553],[-5.8516082,43.30255],[-5.851609,43.3025448],[-5.8516117,43.3025367],[-5.851616,43.3025286],[-5.8516227,43.3025218],[-5.8516284,43.3025188],[-5.8516516,43.3025115],[-5.8516604,43.3025067],[-5.8516662,43.3025004],[-5.8516681,43.3024934],[-5.8516678,43.3024884],[-5.8516662,43.3024836],[-5.8516631,43.3024787],[-5.8516548,43.3024701],[-5.8516493,43.3024657],[-5.8516448,43.3024632],[-5.8516266,43.3024557],[-5.8516226,43.3024535],[-5.8516163,43.3024476],[-5.8516141,43.302443],[-5.8516132,43.3024369],[-5.8516135,43.3024299],[-5.8516156,43.302416],[-5.8516172,43.3024093],[-5.8516203,43.3023999],[-5.8516288,43.3023774],[-5.8516354,43.3023619],[-5.8516396,43.3023535],[-5.8516446,43.3023458],[-5.8516518,43.3023387],[-5.8516605,43.3023334],[-5.8516709,43.3023301],[-5.8516819,43.3023292],[-5.8516943,43.3023307],[-5.8517471,43.302343],[-5.8517615,43.3023478],[-5.8517762,43.3023537],[-5.8517936,43.3023616],[-5.8518026,43.3023664],[-5.8518446,43.3023905],[-5.8518803,43.3024119],[-5.8518924,43.3024194],[-5.851904,43.3024271],[-5.8519333,43.3024479],[-5.8519452,43.3024548],[-5.8519578,43.3024614],[-5.851982,43.302473],[-5.8520322,43.3024978],[-5.8520492,43.3025057],[-5.8520842,43.3025206],[-5.8521558,43.3025492],[-5.8521808,43.3025596],[-5.8522003,43.3025686],[-5.8522571,43.3025969],[-5.8522734,43.3026043],[-5.8523367,43.302631],[-5.8523535,43.3026392],[-5.8523617,43.3026439],[-5.8523804,43.3026559],[-5.8523917,43.3026627],[-5.8524073,43.3026701],[-5.8524242,43.3026768],[-5.8524766,43.3026953],[-5.8524995,43.3027041],[-5.8525121,43.3027084],[-5.8525556,43.3027216],[-5.8525737,43.3027282],[-5.852591,43.3027356],[-5.8526072,43.3027438],[-5.8526219,43.3027527],[-5.8526293,43.3027581],[-5.8526463,43.3027718],[-5.8526553,43.30278],[-5.8526689,43.3027946],[-5.8526789,43.302804],[-5.8526902,43.3028132],[-5.8527024,43.3028219],[-5.8527146,43.3028291],[-5.852729,43.3028346],[-5.8527453,43.3028374],[-5.8527612,43.302837],[-5.8527764,43.3028342],[-5.8527914,43.3028297],[-5.8528031,43.3028253],[-5.8528258,43.3028155],[-5.8528529,43.3028029],[-5.8528617,43.3027998],[-5.8528662,43.3027998],[-5.8528668,43.3028006],[-5.8528652,43.3028012],[-5.8528663,43.3028017],[-5.8528762,43.3028023],[-5.8529792,43.302805],[-5.8530145,43.3028055],[-5.8530318,43.3028065],[-5.8530497,43.3028084],[-5.8530684,43.302811],[-5.8530873,43.302814],[-5.8531063,43.3028175],[-5.8531217,43.3028208],[-5.8531367,43.3028247],[-5.8531514,43.3028297],[-5.8531674,43.3028363],[-5.8531822,43.3028435],[-5.8531929,43.3028496],[-5.8532187,43.3028657],[-5.8532528,43.3028846],[-5.8532881,43.3029031],[-5.8533011,43.3029105],[-5.8533138,43.3029183],[-5.8533593,43.3029498],[-5.8533696,43.3029575],[-5.8533997,43.3029815],[-5.853442,43.3030107],[-5.8534551,43.3030202],[-5.8534676,43.3030299],[-5.8534793,43.3030397],[-5.8534899,43.3030497],[-5.8535072,43.3030682],[-5.8535161,43.3030764],[-5.8535258,43.3030834],[-5.8535365,43.3030892],[-5.8535478,43.3030936],[-5.8535575,43.3030962],[-5.8536088,43.3031065],[-5.8536193,43.3031082],[-5.8536604,43.3031123],[-5.853679,43.3031148],[-5.853698,43.3031179],[-5.8537491,43.3031285],[-5.8537674,43.3031318],[-5.8537852,43.3031342],[-5.8538022,43.3031359],[-5.8538251,43.3031373],[-5.8539123,43.3031473],[-5.8539451,43.3031503],[-5.8539641,43.3031529],[-5.8539828,43.3031567],[-5.8539931,43.3031594],[-5.8540083,43.3031647],[-5.854023,43.3031708],[-5.8540653,43.30319],[-5.8540836,43.3031992],[-5.8541204,43.3032196],[-5.8541316,43.3032263],[-5.8541415,43.3032337],[-5.85415,43.3032426],[-5.8541557,43.3032522],[-5.8541586,43.3032614],[-5.8541628,43.3032861],[-5.8541709,43.3033112],[-5.8541731,43.3033206],[-5.8541742,43.3033316],[-5.8541741,43.3033379],[-5.8541734,43.3033438],[-5.8541716,43.3033479],[-5.8541688,43.3033497],[-5.8541654,43.3033497],[-5.8541616,43.303348],[-5.8541505,43.3033392],[-5.8541467,43.3033372],[-5.8541427,43.303336],[-5.8541392,43.3033361],[-5.854136,43.3033381],[-5.8541333,43.3033413],[-5.8541276,43.3033499],[-5.8541241,43.3033536],[-5.8541194,43.3033565],[-5.8541155,43.3033576],[-5.8541106,43.3033581],[-5.8540874,43.3033578],[-5.854079,43.3033585],[-5.8540508,43.303362],[-5.8540415,43.3033644],[-5.8540327,43.3033694],[-5.8540263,43.3033761],[-5.854023,43.3033826],[-5.85402,43.3033933],[-5.8540193,43.3033996],[-5.8540203,43.3034036],[-5.8540229,43.3034069],[-5.8540271,43.3034097],[-5.8540348,43.3034131],[-5.854064,43.3034228],[-5.8540749,43.3034268],[-5.8540847,43.3034317],[-5.8540925,43.3034372],[-5.8541104,43.3034511],[-5.854115,43.3034542],[-5.8541194,43.3034565],[-5.8541261,43.3034584],[-5.8541385,43.3034597],[-5.8541443,43.3034609],[-5.8541506,43.3034628],[-5.8541587,43.3034657],[-5.8541692,43.3034702],[-5.8541808,43.3034744],[-5.8541851,43.3034763],[-5.8541897,43.3034796],[-5.8541918,43.3034846],[-5.8541901,43.3034916],[-5.8541852,43.3035],[-5.8541781,43.3035094],[-5.8541527,43.3035397],[-5.8541455,43.3035494],[-5.8541407,43.3035572],[-5.8541382,43.3035629],[-5.8541371,43.3035678],[-5.8541373,43.3035723],[-5.8541385,43.3035775],[-5.8541418,43.3035869],[-5.8541482,43.3035979],[-5.8541565,43.3036142],[-5.8541607,43.3036199],[-5.8541704,43.3036313],[-5.854177,43.3036386],[-5.8541931,43.3036552],[-5.8542007,43.3036642],[-5.8542076,43.3036742],[-5.8542204,43.3036954],[-5.8542295,43.3037085],[-5.8542397,43.3037212],[-5.8542506,43.3037334],[-5.8542553,43.3037381],[-5.8542619,43.3037441],[-5.8542692,43.3037498],[-5.8542841,43.3037586],[-5.8543011,43.3037662],[-5.8543196,43.3037729],[-5.8543391,43.303779],[-5.8543802,43.3037903],[-5.8544607,43.3038106],[-5.8545281,43.3038265],[-5.8545779,43.3038394],[-5.8545965,43.303845],[-5.8546411,43.3038598],[-5.8546566,43.3038646],[-5.8546865,43.3038733],[-5.8547434,43.3038911],[-5.8547628,43.3038969],[-5.8548602,43.3039238],[-5.8549231,43.3039396],[-5.8549796,43.303955],[-5.8549924,43.3039581],[-5.8550042,43.3039606],[-5.8550123,43.303962],[-5.8550196,43.3039628],[-5.8550264,43.3039628],[-5.8550314,43.3039617],[-5.8550346,43.3039584],[-5.8550342,43.3039536],[-5.8550305,43.303948],[-5.8550273,43.3039447],[-5.8550233,43.3039416],[-5.8550172,43.3039374],[-5.8549994,43.3039275],[-5.8549787,43.3039143],[-5.8549675,43.3039062],[-5.8549627,43.3039017],[-5.8549565,43.3038946],[-5.8549517,43.3038872],[-5.854949,43.3038796],[-5.8549484,43.3038723],[-5.8549499,43.3038653],[-5.8549538,43.3038596],[-5.854958,43.3038564],[-5.8549628,43.3038536],[-5.8549685,43.3038513],[-5.854974,43.30385],[-5.8549803,43.3038492],[-5.8549923,43.3038494],[-5.8550059,43.3038513],[-5.8550184,43.3038541],[-5.8550286,43.3038569],[-5.8550444,43.303862],[-5.8550608,43.3038678],[-5.8552116,43.3039236],[-5.855276,43.3039484],[-5.8552965,43.3039568],[-5.8553162,43.3039654],[-5.8553348,43.3039743],[-5.8553519,43.3039834],[-5.8553633,43.3039903],[-5.855385,43.3040048],[-5.8554108,43.3040257],[-5.8554215,43.3040335],[-5.8554332,43.3040409],[-5.8554459,43.3040479],[-5.8554618,43.3040552],[-5.8554786,43.304062],[-5.8555139,43.3040744],[-5.8555744,43.3040949],[-5.8555955,43.3041016],[-5.8556585,43.3041195],[-5.8556785,43.3041246],[-5.8557008,43.304129],[-5.8557131,43.304131],[-5.8557477,43.3041353],[-5.8558366,43.3041475],[-5.8558543,43.3041503],[-5.8558716,43.3041534],[-5.8558885,43.304157],[-5.8559322,43.3041676],[-5.8559642,43.3041759],[-5.8559932,43.304184],[-5.8560068,43.3041883],[-5.8560238,43.3041956],[-5.8560371,43.3042026],[-5.8560636,43.3042176],[-5.8560778,43.3042247],[-5.8561288,43.3042481],[-5.8561486,43.3042561],[-5.8561811,43.3042688],[-5.8562145,43.3042809],[-5.8562523,43.3042943],[-5.8562881,43.304306],[-5.8563336,43.3043199],[-5.85635,43.3043244],[-5.856366,43.3043277],[-5.8563821,43.3043302],[-5.8563981,43.3043321],[-5.8564391,43.304336],[-5.8564516,43.3043381],[-5.8564629,43.3043413],[-5.8564733,43.3043455],[-5.856484,43.3043516],[-5.8564939,43.3043602],[-5.8565015,43.3043701],[-5.8565071,43.3043806],[-5.8565109,43.3043909],[-5.856513,43.3044003],[-5.8565144,43.304413],[-5.8565166,43.3044188],[-5.8565231,43.3044265],[-5.8565331,43.3044345],[-5.8565454,43.3044425],[-5.8565899,43.3044688],[-5.8565983,43.304474],[-5.8566054,43.3044792],[-5.856613,43.3044864],[-5.8566178,43.3044914],[-5.8566233,43.3044963],[-5.8566325,43.3045024],[-5.8566443,43.3045085],[-5.8566803,43.3045239],[-5.8566926,43.3045298],[-5.8567044,43.3045365],[-5.8567153,43.3045439],[-5.8567249,43.3045519],[-5.8567329,43.3045603],[-5.8567375,43.3045665],[-5.8567468,43.3045814],[-5.8567602,43.3046009],[-5.856773,43.3046216],[-5.8567993,43.3046681],[-5.8568036,43.3046735],[-5.856809,43.3046785],[-5.8568155,43.3046832],[-5.8568215,43.304687],[-5.8568427,43.3046991],[-5.8568698,43.3047128],[-5.8568836,43.3047187],[-5.8568974,43.3047237],[-5.8569044,43.3047256],[-5.8569116,43.304727],[-5.8569226,43.304728],[-5.8569337,43.3047276],[-5.8569433,43.3047262],[-5.8569522,43.3047239],[-5.8569767,43.3047145],[-5.8569855,43.304713],[-5.8569943,43.3047142],[-5.857013,43.3047204],[-5.8570219,43.3047222],[-5.8570418,43.3047253],[-5.8570519,43.3047275],[-5.8570625,43.3047311],[-5.8570722,43.3047352],[-5.8570848,43.3047411],[-5.8570942,43.3047448],[-5.8571039,43.3047478],[-5.8571214,43.3047522],[-5.8571279,43.3047543],[-5.8571375,43.3047584],[-5.8571474,43.3047633],[-5.8571556,43.3047679],[-5.8571636,43.3047729],[-5.8571762,43.3047824],[-5.8571852,43.3047907],[-5.8571936,43.3047996],[-5.8572087,43.3048175],[-5.8572164,43.3048259],[-5.8572272,43.3048353],[-5.8572397,43.3048442],[-5.8572534,43.3048528],[-5.8572652,43.3048594],[-5.8572775,43.3048657],[-5.8572879,43.3048706],[-5.8573292,43.3048886],[-5.8578489,43.3050751],[-5.8579269,43.3051024],[-5.8579366,43.3051051],[-5.8579416,43.3051057],[-5.8579432,43.3051049],[-5.8579469,43.3051056],[-5.8579548,43.3051084],[-5.8580104,43.3051287],[-5.858125,43.3051696],[-5.8582291,43.3052048],[-5.85831,43.3052331],[-5.8583959,43.3052624],[-5.8584395,43.3052768],[-5.8584611,43.3052834],[-5.8584827,43.3052896],[-5.858541,43.3053052],[-5.8585563,43.3053097],[-5.8586126,43.3053288],[-5.8586867,43.3053557],[-5.8586992,43.3053598],[-5.8587194,43.3053659],[-5.8587403,43.3053716],[-5.8587834,43.3053821],[-5.8588274,43.3053919],[-5.8589201,43.305412],[-5.8589822,43.3054245],[-5.8590364,43.3054348],[-5.8590843,43.3054433],[-5.8591037,43.3054474],[-5.8591414,43.3054569],[-5.8591732,43.3054657],[-5.8591861,43.3054695],[-5.8592002,43.3054742],[-5.8592189,43.305481],[-5.8592639,43.3054977],[-5.8593047,43.3055133],[-5.8593616,43.3055336],[-5.8595771,43.3056067],[-5.8597112,43.3056524],[-5.8597263,43.3056571],[-5.8597528,43.3056648],[-5.8598498,43.3056915],[-5.8598896,43.305702],[-5.8599041,43.3057061],[-5.8599442,43.3057185],[-5.8599844,43.3057292],[-5.8599993,43.3057335],[-5.8600287,43.305743],[-5.8600758,43.3057591],[-5.8601124,43.3057726],[-5.8601364,43.3057811],[-5.8601542,43.3057869],[-5.8602042,43.3058013],[-5.8602369,43.3058117],[-5.8602619,43.3058204],[-5.860286,43.3058297],[-5.8603497,43.3058568],[-5.8604124,43.3058826],[-5.8604414,43.3058938],[-5.860451,43.3058973],[-5.8604654,43.305902],[-5.8604893,43.3059092],[-5.8605259,43.3059213],[-5.8605393,43.3059252],[-5.8605837,43.305937],[-5.8606005,43.3059418],[-5.8606407,43.3059556],[-5.8606577,43.3059609],[-5.8606751,43.3059661],[-5.8607262,43.3059802],[-5.8607442,43.3059855],[-5.8607839,43.3059979],[-5.860884,43.3060278],[-5.8609012,43.3060323],[-5.8609181,43.3060364],[-5.8609346,43.30604],[-5.8609617,43.3060452],[-5.8609848,43.3060506],[-5.860998,43.3060542],[-5.8610232,43.3060625],[-5.8610397,43.3060685],[-5.861056,43.3060748],[-5.8610731,43.3060808],[-5.8610822,43.3060836],[-5.8611334,43.3060975],[-5.8611891,43.3061137],[-5.8612751,43.3061399],[-5.8613464,43.3061621],[-5.8614112,43.3061817],[-5.8614663,43.3062001],[-5.8615115,43.3062137],[-5.8615761,43.3062312],[-5.8616364,43.306246],[-5.8616707,43.3062537],[-5.861705,43.3062607],[-5.861778,43.3062748],[-5.8617962,43.3062781],[-5.8618523,43.3062869],[-5.8618714,43.3062902],[-5.8618938,43.3062948],[-5.8619162,43.3063],[-5.8619385,43.3063057],[-5.8619829,43.3063178],[-5.8620415,43.3063344],[-5.8620564,43.3063382],[-5.8620794,43.3063434],[-5.8621255,43.3063527],[-5.8621459,43.3063574],[-5.8621661,43.3063624],[-5.862206,43.3063733],[-5.8622447,43.3063849],[-5.8622813,43.3063968],[-5.8622967,43.3064021],[-5.8623497,43.3064215],[-5.8623759,43.3064297],[-5.8624111,43.3064396],[-5.8624463,43.3064489],[-5.8625173,43.3064658],[-5.8625295,43.3064685],[-5.8625843,43.3064792],[-5.8626233,43.306488],[-5.8626432,43.3064929],[-5.8626836,43.3065037],[-5.8627043,43.3065098],[-5.8627873,43.3065352],[-5.8628082,43.3065412],[-5.8628294,43.3065467],[-5.8628502,43.3065516],[-5.8628712,43.3065561],[-5.8629558,43.3065725],[-5.8629768,43.3065768],[-5.8629976,43.3065815],[-5.8630181,43.3065867],[-5.8630397,43.3065929],[-5.863061,43.3065998],[-5.8631441,43.3066286],[-5.8631756,43.3066387],[-5.8631911,43.3066433],[-5.8632115,43.3066489],[-5.8632318,43.3066536],[-5.8632419,43.3066557],[-5.8632743,43.3066614],[-5.8633031,43.3066671],[-5.863322,43.3066713],[-5.86335,43.3066782],[-5.8633777,43.3066863],[-5.863409,43.3066966],[-5.8634422,43.3067083],[-5.8634613,43.3067145],[-5.8635015,43.3067265],[-5.8635221,43.306732],[-5.86355,43.3067386],[-5.863571,43.3067425],[-5.8636012,43.306747],[-5.8636381,43.3067517],[-5.8636556,43.3067546],[-5.863665,43.3067566],[-5.8636917,43.3067641],[-5.8637498,43.3067826],[-5.8637755,43.3067901],[-5.8637952,43.3067952],[-5.863837,43.3068054],[-5.8638639,43.3068109],[-5.8639188,43.3068209],[-5.8639325,43.3068238],[-5.8639625,43.306831],[-5.8640612,43.3068562],[-5.8641108,43.30687],[-5.8641769,43.3068876],[-5.8642531,43.3069085],[-5.8642881,43.306917],[-5.8643458,43.3069295],[-5.8643826,43.3069364],[-5.8644103,43.3069408],[-5.8644304,43.3069435],[-5.8644636,43.3069469],[-5.8644813,43.3069492],[-5.8644905,43.3069508],[-5.8645087,43.3069543],[-5.8645217,43.3069573],[-5.8645498,43.306965],[-5.8645649,43.3069686],[-5.8645908,43.3069738],[-5.8646472,43.3069858],[-5.8647091,43.3069972],[-5.8647377,43.3070016],[-5.8647693,43.3070057],[-5.8648159,43.3070122],[-5.8648375,43.3070147],[-5.864934,43.3070226],[-5.8650229,43.3070279],[-5.8651556,43.307035],[-5.8652006,43.3070379],[-5.8652455,43.3070413],[-5.8652903,43.3070452],[-5.8653997,43.307056],[-5.8654427,43.3070599],[-5.8654643,43.3070614],[-5.8655308,43.3070647],[-5.8655761,43.3070673],[-5.8655986,43.307069],[-5.8656615,43.3070745],[-5.8656819,43.3070761],[-5.8657018,43.307077],[-5.865721,43.3070771],[-5.8657394,43.307076],[-5.8657539,43.3070738],[-5.8657675,43.3070707],[-5.8657814,43.3070662],[-5.8657896,43.3070626],[-5.8658001,43.3070562],[-5.8658058,43.3070511],[-5.8658148,43.3070406],[-5.8658337,43.3070141],[-5.8657669,43.3069293],[-5.8657636,43.3069258],[-5.8657573,43.3069184],[-5.8657357,43.3068897],[-5.8657308,43.3068839],[-5.8657254,43.3068785],[-5.8657197,43.3068733],[-5.8657136,43.3068685],[-5.8657005,43.3068596],[-5.8656854,43.3068523],[-5.865669,43.3068461],[-5.8656518,43.3068404],[-5.8656306,43.3068344],[-5.8656208,43.3068322],[-5.8656128,43.3068311],[-5.8656041,43.3068304],[-5.8655871,43.3068305],[-5.8655786,43.3068302],[-5.8655657,43.3068282],[-5.8654996,43.3068144],[-5.8654879,43.3068124],[-5.8654774,43.3068111],[-5.8654583,43.3068095],[-5.8654488,43.3068083],[-5.8654401,43.3068062],[-5.8654316,43.306803],[-5.8654167,43.306796],[-5.8654048,43.3067908],[-5.8653927,43.3067864],[-5.8653769,43.3067816],[-5.8653645,43.3067788],[-5.8653561,43.3067782],[-5.8653522,43.3067784],[-5.865341,43.30678],[-5.8653314,43.3067807],[-5.8653179,43.3067802],[-5.8652657,43.3067759],[-5.8652259,43.3067722],[-5.8652055,43.3067698],[-5.8651851,43.306767],[-5.8651471,43.3067607],[-5.8651285,43.3067581],[-5.8651122,43.3067565],[-5.8650968,43.3067555],[-5.8650774,43.3067552],[-5.8650394,43.3067565],[-5.8650076,43.3067546],[-5.8649982,43.3067546],[-5.864991,43.3067557],[-5.8649852,43.3067576],[-5.864981,43.3067601],[-5.8649715,43.306767],[-5.8649642,43.3067706],[-5.8649567,43.306773],[-5.8649405,43.3067773],[-5.8649225,43.3067838],[-5.8649156,43.3067853],[-5.8649083,43.3067862],[-5.8649021,43.3067864],[-5.8648906,43.3067855],[-5.8648837,43.3067839],[-5.8648699,43.3067798],[-5.8648632,43.3067782],[-5.8648559,43.3067771],[-5.8648475,43.3067767],[-5.8648194,43.3067766],[-5.8648045,43.3067757],[-5.8647888,43.3067742],[-5.8647133,43.3067644],[-5.8646361,43.3067526],[-5.8646174,43.3067506],[-5.8645644,43.306746],[-5.8644224,43.3067359],[-5.8643587,43.3067291],[-5.8643346,43.3067268],[-5.8641761,43.3067127],[-5.8640893,43.3067071],[-5.86406,43.3067062],[-5.864047,43.3067054],[-5.8640014,43.3067008],[-5.863947,43.3066944],[-5.863927,43.3066916],[-5.863862,43.3066835],[-5.8638165,43.3066772],[-5.863769,43.3066714],[-5.8637069,43.3066628],[-5.8636756,43.3066589],[-5.8636426,43.3066542],[-5.8636279,43.3066526],[-5.8636065,43.3066514],[-5.8635951,43.3066498],[-5.8635765,43.3066456],[-5.8635597,43.3066422],[-5.8635415,43.3066377],[-5.8635083,43.3066319],[-5.8634963,43.3066292],[-5.8634487,43.3066153],[-5.863428,43.3066095],[-5.8633959,43.3066021],[-5.8633735,43.3065964],[-5.8633491,43.3065892],[-5.8633006,43.3065763],[-5.8632618,43.3065655],[-5.8632435,43.3065608],[-5.8631949,43.3065491],[-5.863138,43.306535],[-5.8631274,43.3065322],[-5.8631179,43.3065292],[-5.8630798,43.3065156],[-5.8630715,43.3065119],[-5.863066,43.3065083],[-5.8630643,43.3065059],[-5.8630651,43.306504],[-5.8630706,43.3065025],[-5.8630923,43.3065015],[-5.8631057,43.3065004],[-5.8631195,43.3064986],[-5.8631463,43.3064944],[-5.8631526,43.306493],[-5.8631576,43.306491],[-5.8631614,43.3064886],[-5.8631665,43.3064837],[-5.8631682,43.3064809],[-5.8631711,43.3064745],[-5.8631739,43.3064701],[-5.8631787,43.3064661],[-5.8631855,43.306463],[-5.8631911,43.3064613],[-5.863211,43.3064563],[-5.8632195,43.3064537],[-5.8632274,43.3064505],[-5.8632342,43.3064465],[-5.8632396,43.3064417],[-5.8632429,43.3064375],[-5.8632478,43.3064295],[-5.8632535,43.3064213],[-5.8632618,43.3064134],[-5.8632727,43.3064064],[-5.8632801,43.3064029],[-5.8632884,43.3064001],[-5.8632966,43.3063984],[-5.8633054,43.3063976],[-5.8633182,43.3063976],[-5.8633343,43.3063989],[-5.8633524,43.3064011],[-5.8633714,43.3064044],[-5.8633908,43.3064085],[-5.8634223,43.3064163],[-5.8634577,43.3064265],[-5.8634772,43.3064326],[-5.8635203,43.3064473],[-5.8635635,43.3064612],[-5.8635777,43.3064665],[-5.8635858,43.30647],[-5.8635957,43.3064751],[-5.8636036,43.3064801],[-5.8636093,43.3064845],[-5.8636122,43.3064882],[-5.8636113,43.306491],[-5.8636064,43.3064922],[-5.8635982,43.3064923],[-5.8635867,43.3064914],[-5.8635731,43.3064898],[-5.8635211,43.3064819],[-5.8635039,43.3064799],[-5.8634975,43.3064796],[-5.8634841,43.3064801],[-5.8634785,43.3064812],[-5.8634745,43.306483],[-5.8634723,43.3064854],[-5.8634719,43.3064883],[-5.8634741,43.3064925],[-5.8634813,43.3064977],[-5.8634924,43.3065028],[-5.8635064,43.3065078],[-5.8635268,43.3065139],[-5.8635618,43.3065228],[-5.8635939,43.3065304],[-5.8636152,43.3065348],[-5.8636808,43.3065473],[-5.863725,43.3065554],[-5.8637472,43.3065591],[-5.8637675,43.3065623],[-5.8638082,43.3065678],[-5.8638696,43.3065752],[-5.8639109,43.3065796],[-5.8639905,43.3065873],[-5.8640344,43.3065922],[-5.8640821,43.3065985],[-5.8641741,43.3066121],[-5.8641923,43.3066141],[-5.8642537,43.3066198],[-5.8642961,43.3066243],[-5.8644485,43.3066436],[-5.8645329,43.3066549],[-5.8645793,43.3066607],[-5.8646258,43.3066659],[-5.8646721,43.3066706],[-5.8647177,43.3066743],[-5.86474,43.3066756],[-5.8648228,43.3066791],[-5.8648389,43.3066789],[-5.8648537,43.3066774],[-5.8648666,43.3066741],[-5.8648758,43.3066698],[-5.8648836,43.3066643],[-5.8648903,43.3066582],[-5.8649044,43.3066432],[-5.8649109,43.3066381],[-5.864918,43.3066337],[-5.8649251,43.3066301],[-5.8649328,43.3066278],[-5.8649407,43.306627],[-5.8649496,43.3066275],[-5.8649591,43.3066293],[-5.864972,43.3066327],[-5.8649852,43.3066372],[-5.8649981,43.3066427],[-5.8650087,43.3066479],[-5.8650186,43.3066534],[-5.8650361,43.3066641],[-5.8650431,43.3066681],[-5.865049,43.3066705],[-5.8650533,43.3066708],[-5.8650556,43.3066681],[-5.8650553,43.3066638],[-5.8650534,43.3066581],[-5.8650495,43.3066498],[-5.8650442,43.3066404],[-5.8650375,43.3066302],[-5.8650296,43.3066197],[-5.8650205,43.3066091],[-5.8650115,43.3066001],[-5.8650018,43.3065912],[-5.8649696,43.3065634],[-5.8649566,43.3065507],[-5.8649473,43.3065398],[-5.8649407,43.3065314],[-5.864935,43.3065227],[-5.8649302,43.3065117],[-5.8649271,43.3065],[-5.8649254,43.306488],[-5.8649249,43.3064756],[-5.8649261,43.3064524],[-5.8649254,43.3064227],[-5.8649258,43.3064144],[-5.8649278,43.3063981],[-5.864929,43.3063925],[-5.8649315,43.306385],[-5.8649346,43.3063777],[-5.8649401,43.306369],[-5.8649479,43.3063609],[-5.8649575,43.3063542],[-5.8649687,43.3063484],[-5.8649811,43.3063432],[-5.8650111,43.3063325],[-5.8650218,43.3063282],[-5.8650316,43.3063231],[-5.8650402,43.3063172],[-5.8650477,43.3063104],[-5.8650533,43.3063044],[-5.8650834,43.3062691],[-5.8651043,43.3062469],[-5.8651136,43.3062377],[-5.8651234,43.3062291],[-5.8651338,43.3062209],[-5.8651659,43.3061975],[-5.8651803,43.3061875],[-5.8651982,43.3061755],[-5.865205,43.3061705],[-5.8652111,43.3061652],[-5.8652184,43.3061572],[-5.8652249,43.3061486],[-5.8652302,43.3061408],[-5.8652352,43.3061328],[-5.8652457,43.3061136],[-5.8652493,43.3061063],[-5.8652531,43.3060961],[-5.8652552,43.3060888],[-5.8652564,43.3060813],[-5.8652558,43.3060692],[-5.8652531,43.3060566],[-5.8652459,43.3060329],[-5.865242,43.3060228],[-5.8652374,43.3060127],[-5.8652245,43.3059874],[-5.8652182,43.3059722],[-5.8652131,43.3059566],[-5.865209,43.3059405],[-5.8652044,43.3059153],[-5.8652013,43.3058888],[-5.8651975,43.3058432],[-5.8651937,43.3057877],[-5.8651912,43.3057655],[-5.8651884,43.3057481],[-5.8651844,43.3057309],[-5.8651807,43.3057188],[-5.8651759,43.305707],[-5.8651685,43.3056935],[-5.8651596,43.3056807],[-5.8651489,43.3056681],[-5.8651367,43.3056564],[-5.8651214,43.3056443],[-5.8650885,43.3056218],[-5.8650726,43.3056106],[-5.8650642,43.3056039],[-5.8650564,43.3055969],[-5.8650491,43.3055892],[-5.8650426,43.305581],[-5.8650331,43.3055674],[-5.8650247,43.3055533],[-5.8650218,43.305548],[-5.8650148,43.3055331],[-5.8650117,43.3055256],[-5.8650082,43.3055149],[-5.8647011,43.3052706],[-5.8646933,43.3052671],[-5.8646896,43.3052628],[-5.864687,43.3052573],[-5.8646815,43.3052388],[-5.864678,43.3052309],[-5.8646713,43.3052195],[-5.8646632,43.3052081],[-5.8646539,43.3051963],[-5.8646402,43.3051805],[-5.8646308,43.3051709],[-5.864614,43.3051549],[-5.8645947,43.3051372],[-5.8645669,43.3051097],[-5.8645494,43.3050937],[-5.8645418,43.3050875],[-5.8645261,43.305076],[-5.8645183,43.3050708],[-5.8644963,43.3050576],[-5.8644865,43.3050513],[-5.8644653,43.3050344],[-5.8644594,43.3050301],[-5.8644465,43.3050228],[-5.8644034,43.305002],[-5.8643891,43.3049946],[-5.8643753,43.3049867],[-5.8643657,43.3049807],[-5.8643436,43.3049659],[-5.8643317,43.3049572],[-5.8643127,43.3049428],[-5.8642937,43.3049277],[-5.8642877,43.3049233],[-5.8642817,43.3049194],[-5.8642728,43.3049149],[-5.8642636,43.3049118],[-5.864255,43.3049101],[-5.8642315,43.3049072],[-5.8642095,43.3049036],[-5.8642008,43.304903],[-5.8641921,43.3049033],[-5.8641841,43.3049048],[-5.8641757,43.3049084],[-5.8641604,43.3049171],[-5.8641529,43.3049209],[-5.8641453,43.3049242],[-5.8641392,43.3049262],[-5.8641333,43.3049273],[-5.8641259,43.3049267],[-5.8641208,43.304925],[-5.8641163,43.3049226],[-5.8641124,43.3049195],[-5.8641037,43.3049106],[-5.8640969,43.3049048],[-5.8640892,43.3048999],[-5.8640729,43.3048906],[-5.8640183,43.3048495],[-5.8639981,43.3048351],[-5.8639925,43.3048304],[-5.8639864,43.3048235],[-5.8639837,43.3048178],[-5.8639822,43.3048115],[-5.8639786,43.304782],[-5.8639782,43.3047708],[-5.8639784,43.3047585],[-5.8639803,43.304732],[-5.8639836,43.3047057],[-5.8639859,43.3046928],[-5.8639906,43.304673],[-5.8639971,43.3046389],[-5.8640032,43.304613],[-5.863933,43.3046171],[-5.8639319,43.3046175],[-5.863924,43.3046185],[-5.8639251,43.3046176],[-5.8639256,43.3046164],[-5.863925,43.3046158],[-5.8639229,43.3046152],[-5.8639119,43.3046133],[-5.8639139,43.3046179],[-5.8639136,43.3046179],[-5.8639098,43.3046167],[-5.8639044,43.3046139],[-5.8638998,43.30461],[-5.8638954,43.3046037],[-5.8637823,43.3046245],[-5.8637662,43.3046306],[-5.8637544,43.3046341],[-5.8636971,43.3046487],[-5.8636847,43.3046524],[-5.8636361,43.3046683],[-5.8636003,43.3046812],[-5.8635786,43.3046874],[-5.8635574,43.3046927],[-5.8635412,43.3046953],[-5.8635249,43.3046962],[-5.8635089,43.3046952],[-5.863494,43.3046917],[-5.8634821,43.3046866],[-5.863471,43.3046797],[-5.86346,43.3046718],[-5.863421,43.3046419],[-5.8633644,43.3046011],[-5.8633243,43.3045708],[-5.8633173,43.3045664],[-5.8632879,43.304551],[-5.8632775,43.3045452],[-5.8632677,43.3045405],[-5.863247,43.3045337],[-5.8632386,43.3045305],[-5.8632212,43.3045231],[-5.863211,43.3045194],[-5.8631999,43.3045159],[-5.8631882,43.3045127],[-5.8631703,43.3045084],[-5.8631544,43.3045059],[-5.8631388,43.3045047],[-5.863124,43.304505],[-5.863113,43.3045064],[-5.8631023,43.3045084],[-5.8630908,43.3045107],[-5.8630793,43.3045134],[-5.8630682,43.3045171],[-5.8630565,43.304523],[-5.8630465,43.3045307],[-5.8630389,43.3045396],[-5.8630324,43.3045504],[-5.8630272,43.3045617],[-5.8630153,43.3045923],[-5.8630116,43.304599],[-5.8630075,43.3046023],[-5.8630047,43.3046024],[-5.8630017,43.3046011],[-5.8629972,43.3045973],[-5.8629829,43.3045792],[-5.8629776,43.3045732],[-5.8629681,43.3045645],[-5.862964,43.3045596],[-5.8629607,43.3045529],[-5.8629586,43.3045451],[-5.8629579,43.3045398],[-5.8629577,43.3045343],[-5.862958,43.3045289],[-5.8629589,43.3045235],[-5.8629613,43.3045161],[-5.8629653,43.3045097],[-5.862969,43.3045061],[-5.8629734,43.3045031],[-5.8629768,43.3045013],[-5.8629832,43.3044986],[-5.8629906,43.3044962],[-5.8629994,43.3044937],[-5.8630119,43.3044908],[-5.863026,43.304488],[-5.8630574,43.3044827],[-5.8630741,43.3044803],[-5.8631031,43.3044768],[-5.8631784,43.3044691],[-5.8631991,43.3044674],[-5.8632142,43.3044668],[-5.8632292,43.3044668],[-5.8632783,43.304468],[-5.863293,43.3044681],[-5.8633031,43.3044677],[-5.8633091,43.3044669],[-5.863314,43.3044654],[-5.8633194,43.3044615],[-5.8633223,43.3044564],[-5.8633233,43.3044522],[-5.8633231,43.3044478],[-5.8633206,43.3044387],[-5.8633144,43.304422],[-5.8633113,43.3044156],[-5.8632891,43.3043749],[-5.8632854,43.3043697],[-5.8632762,43.3043586],[-5.8632722,43.304353],[-5.863269,43.3043466],[-5.8632677,43.3043397],[-5.8632672,43.3043329],[-5.8632646,43.3043166],[-5.8632629,43.3043109],[-5.8632601,43.304307],[-5.863256,43.3043041],[-5.8632518,43.3043027],[-5.8632435,43.3043021],[-5.8632377,43.3043029],[-5.8632235,43.3043058],[-5.8632162,43.3043066],[-5.8632078,43.3043061],[-5.8632042,43.3043052],[-5.8632054,43.3043043],[-5.8632075,43.3043024],[-5.8632081,43.3043012],[-5.8632074,43.3043006],[-5.8632054,43.3043],[-5.8631944,43.3042981],[-5.8631964,43.3043029],[-5.8631873,43.3042991],[-5.8631768,43.304293],[-5.8631675,43.3042858],[-5.8631621,43.3042804],[-5.8631574,43.3042749],[-5.8631473,43.3042615],[-5.8631342,43.3042456],[-5.863132,43.3042418],[-5.8631278,43.3042301],[-5.8631261,43.3042223],[-5.8631244,43.3042108],[-5.8631213,43.3041968],[-5.8631205,43.3041808],[-5.8631191,43.3041747],[-5.8631147,43.3041626],[-5.8631091,43.3041441],[-5.8631083,43.3041405],[-5.8631061,43.3041223],[-5.8631046,43.3041175],[-5.863102,43.3041125],[-5.8630978,43.3041065],[-5.8630923,43.304101],[-5.8630854,43.3040966],[-5.8630761,43.3040935],[-5.8630687,43.3040923],[-5.8630498,43.3040905],[-5.863035,43.3040902],[-5.8630259,43.3040905],[-5.8630166,43.3040914],[-5.8630085,43.3040935],[-5.8630026,43.3040964],[-5.8629977,43.3041004],[-5.8629938,43.3041049],[-5.8629912,43.30411],[-5.86299,43.304116],[-5.8629899,43.3041225],[-5.8629908,43.3041324],[-5.8629941,43.3041483],[-5.8629949,43.3041544],[-5.8629933,43.3041607],[-5.8629891,43.304165],[-5.862983,43.3041687],[-5.8629774,43.3041712],[-5.8629714,43.3041735],[-5.8629556,43.3041784],[-5.8629486,43.3041814],[-5.8629431,43.3041853],[-5.8629274,43.3042007],[-5.8629201,43.3042053],[-5.8629128,43.3042073],[-5.8629057,43.3042075],[-5.8628929,43.3042052],[-5.8628886,43.3042052],[-5.862884,43.3042059],[-5.8628773,43.3042086],[-5.8628712,43.304213],[-5.8628676,43.304217],[-5.8628624,43.3042245],[-5.862859,43.3042307],[-5.8628564,43.3042371],[-5.8628553,43.3042447],[-5.8628568,43.3042515],[-5.8628609,43.3042569],[-5.8628723,43.3042657],[-5.862877,43.3042702],[-5.8628792,43.3042737],[-5.8628843,43.3042869],[-5.862887,43.3042904],[-5.862891,43.3042933],[-5.8628965,43.3042958],[-5.8629034,43.3042982],[-5.8629225,43.3043037],[-5.8629341,43.3043078],[-5.8629447,43.3043128],[-5.8629874,43.3043349],[-5.863036,43.3043639],[-5.863047,43.3043695],[-5.8630657,43.3043773],[-5.8630728,43.3043812],[-5.863078,43.304387],[-5.8630793,43.3043935],[-5.8630768,43.3043991],[-5.8630711,43.304404],[-5.8630632,43.3044077],[-5.8630568,43.3044098],[-5.8630147,43.3044209],[-5.8630017,43.3044231],[-5.8629902,43.3044239],[-5.8629782,43.3044241],[-5.8629594,43.3044239],[-5.8629303,43.3044224],[-5.8629115,43.3044205],[-5.8628877,43.3044168],[-5.8628711,43.3044148],[-5.8628542,43.3044134],[-5.8628193,43.3044116],[-5.8627945,43.3044098],[-5.8627861,43.3044098],[-5.8627775,43.3044105],[-5.8627677,43.3044119],[-5.8627582,43.3044139],[-5.862748,43.3044176],[-5.8627428,43.3044206],[-5.8627371,43.3044261],[-5.8627339,43.3044323],[-5.8627335,43.304439],[-5.8627364,43.3044455],[-5.8627427,43.3044514],[-5.862752,43.3044568],[-5.8627635,43.3044615],[-5.8627766,43.3044655],[-5.8627941,43.3044695],[-5.8628124,43.3044726],[-5.8628628,43.3044797],[-5.8628748,43.304482],[-5.8628822,43.3044846],[-5.8628839,43.3044867],[-5.8628799,43.3044898],[-5.8628699,43.304493],[-5.8628557,43.3044962],[-5.8628202,43.3045034],[-5.8628054,43.3045068],[-5.8627893,43.3045112],[-5.862774,43.3045165],[-5.8627602,43.3045231],[-5.8627478,43.3045315],[-5.8627372,43.3045407],[-5.862715,43.3045641],[-5.8626955,43.3045805],[-5.8626853,43.3045899],[-5.8626793,43.3045939],[-5.8626718,43.3045967],[-5.8626639,43.3045979],[-5.8626547,43.3045981],[-5.8626435,43.3045978],[-5.8626053,43.3045953],[-5.8625884,43.3045946],[-5.8625714,43.3045949],[-5.862553,43.3045964],[-5.8625321,43.3045986],[-5.8625119,43.3046001],[-5.8624886,43.3046006],[-5.8624537,43.3045997],[-5.8624486,43.3046],[-5.8624447,43.304601],[-5.8624407,43.3046051],[-5.86244,43.3046095],[-5.8624426,43.3046369],[-5.8624425,43.3046433],[-5.8624409,43.3046535],[-5.8624371,43.3046633],[-5.8624323,43.3046707],[-5.8624212,43.3046839],[-5.8624166,43.30469],[-5.8624144,43.3046944],[-5.8624135,43.3046988],[-5.8624146,43.3047039],[-5.8624174,43.3047091],[-5.8624245,43.3047202],[-5.8624277,43.3047263],[-5.862431,43.3047349],[-5.8624333,43.3047443],[-5.8624347,43.3047542],[-5.8624351,43.304764],[-5.8624346,43.3047737],[-5.862433,43.3047829],[-5.8624297,43.3047922],[-5.862425,43.3048],[-5.8624189,43.3048057],[-5.8624119,43.3048088],[-5.8624043,43.3048102],[-5.8623966,43.3048108],[-5.8623884,43.304811],[-5.8623804,43.3048099],[-5.8623764,43.3048084],[-5.8623694,43.3048044],[-5.8623625,43.3047992],[-5.8623505,43.3047892],[-5.8623452,43.3047852],[-5.8623217,43.3047711],[-5.8623138,43.3047653],[-5.8623073,43.3047592],[-5.8622958,43.3047458],[-5.8622925,43.3047403],[-5.8622904,43.304734],[-5.8622897,43.3047275],[-5.86229,43.3047215],[-5.8622935,43.304705],[-5.8622944,43.3046976],[-5.8622947,43.3046913],[-5.8622929,43.3046788],[-5.8622902,43.3046661],[-5.8622879,43.3046598],[-5.8622848,43.3046551],[-5.862281,43.3046509],[-5.8622685,43.3046408],[-5.8622644,43.304636],[-5.8622624,43.3046316],[-5.8622579,43.3046179],[-5.862253,43.3046097],[-5.8622532,43.3046064],[-5.8622558,43.3046041],[-5.8622602,43.3046024],[-5.8622656,43.3046015],[-5.8622722,43.3046017],[-5.8622827,43.3046026],[-5.8622873,43.3046025],[-5.8622921,43.304601],[-5.8622936,43.3045994],[-5.8622978,43.3045893],[-5.8623002,43.3045859],[-5.8623031,43.3045831],[-5.8623069,43.304581],[-5.8623094,43.3045802],[-5.8623136,43.3045797],[-5.8623292,43.3045794],[-5.8623339,43.3045787],[-5.8623417,43.3045757],[-5.8623861,43.3045486],[-5.8623918,43.3045445],[-5.862402,43.3045359],[-5.8624076,43.3045317],[-5.8624184,43.3045251],[-5.8624406,43.3045133],[-5.8624512,43.3045073],[-5.8624747,43.3044929],[-5.862487,43.3044846],[-5.8624984,43.3044756],[-5.8625081,43.3044658],[-5.8625156,43.304455],[-5.862521,43.3044435],[-5.8625246,43.3044316],[-5.8625265,43.3044195],[-5.8625268,43.3043897],[-5.8625279,43.3043761],[-5.8625308,43.3043632],[-5.8625345,43.3043547],[-5.8625393,43.304347],[-5.8625449,43.3043401],[-5.8625632,43.3043226],[-5.8625667,43.3043167],[-5.8625662,43.3043109],[-5.8625616,43.3043058],[-5.8625535,43.3043021],[-5.8625424,43.3042994],[-5.8625291,43.3042971],[-5.8625147,43.3042952],[-5.8624993,43.3042935],[-5.8624831,43.3042924],[-5.8624665,43.304292],[-5.8624038,43.3042941],[-5.8623473,43.3042945],[-5.8623326,43.3042948],[-5.8623184,43.3042955],[-5.8623029,43.3042969],[-5.8622913,43.3042983],[-5.8622801,43.3043001],[-5.8622666,43.3043033],[-5.8622542,43.304307],[-5.8622274,43.3043164],[-5.8622168,43.304321],[-5.8622074,43.3043264],[-5.862201,43.3043316],[-5.8621953,43.3043375],[-5.8621879,43.304347],[-5.8621801,43.3043598],[-5.8621682,43.3043823],[-5.8621612,43.3043948],[-5.8621481,43.3044158],[-5.8621418,43.3044241],[-5.8621312,43.3044348],[-5.8621225,43.3044412],[-5.862113,43.3044467],[-5.8621039,43.3044509],[-5.8620947,43.3044546],[-5.8620759,43.3044613],[-5.8620458,43.304469],[-5.8620324,43.304473],[-5.8620256,43.3044752],[-5.8620179,43.3044782],[-5.8620137,43.3044805],[-5.8620114,43.3044832],[-5.8620109,43.3044862],[-5.8620116,43.3044891],[-5.8620132,43.3044921],[-5.862016,43.3044953],[-5.8620201,43.3044983],[-5.8620392,43.3045079],[-5.8620482,43.3045129],[-5.8620567,43.3045191],[-5.8620642,43.3045269],[-5.8620706,43.3045361],[-5.862076,43.3045464],[-5.8620803,43.3045576],[-5.8620832,43.3045675],[-5.862085,43.3045756],[-5.8620871,43.3045881],[-5.8620883,43.3045976],[-5.8620897,43.30462],[-5.8620899,43.3046937],[-5.8620892,43.3047081],[-5.8620875,43.3047215],[-5.8620842,43.3047336],[-5.8620808,43.3047411],[-5.862071,43.3047575],[-5.8620637,43.3047661],[-5.8620563,43.3047718],[-5.8620473,43.3047767],[-5.8620372,43.3047807],[-5.8620214,43.3047848],[-5.8620049,43.3047873],[-5.8619854,43.3047895],[-5.8619733,43.3047915],[-5.8619624,43.3047942],[-5.8619441,43.3048012],[-5.8619361,43.3048037],[-5.86193,43.3048046],[-5.8619239,43.3048045],[-5.8619141,43.3048019],[-5.8618973,43.3047941],[-5.8618891,43.3047907],[-5.8618811,43.3047885],[-5.8618738,43.3047876],[-5.8618687,43.3047877],[-5.8618537,43.3047889],[-5.8618457,43.3047882],[-5.8618377,43.3047858],[-5.8618297,43.3047816],[-5.8618224,43.3047758],[-5.8618178,43.3047706],[-5.8618053,43.3047532],[-5.8618009,43.3047478],[-5.8617922,43.3047379],[-5.8617881,43.304734],[-5.8617842,43.3047314],[-5.86178,43.3047301],[-5.8617755,43.3047302],[-5.8617688,43.304732],[-5.8617646,43.304734],[-5.8617565,43.3047384],[-5.8617473,43.3047442],[-5.8617442,43.3047455],[-5.8617407,43.3047461],[-5.8617341,43.3047447],[-5.8617278,43.3047405],[-5.8617249,43.3047367],[-5.8617203,43.3047269],[-5.8617129,43.3047038],[-5.8617093,43.3046944],[-5.8617048,43.304686],[-5.8616993,43.3046796],[-5.8616958,43.3046771],[-5.8616922,43.3046752],[-5.8616885,43.3046738],[-5.8616838,43.3046725],[-5.8616797,43.3046721],[-5.8616766,43.3046724],[-5.8616745,43.3046733],[-5.861674,43.304675],[-5.8616748,43.3046772],[-5.861679,43.3046827],[-5.8616806,43.3046855],[-5.861682,43.3046885],[-5.8616832,43.3046943],[-5.861683,43.3046983],[-5.8616809,43.3047042],[-5.8616793,43.3047065],[-5.8616762,43.3047094],[-5.8616724,43.3047117],[-5.8616648,43.3047142],[-5.8616558,43.3047158],[-5.8616352,43.3047189],[-5.8616262,43.3047197],[-5.86162,43.3047197],[-5.8616109,43.3047182],[-5.8616065,43.304716],[-5.8616034,43.3047132],[-5.8616001,43.3047084],[-5.861596,43.3047006],[-5.8615915,43.3046899],[-5.8615905,43.3046854],[-5.8615903,43.3046808],[-5.861592,43.3046662],[-5.8615929,43.3046594],[-5.8615956,43.304647],[-5.8615961,43.3046428],[-5.8615957,43.3046388],[-5.8615928,43.3046278],[-5.8615872,43.3046168],[-5.8615862,43.3046126],[-5.8615869,43.3046091],[-5.8615888,43.3046058],[-5.8615921,43.3046026],[-5.8616018,43.3045959],[-5.8616081,43.3045925],[-5.8616155,43.3045897],[-5.8616206,43.3045885],[-5.8616209,43.3045892],[-5.8616219,43.3045904],[-5.8616229,43.3045905],[-5.8616246,43.3045897],[-5.8616276,43.3045874],[-5.861629,43.3045872],[-5.8616418,43.3045873],[-5.8616457,43.3045866],[-5.8616479,43.3045849],[-5.8616474,43.3045805],[-5.8616433,43.3045746],[-5.8616334,43.3045654],[-5.8616196,43.3045548],[-5.8616127,43.3045501],[-5.8616068,43.3045469],[-5.8616006,43.3045445],[-5.8615937,43.3045428],[-5.861588,43.3045419],[-5.8615798,43.3045411],[-5.8615713,43.3045411],[-5.8615593,43.3045416],[-5.8615479,43.3045428],[-5.8615318,43.3045452],[-5.8615232,43.3045447],[-5.8615188,43.3045435],[-5.8615147,43.3045416],[-5.8615088,43.3045373],[-5.8615037,43.3045321],[-5.8615,43.3045262],[-5.8614986,43.3045196],[-5.8614997,43.3045138],[-5.8615025,43.3045075],[-5.8615225,43.3044714],[-5.8615274,43.3044608],[-5.8615316,43.3044495],[-5.8615352,43.3044377],[-5.8615382,43.3044256],[-5.8615437,43.3043996],[-5.8615475,43.3043777],[-5.8615521,43.3043444],[-5.8615534,43.3043315],[-5.8615534,43.3042901],[-5.8615551,43.304268],[-5.8615574,43.304254],[-5.8615648,43.3042269],[-5.8615656,43.3042207],[-5.8615646,43.3041982],[-5.8615654,43.3041892],[-5.8615675,43.30418],[-5.8615795,43.3041441],[-5.8615833,43.3041346],[-5.8615878,43.3041254],[-5.8615926,43.3041166],[-5.8615984,43.3041074],[-5.8616035,43.3041011],[-5.8616184,43.3040853],[-5.8616223,43.3040799],[-5.8616245,43.3040746],[-5.8616246,43.3040671],[-5.8616227,43.3040595],[-5.8616217,43.3040509],[-5.8616231,43.3040432],[-5.8616269,43.3040349],[-5.8616336,43.3040257],[-5.8616424,43.3040162],[-5.8616526,43.3040064],[-5.861675,43.3039862],[-5.8616968,43.3039659],[-5.861753,43.303916],[-5.8617613,43.3039082],[-5.8617705,43.3038983],[-5.8617784,43.3038883],[-5.8617961,43.3038651],[-5.8618056,43.3038537],[-5.8618149,43.3038451],[-5.8618248,43.3038373],[-5.8618302,43.3038339],[-5.8618379,43.3038296],[-5.8618507,43.3038228],[-5.8618603,43.3038182],[-5.8618706,43.3038143],[-5.8618758,43.3038128],[-5.8619128,43.3038042],[-5.8619271,43.3038013],[-5.861942,43.3037989],[-5.8619576,43.303797],[-5.8619922,43.3037955],[-5.8620112,43.3037942],[-5.8620308,43.303792],[-5.8620506,43.3037889],[-5.8620703,43.3037848],[-5.8620816,43.3037819],[-5.8621141,43.3037729],[-5.8621507,43.3037617],[-5.8621709,43.303756],[-5.862191,43.3037514],[-5.8622073,43.3037488],[-5.8622175,43.3037477],[-5.8622273,43.3037469],[-5.8622416,43.3037466],[-5.862258,43.3037476],[-5.8622717,43.303751],[-5.8622797,43.3037553],[-5.8622859,43.303761],[-5.8622904,43.3037675],[-5.8622932,43.3037742],[-5.862295,43.3037809],[-5.8622974,43.3037934],[-5.8622989,43.3037988],[-5.8623073,43.3038213],[-5.8623095,43.3038262],[-5.8623124,43.3038308],[-5.8623201,43.3038379],[-5.8623313,43.3038437],[-5.8623393,43.3038462],[-5.8623483,43.3038481],[-5.8623618,43.30385],[-5.862378,43.303851],[-5.862395,43.3038514],[-5.8624648,43.3038517],[-5.8624807,43.3038509],[-5.8624959,43.3038489],[-5.8625062,43.3038465],[-5.8625158,43.3038432],[-5.8625285,43.3038363],[-5.862539,43.3038277],[-5.8625468,43.303818],[-5.8625512,43.3038094],[-5.8625577,43.3037918],[-5.8625614,43.303784],[-5.862566,43.3037766],[-5.8625718,43.3037702],[-5.8625807,43.3037637],[-5.8626023,43.3037515],[-5.8626134,43.3037441],[-5.8626245,43.3037355],[-5.8626354,43.3037258],[-5.8626459,43.3037152],[-5.8626558,43.3037039],[-5.8626657,43.3036912],[-5.8626942,43.3036514],[-5.8627048,43.3036382],[-5.8627162,43.3036253],[-5.8627282,43.3036129],[-5.8627424,43.3035998],[-5.8627572,43.3035874],[-5.8627651,43.3035812],[-5.8627744,43.3035747],[-5.8627879,43.3035666],[-5.8628025,43.3035593],[-5.8628178,43.3035525],[-5.8628338,43.303546],[-5.8629283,43.3035102],[-5.862977,43.3034929],[-5.8629918,43.3034873],[-5.8630223,43.3034742],[-5.8630344,43.3034693],[-5.8630635,43.3034587],[-5.8630785,43.3034537],[-5.8631287,43.3034388],[-5.8631437,43.303435],[-5.8631644,43.3034304],[-5.8632242,43.3034187],[-5.863243,43.3034155],[-5.8632619,43.3034129],[-5.8633044,43.3034081],[-5.8633149,43.3034061],[-5.8633235,43.3034033],[-5.8633291,43.3034],[-5.8633339,43.303396],[-5.8633426,43.3033878],[-5.8633487,43.3033834],[-5.8633583,43.3033787],[-5.86337,43.303375],[-5.8633831,43.3033725],[-5.863397,43.3033715],[-5.8634111,43.3033724],[-5.8634248,43.3033752],[-5.8634381,43.3033796],[-5.8634509,43.3033849],[-5.8634594,43.303389],[-5.8634674,43.3033934],[-5.863478,43.3034003],[-5.8634865,43.3034075],[-5.8634921,43.3034148],[-5.8634945,43.3034212],[-5.8634963,43.3034343],[-5.8634987,43.3034453],[-5.8635029,43.3034576],[-5.8635081,43.3034688],[-5.8635146,43.3034804],[-5.863522,43.3034921],[-5.8635408,43.3035193],[-5.8635522,43.3035371],[-5.8635589,43.3035496],[-5.8635714,43.3035744],[-5.8635784,43.3035863],[-5.8635869,43.3035978],[-5.8635961,43.3036087],[-5.8636151,43.3036299],[-5.8636237,43.3036408],[-5.8636301,43.3036515],[-5.8636343,43.3036627],[-5.8636374,43.3036733],[-5.863642,43.3036833],[-5.8636491,43.3036924],[-5.8636574,43.3037002],[-5.8636652,43.303706],[-5.8636708,43.3037094],[-5.8636722,43.3037099],[-5.8636705,43.3037111],[-5.8636716,43.3037113],[-5.8636754,43.3037106],[-5.8636838,43.3037085],[-5.863697,43.3037049],[-5.8637118,43.3037004],[-5.8637286,43.3036947],[-5.8637464,43.3036878],[-5.8637646,43.3036798],[-5.8637852,43.3036692],[-5.8638043,43.3036581],[-5.8638177,43.3036496],[-5.8638428,43.3036327],[-5.8638514,43.3036275],[-5.8638602,43.3036234],[-5.8638714,43.3036201],[-5.8638832,43.3036187],[-5.8638949,43.3036194],[-5.8639062,43.3036222],[-5.8639168,43.3036273],[-5.8639267,43.3036343],[-5.863936,43.3036426],[-5.8639448,43.3036519],[-5.8639582,43.3036672],[-5.8639679,43.3036776],[-5.8639784,43.3036879],[-5.8639897,43.303698],[-5.8640044,43.3037095],[-5.8640446,43.3037384],[-5.8641,43.3037764],[-5.8641135,43.303786],[-5.8641389,43.3038049],[-5.864158,43.30382],[-5.8641693,43.3038306],[-5.8641779,43.303842],[-5.8641782,43.3038426],[-5.8641716,43.3038414],[-5.8641752,43.3038499],[-5.8641763,43.3038511],[-5.8641772,43.3038512],[-5.8641789,43.3038504],[-5.8641812,43.3038487],[-5.8641838,43.3038542],[-5.8641869,43.3038667],[-5.8641868,43.3038792],[-5.8641835,43.3038914],[-5.8641781,43.3039035],[-5.8641719,43.3039154],[-5.8641664,43.3039273],[-5.8641629,43.3039393],[-5.8641626,43.3039521],[-5.8641659,43.3039645],[-5.8641705,43.3039735],[-5.8641822,43.3039912],[-5.8641873,43.3039996],[-5.864207,43.3040328],[-5.8642124,43.3040429],[-5.8642166,43.3040526],[-5.8642188,43.3040617],[-5.8642186,43.30407],[-5.8642161,43.3040763],[-5.8642119,43.3040821],[-5.8642018,43.3040929],[-5.8641962,43.3040978],[-5.8641888,43.3041032],[-5.86418,43.3041078],[-5.8641664,43.3041122],[-5.8641505,43.3041153],[-5.8641331,43.3041173],[-5.8641147,43.3041186],[-5.8641008,43.3041192],[-5.8640867,43.3041195],[-5.8640698,43.3041193],[-5.8640555,43.3041188],[-5.8640415,43.3041179],[-5.864022,43.3041156],[-5.8640037,43.3041125],[-5.8639941,43.3041104],[-5.8639813,43.3041067],[-5.86397,43.3041021],[-5.8639623,43.3040973],[-5.8639566,43.3040917],[-5.863952,43.3040834],[-5.8639471,43.3040644],[-5.8639436,43.3040538],[-5.8639266,43.3040101],[-5.8639228,43.3040031],[-5.8639175,43.3039967],[-5.863906,43.3039876],[-5.8638947,43.3039807],[-5.8638819,43.3039741],[-5.8638681,43.3039679],[-5.8638536,43.303962],[-5.863825,43.3039515],[-5.8638003,43.3039432],[-5.8637887,43.3039395],[-5.8637713,43.303935],[-5.8637596,43.3039331],[-5.8637482,43.3039325],[-5.8637424,43.3039326],[-5.8637145,43.3039345],[-5.8637009,43.3039361],[-5.8636895,43.3039383],[-5.8636816,43.3039414],[-5.8636784,43.3039453],[-5.8636786,43.3039495],[-5.8636812,43.3039531],[-5.8636848,43.3039553],[-5.863695,43.30396],[-5.8637015,43.303964],[-5.8637275,43.3039822],[-5.863739,43.3039897],[-5.8637604,43.3040027],[-5.8637717,43.3040112],[-5.8637783,43.304018],[-5.8638006,43.3040454],[-5.8638181,43.3040675],[-5.8638454,43.3041034],[-5.8638738,43.304139],[-5.8638966,43.3041662],[-5.8639153,43.3041854],[-5.8639553,43.3042237],[-5.8639812,43.3042493],[-5.8639931,43.304262],[-5.8640039,43.3042747],[-5.864041,43.3043219],[-5.8640498,43.3043337],[-5.8640615,43.3043512],[-5.8640689,43.304364],[-5.8640716,43.3043699],[-5.8640732,43.304375],[-5.8640737,43.3043795],[-5.8640733,43.3043809],[-5.8640947,43.3044628],[-5.864103,43.3044651],[-5.8641092,43.3044664],[-5.8641166,43.3044669],[-5.8641213,43.3044668],[-5.8641296,43.3044659],[-5.8641383,43.3044639],[-5.8641494,43.30446],[-5.8641847,43.3044453],[-5.8641973,43.3044409],[-5.8642099,43.304438],[-5.86422,43.3044371],[-5.8642297,43.3044373],[-5.8642367,43.304438],[-5.8642429,43.3044393],[-5.8642499,43.3044419],[-5.864255,43.3044451],[-5.8642583,43.3044489],[-5.8642639,43.3044581],[-5.8642685,43.3044635],[-5.8642754,43.3044689],[-5.8642845,43.3044743],[-5.8642952,43.3044798],[-5.8643075,43.3044853],[-5.8643208,43.3044908],[-5.864335,43.3044962],[-5.8643537,43.3045028],[-5.8644132,43.3045226],[-5.8644333,43.3045295],[-5.8644533,43.3045369],[-5.8645882,43.3045911],[-5.8646211,43.3046036],[-5.8646473,43.3046131],[-5.8646636,43.3046196],[-5.8646802,43.3046274],[-5.864696,43.3046361],[-5.8647115,43.3046454],[-5.8647262,43.3046553],[-5.8647521,43.3046732],[-5.8647678,43.3046825],[-5.8647845,43.3046911],[-5.864802,43.3046992],[-5.8648198,43.3047069],[-5.8648378,43.3047143],[-5.8648893,43.3047346],[-5.8649056,43.3047407],[-5.864915,43.3047436],[-5.8649328,43.3047468],[-5.8649478,43.3047477],[-5.8649625,43.3047466],[-5.8649765,43.3047433],[-5.8649896,43.3047381],[-5.8650013,43.304731],[-5.8650106,43.3047229],[-5.865018,43.3047134],[-5.8650247,43.3046994],[-5.8650288,43.304684],[-5.8650309,43.3046677],[-5.8650316,43.304651],[-5.8650316,43.3046383],[-5.8650304,43.3046148],[-5.8650288,43.3046002],[-5.8650248,43.3045773],[-5.8650214,43.3045634],[-5.865019,43.3045568],[-5.8650129,43.3045441],[-5.8650023,43.3045259],[-5.8649946,43.3045142],[-5.8649766,43.3044882],[-5.8649711,43.3044808],[-5.8649664,43.3044752],[-5.8649614,43.3044702],[-5.8649397,43.3044526],[-5.864933,43.3044457],[-5.8649293,43.3044403],[-5.8649269,43.3044349],[-5.8649242,43.3044215],[-5.8649216,43.3044139],[-5.8649174,43.304406],[-5.8649116,43.3043981],[-5.8648936,43.3043799],[-5.8648862,43.3043707],[-5.8648833,43.3043656],[-5.8648805,43.3043592],[-5.864874,43.3043425],[-5.8648699,43.3043337],[-5.8648647,43.3043247],[-5.8648519,43.3043051],[-5.8648426,43.3042915],[-5.8648327,43.3042779],[-5.8648219,43.3042647],[-5.864795,43.3042362],[-5.8647842,43.3042227],[-5.8647659,43.3041956],[-5.8647564,43.3041827],[-5.8647486,43.3041738],[-5.86474,43.3041652],[-5.8647308,43.3041568],[-5.8647099,43.3041383],[-5.8646675,43.3040983],[-5.8646478,43.3040792],[-5.8646353,43.3040659],[-5.864625,43.3040539],[-5.8646151,43.3040415],[-5.8646058,43.3040288],[-5.8645968,43.3040152],[-5.8645888,43.3040015],[-5.864582,43.303988],[-5.8645766,43.3039749],[-5.8645739,43.3039657],[-5.8645727,43.3039569],[-5.8645739,43.3039466],[-5.8645778,43.3039371],[-5.864584,43.3039288],[-5.8645889,43.303924],[-5.864595,43.3039194],[-5.8646018,43.3039155],[-5.8646093,43.3039122],[-5.8646171,43.3039099],[-5.8646293,43.3039085],[-5.8646409,43.3039097],[-5.8646507,43.3039133],[-5.8646566,43.3039176],[-5.8646616,43.3039231],[-5.864676,43.303941],[-5.8646835,43.3039495],[-5.8646911,43.3039561],[-5.8646963,43.3039588],[-5.864702,43.3039601],[-5.8647087,43.30396],[-5.8647173,43.3039585],[-5.8647533,43.3039483],[-5.8647702,43.3039448],[-5.8647807,43.3039433],[-5.8647915,43.3039425],[-5.8648019,43.3039428],[-5.8648127,43.3039439],[-5.8648252,43.3039461],[-5.864838,43.3039491],[-5.8648527,43.3039535],[-5.8648828,43.3039635],[-5.8649197,43.3039751],[-5.8649684,43.30399],[-5.8650239,43.3040061],[-5.8650429,43.304012],[-5.8650595,43.3040177],[-5.8650843,43.3040276],[-5.865097,43.3040322],[-5.8651083,43.3040347],[-5.8651143,43.3040347],[-5.8651196,43.3040334],[-5.8651241,43.3040307],[-5.8651277,43.3040246],[-5.8651286,43.3040163],[-5.8651273,43.3040058],[-5.8651242,43.303994],[-5.8651111,43.3039545],[-5.8651074,43.3039411],[-5.8651048,43.3039271],[-5.8651043,43.303914],[-5.8651063,43.3039026],[-5.8651102,43.3038933],[-5.8651153,43.3038869],[-5.8651209,43.3038845],[-5.8651259,43.3038862],[-5.8651309,43.303891],[-5.8651361,43.3038983],[-5.8651784,43.3039668],[-5.865188,43.3039807],[-5.8651997,43.3039939],[-5.8652132,43.3040053],[-5.8652283,43.3040139],[-5.8652387,43.3040174],[-5.8652494,43.3040192],[-5.8652659,43.3040186],[-5.8652816,43.3040155],[-5.8652954,43.3040112],[-5.8653053,43.3040075],[-5.8653116,43.3040042],[-5.8653133,43.3040019],[-5.8653309,43.3040149],[-5.8653412,43.3040237],[-5.8653702,43.3040487],[-5.8653774,43.3040554],[-5.865382,43.3040606],[-5.8653845,43.3040651],[-5.8653842,43.3040699],[-5.8653807,43.3040732],[-5.8653758,43.3040755],[-5.8653717,43.3040779],[-5.8653703,43.30408],[-5.8653705,43.3040822],[-5.8653728,43.3040843],[-5.8653964,43.3040965],[-5.8654053,43.3040997],[-5.86543,43.3041042],[-5.8654429,43.3041079],[-5.865456,43.3041134],[-5.8654894,43.3041298],[-5.8655395,43.3041556],[-5.8655534,43.3041634],[-5.8655692,43.3041733],[-5.8655786,43.3041799],[-5.8655876,43.3041868],[-5.8656011,43.3041994],[-5.8656102,43.3042099],[-5.8656181,43.3042202],[-5.8656253,43.3042306],[-5.8656333,43.304244],[-5.8656401,43.3042572],[-5.8656458,43.3042699],[-5.8656502,43.3042815],[-5.8656528,43.3042899],[-5.8656543,43.304297],[-5.8656547,43.3043077],[-5.8656563,43.3043123],[-5.8656587,43.3043148],[-5.8656621,43.3043171],[-5.865668,43.3043203],[-5.8656782,43.3043246],[-5.8656817,43.3043266],[-5.8656863,43.3043307],[-5.8656893,43.3043356],[-5.8656903,43.3043408],[-5.8656912,43.30435],[-5.8656926,43.3043537],[-5.8656974,43.3043603],[-5.865704,43.3043676],[-5.8657094,43.3043747],[-5.8657144,43.3043826],[-5.8657181,43.3043897],[-5.8657209,43.3043973],[-5.8657219,43.3044024],[-5.8657257,43.3044334],[-5.8657263,43.3044437],[-5.8657261,43.3044544],[-5.8657253,43.3044654],[-5.865723,43.3044861],[-5.865721,43.3045252],[-5.8657192,43.3045412],[-5.8657152,43.3045648],[-5.8657108,43.3045872],[-5.8657075,43.3046088],[-5.865698,43.3046898],[-5.865687,43.3047967],[-5.8656789,43.3048523],[-5.8656739,43.3048782],[-5.8656707,43.3048908],[-5.8656653,43.3049094],[-5.8656615,43.3049207],[-5.8656578,43.3049302],[-5.8656499,43.304947],[-5.8656458,43.3049544],[-5.8656224,43.3049905],[-5.8656154,43.3050037],[-5.8656114,43.3050171],[-5.8656111,43.3050305],[-5.8656138,43.3050442],[-5.8656192,43.3050607],[-5.8656298,43.3050898],[-5.8656329,43.3051006],[-5.865635,43.3051116],[-5.8656359,43.3051226],[-5.8656355,43.3051346],[-5.8656275,43.3052167],[-5.8656251,43.3052525],[-5.8656249,43.3052657],[-5.8656263,43.3053047],[-5.8656263,43.3053141],[-5.8656259,43.3053234],[-5.865623,43.3053582],[-5.865622,43.3053831],[-5.8656224,43.3054084],[-5.865623,43.3054238],[-5.8656258,43.3054694],[-5.8656289,43.3055035],[-5.8656293,43.3055186],[-5.8656281,43.3055316],[-5.8656239,43.305557],[-5.8656224,43.3055709],[-5.8656222,43.3055844],[-5.8656235,43.3055971],[-5.8656289,43.3056191],[-5.8656301,43.3056303],[-5.8656298,43.3056413],[-5.8656272,43.3056607],[-5.8656264,43.305671],[-5.8656266,43.3056811],[-5.8656289,43.3057016],[-5.8656286,43.3057108],[-5.8656256,43.3057376],[-5.8656253,43.3057573],[-5.8656258,43.3057778],[-5.8656271,43.3058029],[-5.8656321,43.305875],[-5.8656382,43.305922],[-5.865643,43.3059545],[-5.8656607,43.3060622],[-5.8656696,43.3061126],[-5.8656763,43.3061473],[-5.8656837,43.3061816],[-5.8656878,43.3061985],[-5.8656969,43.3062323],[-5.8657003,43.3062474],[-5.8657068,43.3062801],[-5.865714,43.3063113],[-5.8657263,43.3063545],[-5.865736,43.3063852],[-5.8657413,43.3064002],[-5.8657471,43.3064148],[-5.8657704,43.3064678],[-5.8657745,43.3064792],[-5.8657804,43.3064988],[-5.8657952,43.3065534],[-5.8658016,43.3065736],[-5.8658179,43.3066208],[-5.8658234,43.3066348],[-5.8658391,43.3066697],[-5.8658474,43.3066906],[-5.8658509,43.3067021],[-5.8658527,43.3067065],[-5.86586,43.3067195],[-5.8658624,43.3067251],[-5.8658633,43.3067298],[-5.8658635,43.3067347],[-5.8658635,43.3067411],[-5.8658628,43.3067476],[-5.8658608,43.3067542],[-5.8658551,43.3067674],[-5.865854,43.3067723],[-5.8658541,43.3067777],[-5.8658556,43.3067837],[-5.8658597,43.3067931],[-5.8658661,43.3068034],[-5.8658727,43.3068118],[-5.865922,43.3068694],[-5.8660734,43.3070227],[-5.8660971,43.3070368],[-5.8661124,43.3070466],[-5.8661264,43.3070563],[-5.8661387,43.3070658],[-5.8661482,43.3070741],[-5.866158,43.3070818],[-5.8661697,43.3070888],[-5.8661833,43.3070953],[-5.8662113,43.3071071],[-5.8662588,43.3071253],[-5.8662749,43.3071319],[-5.8663405,43.3071617],[-5.8663595,43.3071697],[-5.8663789,43.3071771],[-5.866398,43.3071833],[-5.8664175,43.3071889],[-5.8664371,43.3071941],[-5.8664841,43.3072061],[-5.8664988,43.3072094],[-5.8665287,43.307215],[-5.8665438,43.3072174],[-5.8665644,43.3072201],[-5.8665851,43.3072222],[-5.8666058,43.3072238],[-5.8666266,43.3072248],[-5.8666473,43.3072254],[-5.8666633,43.3072255],[-5.8666791,43.3072251],[-5.8666948,43.3072241],[-5.8667114,43.3072225],[-5.8667821,43.3072133],[-5.8668,43.3072118],[-5.8668199,43.3072113],[-5.8668396,43.3072117],[-5.8668781,43.3072132],[-5.8668966,43.3072134],[-5.8669239,43.3072124],[-5.8669374,43.3072123],[-5.8669806,43.3072142],[-5.8670229,43.3072157],[-5.8671989,43.3072193],[-5.8672191,43.30722],[-5.8672475,43.3072217],[-5.8672611,43.3072229],[-5.8672749,43.3072245],[-5.8672941,43.3072274],[-5.8673133,43.3072309],[-5.8673617,43.3072401],[-5.8673972,43.3072454],[-5.8674168,43.3072473],[-5.8674363,43.3072484],[-5.8674554,43.3072484],[-5.867474,43.3072471],[-5.8674842,43.3072458],[-5.8674943,43.3072441],[-5.8675137,43.30724],[-5.8675321,43.3072347],[-5.867547,43.3072287],[-5.867598,43.3072059],[-5.8676158,43.3071987],[-5.8676601,43.3071834],[-5.8676755,43.3071786],[-5.8676901,43.307175],[-5.8677202,43.3071683],[-5.8677387,43.3071634],[-5.8677761,43.307153],[-5.8677954,43.3071484],[-5.8678154,43.307145],[-5.8678357,43.3071431],[-5.867856,43.3071428],[-5.8678767,43.3071445],[-5.8678973,43.3071474],[-5.8679348,43.3071538],[-5.8679516,43.3071569],[-5.8679673,43.3071604],[-5.8679825,43.3071643],[-5.8679973,43.3071688],[-5.8680341,43.3071819],[-5.8680522,43.3071875],[-5.86807,43.3071913],[-5.8680883,43.3071947],[-5.868107,43.3071987],[-5.868126,43.3072035],[-5.8681452,43.3072089],[-5.8681949,43.3072242],[-5.8682118,43.307229],[-5.8682501,43.3072384],[-5.8682659,43.3072426],[-5.8682816,43.307247],[-5.8683097,43.3072557],[-5.8683446,43.3072683],[-5.8683611,43.3072747],[-5.868397,43.3072896],[-5.8684956,43.3073268],[-5.8685235,43.3073382],[-5.8685604,43.3073544],[-5.8685705,43.3073588],[-5.8685874,43.3073671],[-5.8686032,43.3073764],[-5.8686107,43.3073816],[-5.8686179,43.3073871],[-5.8686286,43.3073965],[-5.8686386,43.3074065],[-5.8686479,43.3074169],[-5.868671,43.3074446],[-5.8686795,43.3074531],[-5.8686892,43.3074608],[-5.8687008,43.3074677],[-5.8687138,43.3074735],[-5.8687278,43.3074787],[-5.8687425,43.3074833],[-5.8687608,43.3074885],[-5.8688149,43.3075034],[-5.8688267,43.3075071],[-5.8688377,43.3075113],[-5.8688466,43.3075155],[-5.8688692,43.3075279],[-5.8688834,43.3075363],[-5.8688971,43.307545],[-5.8689522,43.3075811],[-5.8689885,43.3076058],[-5.869003,43.3076167],[-5.8690108,43.3076233],[-5.8690303,43.3076406],[-5.8690844,43.3076937],[-5.869128,43.3077349],[-5.8691521,43.3077589],[-5.8691637,43.307771],[-5.8691748,43.3077832],[-5.8691928,43.3078048],[-5.8692122,43.3078298],[-5.8692221,43.3078428],[-5.8692409,43.3078693],[-5.869251,43.3078824],[-5.869336,43.3079895],[-5.869365,43.3080277],[-5.8693966,43.3080717],[-5.8694117,43.3080905],[-5.8694333,43.308115],[-5.8694968,43.3081823],[-5.8695465,43.3082366],[-5.869566,43.3082565],[-5.8695989,43.3082862],[-5.8696396,43.3083208],[-5.8696834,43.3083568],[-5.8698275,43.3084737],[-5.8698431,43.3084858],[-5.8698593,43.3084976],[-5.8699258,43.3085437],[-5.8699561,43.3085654],[-5.8699989,43.3085975],[-5.8700668,43.3086503],[-5.8700962,43.3086743],[-5.8701047,43.308682],[-5.8701251,43.3087022],[-5.8701612,43.3087359],[-5.8701849,43.3087562],[-5.870207,43.3087743],[-5.8702189,43.3087835],[-5.8702314,43.3087925],[-5.8702443,43.3088012],[-5.8703089,43.3088408],[-5.8703266,43.3088526],[-5.870344,43.3088646],[-5.870361,43.3088768],[-5.8703935,43.3089011],[-5.8704152,43.3089181],[-5.8704265,43.3089276],[-5.870445,43.3089455],[-5.8704616,43.3089637],[-5.8704772,43.3089823],[-5.8705183,43.3090335],[-5.870528,43.3090453],[-5.8705384,43.3090567],[-5.8705457,43.309064],[-5.8705635,43.3090805],[-5.8705739,43.3090896],[-5.8706018,43.3091128],[-5.8706118,43.3091216],[-5.8706209,43.3091311],[-5.8707657,43.3093035],[-5.8707745,43.309307],[-5.8707835,43.3093113],[-5.8708081,43.3093238],[-5.8708504,43.3093477],[-5.8708954,43.3093745],[-5.8709118,43.3093854],[-5.8709267,43.3093964],[-5.8709397,43.3094069],[-5.8709512,43.3094172],[-5.8709607,43.3094263],[-5.8710028,43.3094684],[-5.8710329,43.3095013],[-5.8710747,43.3095446],[-5.871095,43.3095661],[-5.8711295,43.3096044],[-5.8711683,43.3096481],[-5.8711796,43.3096617],[-5.8711886,43.3096739],[-5.8711964,43.3096864],[-5.871202,43.3096967],[-5.8712067,43.309707],[-5.8712106,43.3097171],[-5.8712134,43.3097267],[-5.8713885,43.3098897],[-5.8713956,43.3098939],[-5.8714077,43.3099018],[-5.8714302,43.309917],[-5.8714522,43.309931],[-5.8714563,43.3099345],[-5.8714621,43.3099409],[-5.8714677,43.3099486],[-5.8714715,43.3099542],[-5.8714779,43.3099655],[-5.8714842,43.309978],[-5.8714948,43.310001],[-5.8715008,43.3100156],[-5.871512,43.3100452],[-5.8715268,43.3100903],[-5.8715325,43.3101029],[-5.8715395,43.3101151],[-5.8715474,43.3101269],[-5.8715658,43.3101514],[-5.8715739,43.3101637],[-5.8715773,43.3101698],[-5.8715845,43.3101853],[-5.8715905,43.3101961],[-5.8715973,43.3102069],[-5.8716047,43.3102174],[-5.8716125,43.3102272],[-5.8716201,43.3102356],[-5.8716263,43.3102413],[-5.8716333,43.3102462],[-5.8716415,43.3102506],[-5.8716466,43.3102528],[-5.8716578,43.3102572],[-5.8716721,43.3102615],[-5.8716879,43.3102651],[-5.8717045,43.3102681],[-5.8717217,43.3102705],[-5.8717392,43.3102722],[-5.8717573,43.3102731],[-5.8717763,43.3102725],[-5.8717954,43.3102707],[-5.87181,43.3102687],[-5.8718245,43.3102659],[-5.8718419,43.3102614],[-5.8718588,43.3102559],[-5.8718752,43.3102495],[-5.8718911,43.3102428],[-5.8719119,43.3102336],[-5.8719213,43.3102288],[-5.8719302,43.3102237],[-5.8719415,43.3102154],[-5.8719513,43.3102062],[-5.8719595,43.3101962],[-5.8719674,43.3101823],[-5.8719729,43.3101677],[-5.8719761,43.3101528],[-5.8719773,43.3101378],[-5.871977,43.3101295],[-5.8719748,43.3101149],[-5.8719713,43.3101034],[-5.8719671,43.310093],[-5.8719614,43.3100833],[-5.8719536,43.3100743],[-5.8719443,43.3100657],[-5.8719327,43.3100562],[-5.8719046,43.3100352],[-5.8718908,43.3100244],[-5.871878,43.310013],[-5.871872,43.3100068],[-5.8718665,43.3100002],[-5.8718564,43.3099868],[-5.8718515,43.3099799],[-5.8718433,43.3099667],[-5.8718357,43.3099532],[-5.8718226,43.3099274],[-5.871817,43.3099153],[-5.8718143,43.3099084],[-5.8718122,43.3099018],[-5.8718112,43.3098961],[-5.8718113,43.3098852],[-5.8718136,43.3098615],[-5.8718161,43.3098532],[-5.8718192,43.3098485],[-5.8718237,43.3098443],[-5.8718317,43.3098393],[-5.8718414,43.309835],[-5.8718486,43.3098325],[-5.8718564,43.3098304],[-5.8718691,43.3098278],[-5.8718825,43.3098258],[-5.8718918,43.3098248],[-5.8719086,43.3098241],[-5.8719253,43.3098242],[-5.8719427,43.3098248],[-5.8720128,43.3098275],[-5.8720297,43.3098286],[-5.8720462,43.3098304],[-5.8720616,43.3098332],[-5.8721072,43.3098432],[-5.8721238,43.3098457],[-5.8721371,43.3098466],[-5.8721497,43.309846],[-5.8721614,43.3098439],[-5.8721743,43.3098387],[-5.8721861,43.3098314],[-5.8722155,43.3098106],[-5.8722488,43.3097863],[-5.8723042,43.309747],[-5.8723376,43.3097216],[-5.87235,43.3097127],[-5.872492,43.3095864],[-5.8724979,43.3095765],[-5.8725074,43.3095637],[-5.8725185,43.3095509],[-5.8725307,43.309538],[-5.8725436,43.3095251],[-5.8725715,43.3094989],[-5.8725861,43.309486],[-5.8726017,43.3094732],[-5.8726803,43.3094105],[-5.8727235,43.3093766],[-5.8727632,43.3093476],[-5.8728363,43.3092918],[-5.872864,43.3092722],[-5.8729326,43.3092264],[-5.873003,43.3091775],[-5.873039,43.3091542],[-5.8731056,43.3091083],[-5.8731216,43.3090977],[-5.8731549,43.3090771],[-5.8731896,43.3090566],[-5.8732252,43.3090368],[-5.8732647,43.3090167],[-5.8733324,43.3089836],[-5.8733707,43.3089639],[-5.8734082,43.3089437],[-5.8734478,43.3089209],[-5.8734789,43.3089024],[-5.8734941,43.3088929],[-5.8735192,43.3088765],[-5.873561,43.3088485],[-5.8736081,43.3088156],[-5.8736405,43.3087923],[-5.8737272,43.3087264],[-5.8737429,43.3087139],[-5.8737739,43.3086881],[-5.8738044,43.3086616],[-5.8739059,43.3085719],[-5.8739342,43.3085477],[-5.8739483,43.3085361],[-5.8739624,43.3085251],[-5.8739744,43.3085165],[-5.8739832,43.3085105],[-5.8740724,43.3084175],[-5.8740722,43.3084166],[-5.8740732,43.3084088],[-5.8740756,43.3084007],[-5.8740784,43.3083941],[-5.8740817,43.3083874],[-5.8740896,43.3083739],[-5.8740944,43.3083664],[-5.8741051,43.3083518],[-5.8741207,43.3083326],[-5.8741401,43.3083076],[-5.874146,43.3083014],[-5.8741526,43.3082953],[-5.8741944,43.308262],[-5.8742223,43.3082378],[-5.8742369,43.3082239],[-5.8742572,43.3082026],[-5.8742729,43.3081875],[-5.8742808,43.3081781],[-5.8742867,43.3081716],[-5.8743101,43.3081493],[-5.8743139,43.3081451],[-5.8743188,43.3081389],[-5.87434,43.3081063],[-5.8743499,43.3080885],[-5.8743546,43.3080816],[-5.8743601,43.3080754],[-5.8743662,43.3080704],[-5.8743822,43.3080585],[-5.8743927,43.3080513],[-5.8744018,43.3080459],[-5.8744215,43.3080354],[-5.8744318,43.3080305],[-5.8744514,43.3080224],[-5.8744605,43.308018],[-5.8744703,43.308012],[-5.874489,43.3079993],[-5.8745116,43.3079849],[-5.8745246,43.3079761],[-5.8745641,43.3079464],[-5.8745747,43.3079371],[-5.8745839,43.3079277],[-5.8745996,43.3079078],[-5.8746068,43.3078998],[-5.8746152,43.3078916],[-5.8746243,43.3078839],[-5.8746334,43.3078772],[-5.8746514,43.3078657],[-5.8746596,43.30786],[-5.8746687,43.3078523],[-5.8746771,43.3078436],[-5.8747004,43.3078165],[-5.8747221,43.3077938],[-5.8747308,43.3077835],[-5.8747446,43.3077647],[-5.8747552,43.3077485],[-5.8747654,43.3077317],[-5.8747756,43.3077137],[-5.8747814,43.3077048],[-5.8747882,43.3076965],[-5.8748247,43.3076567],[-5.8748411,43.3076409],[-5.8748577,43.307627],[-5.874903,43.3075909],[-5.8749269,43.3075714],[-5.8749563,43.3075467],[-5.874975,43.3075324],[-5.8749906,43.3075216],[-5.8749976,43.3075158],[-5.875013,43.3075017],[-5.8750211,43.3074933],[-5.8750255,43.3074874],[-5.8750413,43.3074643],[-5.8750516,43.3074503],[-5.8750612,43.307436],[-5.8750792,43.3074112],[-5.8751088,43.3073687],[-5.8751234,43.30735],[-5.875152,43.3073164],[-5.8751602,43.3073062],[-5.8751677,43.3072961],[-5.8751726,43.3072885],[-5.8751769,43.3072809],[-5.8751815,43.3072701],[-5.8751885,43.3072487],[-5.8751907,43.307238],[-5.8751911,43.3072295],[-5.8751905,43.3072212],[-5.8751894,43.3072147],[-5.8751877,43.3072085],[-5.8751853,43.3072028],[-5.875182,43.3071974],[-5.8751749,43.30719],[-5.8751657,43.3071833],[-5.875132,43.307163],[-5.8751229,43.3071567],[-5.8751152,43.3071499],[-5.8751095,43.3071432],[-5.8751053,43.3071365],[-5.8751025,43.3071299],[-5.8751014,43.3071238],[-5.8751027,43.3071163],[-5.8751079,43.3071035],[-5.8751097,43.3070979],[-5.8751184,43.3070618],[-5.8751204,43.3070547],[-5.8751242,43.3070463],[-5.8751292,43.3070377],[-5.8751344,43.3070297],[-5.8751405,43.307022],[-5.8751484,43.3070136],[-5.8751638,43.3069988],[-5.8751709,43.3069925],[-5.8751776,43.3069871],[-5.8751945,43.3069741],[-5.8752049,43.3069665],[-5.875214,43.3069609],[-5.8752237,43.3069559],[-5.8752368,43.3069506],[-5.8752504,43.3069467],[-5.8752642,43.3069444],[-5.8752881,43.3069421],[-5.8753155,43.3069399],[-5.8753269,43.3069379],[-5.8753379,43.306935],[-5.8753444,43.3069327],[-5.8753504,43.3069298],[-5.87536,43.306923],[-5.8753683,43.3069148],[-5.8753874,43.3068932],[-5.875392,43.3068872],[-5.875396,43.306881],[-5.8754032,43.3068686],[-5.8754219,43.3068417],[-5.8754378,43.3068251],[-5.8754451,43.3068166],[-5.875452,43.3068076],[-5.8754581,43.3067984],[-5.8754631,43.3067891],[-5.87547,43.306773],[-5.8754743,43.3067655],[-5.8754789,43.3067596],[-5.8754844,43.3067541],[-5.875492,43.3067479],[-5.8755005,43.3067422],[-5.8755295,43.3067266],[-5.8755371,43.3067221],[-5.8755446,43.3067172],[-5.8755823,43.3066903],[-5.875595,43.3066819],[-5.8756082,43.3066739],[-5.8756194,43.3066677],[-5.8756309,43.3066619],[-5.8756462,43.3066549],[-5.8756618,43.3066486],[-5.875708,43.3066326],[-5.8757336,43.3066231],[-5.8757554,43.3066149],[-5.8757655,43.3066106],[-5.8757743,43.3066062],[-5.8757926,43.3065955],[-5.8758021,43.3065893],[-5.8758111,43.3065828],[-5.8758322,43.3065642],[-5.87584,43.3065579],[-5.8758524,43.3065489],[-5.8758656,43.3065408],[-5.8758757,43.3065355],[-5.8758859,43.3065309],[-5.8759253,43.3065163],[-5.8759472,43.3065089],[-5.8759762,43.3064979],[-5.8759835,43.3064948],[-5.8759905,43.3064913],[-5.8759998,43.3064853],[-5.8760217,43.3064684],[-5.8760294,43.3064636],[-5.8760542,43.3064502],[-5.8761187,43.3064146],[-5.8761433,43.3064],[-5.8761513,43.3063958],[-5.8761601,43.3063921],[-5.8761697,43.306389],[-5.87618,43.3063866],[-5.876196,43.3063844],[-5.8762128,43.3063835],[-5.8762277,43.3063837],[-5.8762426,43.3063847],[-5.8762713,43.3063881],[-5.8762886,43.3063897],[-5.8763048,43.3063893],[-5.8763141,43.3063876],[-5.8763227,43.306385],[-5.8763336,43.3063801],[-5.8763425,43.3063735],[-5.8763478,43.3063671],[-5.8763519,43.3063598],[-5.8763551,43.3063519],[-5.8763577,43.3063437],[-5.8763633,43.3063181],[-5.8763653,43.3063109],[-5.8763682,43.3063041],[-5.8763724,43.3062979],[-5.8763778,43.3062919],[-5.8764158,43.3062569],[-5.8764261,43.3062481],[-5.8764368,43.30624],[-5.8764482,43.3062324],[-5.8764601,43.3062254],[-5.8764721,43.306219],[-5.8764999,43.3062063],[-5.876509,43.3062025],[-5.8765194,43.3061987],[-5.8765301,43.3061955],[-5.8765459,43.3061918],[-5.8765615,43.3061896],[-5.876572,43.3061891],[-5.8765823,43.3061892],[-5.8765914,43.3061897],[-5.8766003,43.3061908],[-5.8766091,43.3061927],[-5.8766178,43.3061954],[-5.8766298,43.3062002],[-5.8766414,43.3062057],[-5.8766697,43.3062214],[-5.8766781,43.3062255],[-5.8766877,43.3062287],[-5.8766976,43.3062311],[-5.8767085,43.3062328],[-5.8767188,43.3062333],[-5.8767285,43.3062319],[-5.8767378,43.3062294],[-5.8767498,43.3062255],[-5.8767589,43.3062216],[-5.876768,43.3062168],[-5.876777,43.3062115],[-5.8767853,43.3062059],[-5.8768031,43.3061921],[-5.8768111,43.3061867],[-5.8768199,43.3061818],[-5.8768293,43.3061775],[-5.8768381,43.3061744],[-5.8768469,43.3061719],[-5.8768555,43.30617],[-5.8768641,43.306169],[-5.8768782,43.3061698],[-5.8769224,43.3061769],[-5.8769528,43.3061825],[-5.8769822,43.3061866],[-5.8769921,43.3061873],[-5.8769999,43.3061871],[-5.8770079,43.3061863],[-5.8770173,43.3061848],[-5.8770401,43.3061798],[-5.877074,43.3061736],[-5.877086,43.3061717],[-5.8770946,43.306171],[-5.8771033,43.3061706],[-5.8771151,43.3061708],[-5.8771372,43.3061719],[-5.8771475,43.3061721],[-5.8771582,43.3061716],[-5.8771799,43.3061699],[-5.8771917,43.3061694],[-5.8772034,43.3061695],[-5.8772292,43.3061707],[-5.8772572,43.3061703],[-5.8772876,43.3061707],[-5.8773156,43.3061687],[-5.8773336,43.3061682],[-5.8773432,43.3061686],[-5.8773527,43.3061695],[-5.8773626,43.3061712],[-5.8773722,43.3061734],[-5.8773853,43.3061769],[-5.8773976,43.3061813],[-5.8774049,43.3061849],[-5.8774122,43.3061889],[-5.8774459,43.3062087],[-5.8774542,43.3062133],[-5.8774629,43.3062176],[-5.8774718,43.3062215],[-5.8774825,43.3062253],[-5.8774932,43.3062283],[-5.8775043,43.3062303],[-5.8775152,43.306231],[-5.8775256,43.3062306],[-5.8775356,43.3062292],[-5.8775433,43.3062277],[-5.8775506,43.3062258],[-5.8775573,43.3062234],[-5.8775632,43.3062204],[-5.8775692,43.3062165],[-5.8775868,43.3062027],[-5.8776026,43.3061913],[-5.8776097,43.306185],[-5.8776357,43.3061596],[-5.877642,43.3061538],[-5.8776498,43.3061485],[-5.8776759,43.3061337],[-5.8776843,43.3061277],[-5.8777007,43.3061147],[-5.8777086,43.3061079],[-5.8777145,43.3061019],[-5.8777193,43.3060953],[-5.8777225,43.3060883],[-5.877724,43.3060808],[-5.8777235,43.3060725],[-5.8777213,43.306064],[-5.8777184,43.3060567],[-5.8777143,43.3060494],[-5.8777093,43.3060423],[-5.8777033,43.3060352],[-5.877696,43.3060279],[-5.8776513,43.3059856],[-5.8776273,43.3059641],[-5.8776126,43.3059517],[-5.8775823,43.3059251],[-5.8775651,43.3059111],[-5.8775555,43.3059024],[-5.8775454,43.3058939],[-5.8775386,43.305889],[-5.8775312,43.3058845],[-5.8775211,43.3058798],[-5.8775098,43.3058757],[-5.8774893,43.3058711],[-5.8774677,43.305869],[-5.8774547,43.3058689],[-5.87743,43.30587],[-5.8774081,43.3058721],[-5.8773996,43.3058733],[-5.8773915,43.3058749],[-5.8773943,43.3058715],[-5.8773952,43.3058686],[-5.8773939,43.3058673],[-5.8773909,43.3058672],[-5.8773645,43.3058771],[-5.8773568,43.3058795],[-5.8773503,43.3058807],[-5.8773435,43.3058815],[-5.8773342,43.3058818],[-5.8773176,43.3058813],[-5.8773082,43.3058815],[-5.8772991,43.3058807],[-5.877289,43.3058779],[-5.877279,43.3058735],[-5.8772728,43.3058698],[-5.8772675,43.3058657],[-5.877264,43.3058618],[-5.877262,43.3058576],[-5.8772617,43.3058521],[-5.8772638,43.3058469],[-5.8772681,43.3058424],[-5.8772743,43.305839],[-5.8772847,43.3058366],[-5.8773051,43.3058344],[-5.8773135,43.3058332],[-5.8773222,43.3058316],[-5.8773313,43.3058295],[-5.877346,43.3058255],[-5.877361,43.3058209],[-5.8773725,43.305817],[-5.8773836,43.3058127],[-5.8773943,43.3058081],[-5.8774131,43.3057992],[-5.8774216,43.3057948],[-5.8774318,43.3057885],[-5.8774418,43.3057815],[-5.8774622,43.3057664],[-5.8775024,43.3057375],[-5.8775146,43.3057282],[-5.8775263,43.3057187],[-5.8775371,43.3057088],[-5.8775483,43.3056968],[-5.8775799,43.3056616],[-5.8775673,43.3056287],[-5.877538,43.3056037],[-5.8774964,43.3055759],[-5.8774952,43.305576],[-5.8774896,43.3055757],[-5.877486,43.3055747],[-5.8774847,43.3055732],[-5.8774856,43.3055716],[-5.877488,43.3055702],[-5.8774908,43.3055686],[-5.8774906,43.3055683],[-5.8774899,43.3055661],[-5.8774896,43.3055545],[-5.8774876,43.3055475],[-5.8774839,43.3055395],[-5.8774119,43.3054934],[-5.8773165,43.3055061],[-5.8772842,43.3055196],[-5.8772251,43.3055419],[-5.8771837,43.3055587],[-5.8771241,43.3055867],[-5.8770757,43.3056075],[-5.8770665,43.3056112],[-5.8770296,43.3056242],[-5.8770071,43.3056315],[-5.8769894,43.3056393],[-5.8769579,43.3056545],[-5.8769052,43.3056821],[-5.8768858,43.3056937],[-5.876877,43.3056994],[-5.8768693,43.305705],[-5.8768555,43.305716],[-5.8768469,43.3057218],[-5.8768378,43.305727],[-5.8768222,43.3057352],[-5.8768156,43.3057394],[-5.8768106,43.3057437],[-5.8768007,43.3057533],[-5.8767959,43.3057572],[-5.8767696,43.3057753],[-5.8767522,43.3057863],[-5.8767253,43.3058021],[-5.876706,43.3058146],[-5.8766854,43.3058284],[-5.8766741,43.3058356],[-5.8766657,43.3058405],[-5.8766407,43.3058537],[-5.8766174,43.3058649],[-5.8765906,43.305881],[-5.8765586,43.3058985],[-5.8765429,43.3059065],[-5.8765057,43.3059244],[-5.8764679,43.305944],[-5.8763874,43.3059846],[-5.8763458,43.3060059],[-5.8763349,43.3060113],[-5.8763236,43.3060163],[-5.8762825,43.3060334],[-5.8762527,43.3060457],[-5.8762329,43.3060535],[-5.8762073,43.3060626],[-5.8761949,43.3060664],[-5.8761859,43.3060687],[-5.8761772,43.3060706],[-5.8761656,43.3060724],[-5.8761452,43.3060742],[-5.8761358,43.3060741],[-5.8761254,43.3060726],[-5.8761147,43.3060697],[-5.8761041,43.3060661],[-5.8760886,43.3060597],[-5.8760793,43.3060552],[-5.876071,43.3060501],[-5.8760631,43.306043],[-5.876056,43.3060347],[-5.8760496,43.3060262],[-5.8760438,43.3060172],[-5.8760391,43.3060077],[-5.876036,43.3059983],[-5.8760338,43.3059886],[-5.8760323,43.3059789],[-5.8760318,43.3059692],[-5.8760331,43.3059587],[-5.8760361,43.3059485],[-5.8760398,43.3059406],[-5.8760444,43.3059332],[-5.876051,43.3059255],[-5.8760589,43.3059191],[-5.8760673,43.3059147],[-5.8760767,43.3059111],[-5.876087,43.3059076],[-5.8760983,43.3059044],[-5.8761107,43.3059017],[-5.8761815,43.305888],[-5.8761928,43.3058854],[-5.8762032,43.3058825],[-5.8762215,43.3058767],[-5.8762335,43.3058733],[-5.8762637,43.3058658],[-5.8762962,43.3058567],[-5.8763111,43.3058519],[-5.8763234,43.3058469],[-5.8763355,43.3058409],[-5.8763526,43.3058314],[-5.8763944,43.3058073],[-5.876438,43.3057795],[-5.8764502,43.3057711],[-5.8764693,43.3057574],[-5.8764726,43.3057552],[-5.8766817,43.3056069],[-5.876684,43.305605],[-5.8766909,43.3056004],[-5.8766986,43.3055964],[-5.876705,43.305594],[-5.8767216,43.3055887],[-5.8767326,43.3055861],[-5.8767486,43.3055843],[-5.8767662,43.3055839],[-5.8767905,43.3055842],[-5.8768061,43.3055838],[-5.8768218,43.3055824],[-5.8768364,43.3055801],[-5.8768508,43.3055772],[-5.8768792,43.3055708],[-5.8769183,43.3055609],[-5.876959,43.305553],[-5.8769861,43.305547],[-5.8769996,43.3055437],[-5.8770455,43.3055305],[-5.8770655,43.305524],[-5.8771002,43.3055138],[-5.8771108,43.3055102],[-5.8771563,43.3054924],[-5.8771846,43.305482],[-5.8771981,43.3054765],[-5.8772309,43.3054616],[-5.8772616,43.3054489],[-5.8772715,43.3054445],[-5.8772812,43.3054406],[-5.87729,43.3054384],[-5.8772998,43.3054371],[-5.8773102,43.3054367],[-5.8773207,43.3054369],[-5.8774486,43.3054201],[-5.8775192,43.3054124],[-5.8775655,43.3054421],[-5.877631,43.3054839],[-5.8776324,43.3054851],[-5.8776692,43.3055086],[-5.8776684,43.3055297],[-5.8776728,43.3055489],[-5.8777019,43.3055687],[-5.8777321,43.3055744],[-5.877768,43.3055716],[-5.8778482,43.3056228],[-5.8780903,43.3057776],[-5.8781036,43.3057863],[-5.8781959,43.305845],[-5.8782112,43.3058594],[-5.8782215,43.3058664],[-5.8782302,43.3058709],[-5.878239,43.3058763],[-5.8782547,43.3058826],[-5.8784143,43.3059846],[-5.878751,43.3061999],[-5.8788233,43.3062461],[-5.8787863,43.3062732],[-5.8787646,43.3062937],[-5.8787581,43.3063008],[-5.8787481,43.3063135],[-5.8787423,43.3063198],[-5.8787254,43.3063367],[-5.8787175,43.3063432],[-5.8787087,43.3063498],[-5.8786799,43.3063707],[-5.8786646,43.3063809],[-5.8786275,43.3064043],[-5.878605,43.3064202],[-5.8785935,43.306429],[-5.8785833,43.3064374],[-5.8785729,43.306447],[-5.8785556,43.3064623],[-5.878544,43.3064737],[-5.8785367,43.3064794],[-5.878528,43.3064851],[-5.8785184,43.3064907],[-5.8785084,43.306496],[-5.8784981,43.306501],[-5.8784877,43.3065052],[-5.8784567,43.3065139],[-5.8784433,43.3065184],[-5.8784287,43.3065245],[-5.8784181,43.3065303],[-5.8784089,43.3065367],[-5.8783916,43.3065522],[-5.8783856,43.3065568],[-5.8783779,43.3065615],[-5.8783616,43.3065705],[-5.8783545,43.3065752],[-5.8783365,43.306588],[-5.8783078,43.3066066],[-5.8782883,43.3066213],[-5.8782818,43.3066257],[-5.8782535,43.3066404],[-5.87823,43.3066539],[-5.8782169,43.3066622],[-5.8782041,43.3066711],[-5.878174,43.3066931],[-5.8781621,43.3067024],[-5.8781512,43.3067117],[-5.8781379,43.306724],[-5.8781197,43.3067391],[-5.8780931,43.3067637],[-5.8780807,43.3067743],[-5.8780651,43.3067868],[-5.8780568,43.3067928],[-5.8780266,43.3068127],[-5.8779973,43.3068333],[-5.8779883,43.3068391],[-5.8779787,43.3068444],[-5.8779688,43.3068492],[-5.877956,43.3068548],[-5.8779431,43.3068597],[-5.8779122,43.3068691],[-5.8778914,43.306876],[-5.877881,43.306879],[-5.8778604,43.306883],[-5.8778537,43.3068847],[-5.8778307,43.3068928],[-5.8778082,43.3068991],[-5.8777988,43.3069023],[-5.8777891,43.3069062],[-5.8777792,43.3069107],[-5.8777692,43.3069158],[-5.8777492,43.3069271],[-5.8777352,43.3069361],[-5.8777217,43.3069454],[-5.8777067,43.3069563],[-5.8776829,43.3069743],[-5.8776743,43.3069815],[-5.8776668,43.3069897],[-5.8776439,43.3070182],[-5.8776301,43.3070367],[-5.8776202,43.3070519],[-5.8776135,43.3070629],[-5.8776031,43.3070818],[-5.8775923,43.3071045],[-5.8775881,43.3071119],[-5.8775834,43.3071188],[-5.8775627,43.3071448],[-5.8775569,43.3071512],[-5.8775436,43.3071638],[-5.8775373,43.3071706],[-5.8775323,43.3071792],[-5.8775284,43.3071886],[-5.877519,43.3072166],[-5.8775154,43.3072244],[-5.8775059,43.3072411],[-5.8774916,43.307264],[-5.8774849,43.3072729],[-5.8774775,43.3072814],[-5.8774692,43.3072891],[-5.8774625,43.3072945],[-5.8774554,43.3072993],[-5.8774247,43.3073188],[-5.8773972,43.3073338],[-5.8773794,43.3073445],[-5.8773272,43.3073779],[-5.8773185,43.3073827],[-5.8773092,43.307387],[-5.8772897,43.3073944],[-5.8772796,43.3073978],[-5.877249,43.3074065],[-5.8772275,43.3074136],[-5.8772172,43.3074177],[-5.8772081,43.3074223],[-5.8771996,43.3074287],[-5.8771921,43.3074359],[-5.8771817,43.3074474],[-5.8771772,43.3074536],[-5.8771733,43.3074601],[-5.8771631,43.3074809],[-5.8771571,43.3074901],[-5.87715,43.3074991],[-5.8771419,43.307508],[-5.8771356,43.3075145],[-5.8771229,43.3075262],[-5.8771163,43.3075313],[-5.877107,43.3075372],[-5.8770967,43.3075428],[-5.877082,43.30755],[-5.877047,43.3075655],[-5.8769742,43.3075988],[-5.8769588,43.3076051],[-5.8769316,43.3076152],[-5.8769237,43.3076187],[-5.8768852,43.3076401],[-5.8768667,43.3076494],[-5.8768554,43.3076542],[-5.8768324,43.3076627],[-5.8768233,43.3076668],[-5.8768023,43.3076773],[-5.8767852,43.307685],[-5.8767754,43.3076898],[-5.8767668,43.3076946],[-5.8767567,43.3077009],[-5.8767479,43.3077056],[-5.8767387,43.3077096],[-5.8767275,43.3077137],[-5.8767222,43.307716],[-5.8767176,43.3077186],[-5.8767049,43.3077283],[-5.8766956,43.3077343],[-5.8766839,43.3077407],[-5.8766705,43.3077473],[-5.8766559,43.3077539],[-5.8766405,43.30776],[-5.8766248,43.3077656],[-5.8765949,43.3077747],[-5.8765852,43.3077782],[-5.8765685,43.307785],[-5.8765614,43.3077886],[-5.8765539,43.3077936],[-5.876547,43.3077993],[-5.8765341,43.3078119],[-5.8765241,43.3078206],[-5.8765134,43.307829],[-5.8765049,43.3078351],[-5.876496,43.3078406],[-5.8764852,43.3078457],[-5.8764737,43.3078495],[-5.8764651,43.3078517],[-5.8764565,43.3078534],[-5.8764451,43.3078552],[-5.8764343,43.3078562],[-5.8764095,43.3078564],[-5.8763734,43.3078598],[-5.8763613,43.3078603],[-5.8763389,43.3078601],[-5.876323,43.307861],[-5.8763079,43.3078632],[-5.8762989,43.3078653],[-5.8762794,43.3078707],[-5.8762688,43.3078743],[-5.8762607,43.3078781],[-5.8762527,43.3078825],[-5.8762242,43.3078988],[-5.8762129,43.3079061],[-5.8761958,43.3079181],[-5.8761897,43.3079215],[-5.8761813,43.3079249],[-5.8761725,43.3079276],[-5.876165,43.3079295],[-5.8761576,43.307931],[-5.8761374,43.3079341],[-5.8761268,43.3079366],[-5.8761067,43.3079422],[-5.8760976,43.3079451],[-5.8760887,43.3079482],[-5.8760548,43.307961],[-5.8760226,43.3079744],[-5.8760102,43.3079803],[-5.8759892,43.3079928],[-5.8759667,43.3080068],[-5.8759566,43.308012],[-5.8759257,43.3080256],[-5.8758697,43.3080475],[-5.8758527,43.3080551],[-5.8758449,43.3080589],[-5.8758347,43.3080649],[-5.8758269,43.3080713],[-5.8758223,43.3080771],[-5.8758141,43.3080928],[-5.8758113,43.3080971],[-5.8758078,43.3081009],[-5.875802,43.3081049],[-5.8757946,43.3081081],[-5.875786,43.3081103],[-5.8757766,43.3081118],[-5.8757609,43.3081133],[-5.8757509,43.3081134],[-5.8757415,43.3081128],[-5.8757302,43.3081114],[-5.8757187,43.3081104],[-5.8757093,43.3081105],[-5.875699,43.3081114],[-5.8756771,43.3081145],[-5.875666,43.3081167],[-5.8756481,43.3081215],[-5.8756336,43.3081263],[-5.8756195,43.3081314],[-5.8756051,43.3081373],[-5.8755919,43.3081437],[-5.8755846,43.3081481],[-5.875536,43.3081797],[-5.8755283,43.3081844],[-5.8755083,43.3081954],[-5.8754762,43.3082153],[-5.8754625,43.308223],[-5.8754502,43.3082292],[-5.8754372,43.3082351],[-5.8754239,43.3082405],[-5.8754101,43.3082455],[-5.8753961,43.30825],[-5.8753657,43.3082587],[-5.8753494,43.308263],[-5.8753312,43.3082672],[-5.8753129,43.3082711],[-5.8752499,43.3082832],[-5.8752389,43.3082858],[-5.8752283,43.3082886],[-5.8752081,43.3082951],[-5.8751985,43.3082986],[-5.8751817,43.3083061],[-5.8751674,43.3083147],[-5.8751609,43.3083199],[-5.8751557,43.3083254],[-5.8751513,43.3083322],[-5.8751488,43.3083392],[-5.8751478,43.3083468],[-5.8751477,43.3083542],[-5.8751478,43.3083617],[-5.8751485,43.3083691],[-5.8751567,43.3084002],[-5.8751606,43.3084134],[-5.8751612,43.3084202],[-5.8751602,43.308427],[-5.8751556,43.3084357],[-5.875148,43.3084435],[-5.8751397,43.3084489],[-5.8751302,43.3084532],[-5.8751208,43.3084561],[-5.8749779,43.3086236],[-5.8749774,43.3086249],[-5.8749715,43.3086331],[-5.8749655,43.3086392],[-5.8749627,43.3086417],[-5.8749608,43.3086444],[-5.8749558,43.3086509],[-5.8749442,43.3086631],[-5.8749335,43.3086734],[-5.8749115,43.3086934],[-5.8749003,43.308702],[-5.8748967,43.308704],[-5.8748485,43.3087456],[-5.8748476,43.3087899],[-5.8748617,43.3088005],[-5.874874,43.3088115],[-5.8748857,43.308825],[-5.874893,43.3088379],[-5.8748953,43.3088493],[-5.8748941,43.3088554],[-5.8748913,43.3088604],[-5.8748861,43.3088647],[-5.8748804,43.308867],[-5.8748756,43.308867],[-5.8748749,43.3088634],[-5.8748716,43.3088558],[-5.8748675,43.3088485],[-5.8748615,43.3088405],[-5.8748501,43.3088302],[-5.8748349,43.3088208],[-5.8748155,43.3088128],[-5.8747943,43.3088079],[-5.8747732,43.3088068],[-5.8747525,43.3088083],[-5.8747211,43.3088128],[-5.8747045,43.3088143],[-5.8746672,43.3088156],[-5.8746541,43.3088164],[-5.8746412,43.3088177],[-5.8746246,43.3088199],[-5.8746128,43.3088223],[-5.8746016,43.3088256],[-5.8745909,43.3088302],[-5.8745808,43.3088357],[-5.8745752,43.3088392],[-5.8745645,43.3088467],[-5.8745476,43.3088604],[-5.8745365,43.3088706],[-5.8745273,43.3088797],[-5.8745124,43.3088951],[-5.8744809,43.3089297],[-5.8744442,43.3089716],[-5.8744124,43.3090112],[-5.8743843,43.3090437],[-5.874369,43.3090626],[-5.8743638,43.3090684],[-5.8743582,43.309074],[-5.874329,43.3091009],[-5.8743128,43.3091171],[-5.8742907,43.3091376],[-5.8742695,43.3091582],[-5.8742065,43.3092249],[-5.8741946,43.3092372],[-5.8741723,43.3092591],[-5.8741298,43.3092993],[-5.8740562,43.3093676],[-5.8740269,43.3093937],[-5.8740118,43.3094062],[-5.8739959,43.3094186],[-5.8739831,43.3094281],[-5.8739563,43.3094467],[-5.8739213,43.3094694],[-5.8738869,43.3094903],[-5.8738554,43.3095087],[-5.8737687,43.3095579],[-5.87374,43.3095753],[-5.8737259,43.3095843],[-5.8736962,43.3096042],[-5.8736672,43.3096251],[-5.8736392,43.3096466],[-5.8736123,43.3096687],[-5.8735949,43.3096835],[-5.8735672,43.3097087],[-5.8735412,43.309734],[-5.8735099,43.3097665],[-5.8734857,43.309788],[-5.8734735,43.3097994],[-5.8734617,43.3098112],[-5.8734506,43.3098234],[-5.8734401,43.3098358],[-5.8734305,43.3098483],[-5.8734219,43.3098609],[-5.8734083,43.3098837],[-5.8733901,43.3099111],[-5.873383,43.3099214],[-5.8733623,43.3099497],[-5.8733561,43.3099571],[-5.8733496,43.3099631],[-5.8732534,43.3100832],[-5.8732542,43.3100863],[-5.8732532,43.3100939],[-5.8732493,43.3101015],[-5.8732465,43.3101053],[-5.8732383,43.3101144],[-5.873232,43.3101202],[-5.8732249,43.310126],[-5.8732121,43.3101347],[-5.8731981,43.3101428],[-5.8731676,43.3101591],[-5.8731332,43.3101798],[-5.8731243,43.3101858],[-5.8730986,43.3102065],[-5.8730922,43.3102107],[-5.8730851,43.3102144],[-5.8730692,43.310221],[-5.8730344,43.310233],[-5.8730174,43.3102398],[-5.8730094,43.3102437],[-5.8729979,43.3102501],[-5.872987,43.310257],[-5.8729801,43.3102618],[-5.8729604,43.3102774],[-5.8729277,43.3103054],[-5.8729156,43.3103164],[-5.8729036,43.310328],[-5.872891,43.3103411],[-5.8728787,43.3103548],[-5.8728667,43.3103689],[-5.8728438,43.3103978],[-5.872833,43.3104124],[-5.8728227,43.3104271],[-5.872813,43.3104417],[-5.8728043,43.3104562],[-5.8727947,43.3104733],[-5.8727815,43.3104952],[-5.8727622,43.3105304],[-5.8727541,43.3105438],[-5.8726959,43.3106291],[-5.872683,43.3106489],[-5.8726758,43.3106585],[-5.8726719,43.3106631],[-5.8725605,43.3109973],[-5.8725606,43.3110026],[-5.8725617,43.3110087],[-5.8725664,43.3110284],[-5.8725681,43.3110377],[-5.8725706,43.3110556],[-5.8725717,43.3110721],[-5.8725715,43.3110804],[-5.8725706,43.3110919],[-5.8725692,43.3111045],[-5.8725672,43.3111177],[-5.8725646,43.311131],[-5.8725614,43.3111441],[-5.8725577,43.3111569],[-5.8725472,43.3111864],[-5.8725309,43.3112269],[-5.8725255,43.3112391],[-5.8725231,43.311246],[-5.8725189,43.3112636],[-5.8725131,43.3112922],[-5.8725095,43.311307],[-5.872505,43.3113217],[-5.8724995,43.3113361],[-5.8724953,43.3113449],[-5.8724906,43.3113533],[-5.8724843,43.3113635],[-5.8724701,43.3113826],[-5.8724658,43.3113892],[-5.872462,43.3113963],[-5.8724568,43.3114066],[-5.872452,43.3114176],[-5.8724478,43.311429],[-5.872444,43.3114431],[-5.8724348,43.3114844],[-5.8724314,43.3115045],[-5.8724301,43.3115177],[-5.8724298,43.3115431],[-5.87243,43.3115526],[-5.8724308,43.3115622],[-5.8724368,43.311615],[-5.8724407,43.3116588],[-5.8724467,43.3117035],[-5.8724506,43.3117446],[-5.8724546,43.31177],[-5.8724587,43.3117915],[-5.8724617,43.3118046],[-5.8724692,43.3118308],[-5.8724928,43.3119037],[-5.8724982,43.3119187],[-5.8725106,43.3119469],[-5.8725177,43.31196],[-5.8725304,43.3119787],[-5.8725351,43.3119853],[-5.8725509,43.3120044],[-5.8725599,43.3120164],[-5.8725681,43.3120291],[-5.872576,43.3120441],[-5.8725832,43.312061],[-5.8725879,43.3120743],[-5.8725926,43.3120913],[-5.8726009,43.3121178],[-5.8726062,43.312137],[-5.8726211,43.3122044],[-5.8726252,43.3122257],[-5.872627,43.3122332],[-5.8726329,43.3122529],[-5.8726379,43.3122661],[-5.872644,43.3122795],[-5.8726509,43.3122928],[-5.8726588,43.3123059],[-5.8726788,43.3123369],[-5.8726987,43.3123706],[-5.8727151,43.3123974],[-5.8727249,43.3124121],[-5.8727341,43.3124246],[-5.8727834,43.3124892],[-5.8727959,43.3125045],[-5.8728037,43.3125133],[-5.8728093,43.3125189],[-5.8728193,43.3125283],[-5.8728382,43.312545],[-5.8728486,43.3125554],[-5.8728531,43.3125609],[-5.8728571,43.3125666],[-5.8728623,43.3125763],[-5.8728673,43.3125885],[-5.8728748,43.3126105],[-5.8728808,43.3126232],[-5.8728888,43.3126356],[-5.8728976,43.3126463],[-5.8729075,43.3126568],[-5.8729289,43.3126777],[-5.8729649,43.3127137],[-5.8729855,43.312733],[-5.8729944,43.3127406],[-5.8730035,43.3127473],[-5.873012,43.3127525],[-5.8730207,43.312757],[-5.8730276,43.3127601],[-5.8730346,43.3127626],[-5.8730414,43.3127647],[-5.8730588,43.3127692],[-5.8730689,43.3127727],[-5.8730781,43.3127776],[-5.873097,43.31279],[-5.8731081,43.3127962],[-5.8731205,43.3128013],[-5.8731481,43.312811],[-5.873162,43.3128165],[-5.873177,43.3128241],[-5.8731913,43.3128328],[-5.8732049,43.312842],[-5.8732398,43.3128669],[-5.8732466,43.3128728],[-5.8732528,43.312879],[-5.8732584,43.3128856],[-5.8732631,43.3128924],[-5.8732684,43.3129041],[-5.873272,43.3129165],[-5.873275,43.3129289],[-5.8732772,43.3129412],[-5.8732782,43.3129533],[-5.8732772,43.3129655],[-5.8732739,43.3129762],[-5.8732683,43.3129845],[-5.8732624,43.3129887],[-5.8732557,43.312991],[-5.8732492,43.3129915],[-5.8732425,43.3129899],[-5.8732277,43.3129842],[-5.8732155,43.3129816],[-5.8732013,43.3129803],[-5.8731862,43.3129806],[-5.8731717,43.3129827],[-5.8731591,43.3129871],[-5.8731539,43.3129905],[-5.8731493,43.3129945],[-5.873144,43.3130012],[-5.8731403,43.3130088],[-5.873139,43.3130159],[-5.8731393,43.3130234],[-5.8731412,43.3130319],[-5.8731443,43.3130408],[-5.8731503,43.3130542],[-5.8731564,43.3130648],[-5.8731659,43.313078],[-5.8731944,43.3131137],[-5.8732027,43.3131252],[-5.8732245,43.3131604],[-5.873232,43.3131718],[-5.8732431,43.3131854],[-5.8732558,43.3131986],[-5.8732699,43.3132116],[-5.8732848,43.3132243],[-5.8733165,43.3132493],[-5.8733664,43.3132863],[-5.8734681,43.3133595],[-5.8735194,43.3133957],[-5.873554,43.3134194],[-5.8735721,43.3134315],[-5.8736272,43.313467],[-5.8737386,43.3135372],[-5.8738135,43.3135835],[-5.8738516,43.3136062],[-5.8738898,43.3136277],[-5.8739281,43.3136481],[-5.8739862,43.3136774],[-5.874025,43.313696],[-5.8740634,43.3137132],[-5.8740823,43.313721],[-5.8741009,43.3137279],[-5.8741191,43.3137337],[-5.8741486,43.3137417],[-5.8741571,43.3137443],[-5.8741737,43.3137503],[-5.8741941,43.3137584],[-5.874222,43.3137702],[-5.8742295,43.3137738],[-5.8742472,43.3137829],[-5.8742746,43.3137982],[-5.8742815,43.3138014],[-5.8742879,43.313804],[-5.8743118,43.3138123],[-5.8743394,43.3138236],[-5.8743658,43.3138336],[-5.8743822,43.3138393],[-5.8744167,43.3138506],[-5.8744509,43.3138608],[-5.8745117,43.3138766],[-5.8745257,43.3138806],[-5.8745433,43.3138868],[-5.8745574,43.3138913],[-5.8745997,43.3139032],[-5.8746386,43.3139125],[-5.874665,43.3139193],[-5.8746921,43.3139253],[-5.874706,43.3139278],[-5.8747295,43.3139312],[-5.8747434,43.3139329],[-5.874757,43.313934],[-5.8747725,43.313934],[-5.8747879,43.3139333],[-5.8748472,43.3139268],[-5.8748588,43.3139268],[-5.8748699,43.3139281],[-5.87488,43.3139307],[-5.8748858,43.3139332],[-5.8748909,43.3139361],[-5.8748953,43.3139396],[-5.8749001,43.3139461],[-5.8750828,43.3140547],[-5.8751305,43.3140634],[-5.8751557,43.3140692],[-5.8753405,43.3141134],[-5.8754345,43.3141351],[-5.8754804,43.3141453],[-5.8755243,43.3141544],[-5.875545,43.3141584],[-5.8755851,43.3141652],[-5.8756254,43.3141747],[-5.8756445,43.3141797],[-5.8757011,43.3141918],[-5.8757142,43.3141952],[-5.8757275,43.3141978],[-5.8757346,43.3141987],[-5.8757415,43.3141989],[-5.8757615,43.3141982],[-5.8757849,43.3141983],[-5.8758135,43.3141997],[-5.8758395,43.3142021],[-5.8758651,43.3142051],[-5.8758886,43.3142088],[-5.8759114,43.3142111],[-5.8759192,43.3142122],[-5.8759563,43.3142193],[-5.8759763,43.3142227],[-5.8759918,43.3142248],[-5.8760074,43.3142262],[-5.8760229,43.3142272],[-5.8760408,43.3142277],[-5.876057,43.3142274],[-5.876082,43.3142261],[-5.8760977,43.3142259],[-5.8761131,43.314227],[-5.8761303,43.3142286],[-5.8761475,43.3142294],[-5.876158,43.3142296],[-5.8761871,43.3142287],[-5.8762327,43.3142248],[-5.8762662,43.3142213],[-5.876283,43.3142207],[-5.8763196,43.3142214],[-5.8763414,43.3142213],[-5.8763706,43.3142197],[-5.8764349,43.3142148],[-5.876453,43.3142131],[-5.8765498,43.3142029],[-5.876596,43.3141986],[-5.8766604,43.314195],[-5.8767454,43.314188],[-5.8767751,43.3141848],[-5.8767912,43.314182],[-5.8768443,43.3141711],[-5.876854,43.3141695],[-5.8768641,43.3141683],[-5.8768906,43.3141662],[-5.8769358,43.3141651],[-5.8769502,43.314164],[-5.8769581,43.3141629],[-5.8769752,43.3141595],[-5.8769917,43.3141551],[-5.8770316,43.3141422],[-5.8770658,43.3141324],[-5.8771173,43.3141211],[-5.8771767,43.3141095],[-5.8771953,43.3141051],[-5.8772045,43.3141025],[-5.8772133,43.3140996],[-5.8772299,43.3140935],[-5.8772676,43.3140766],[-5.8772815,43.3140696],[-5.8772959,43.3140635],[-5.8773082,43.31406],[-5.8773215,43.3140574],[-5.8773497,43.3140536],[-5.8773759,43.3140507],[-5.8774196,43.3140484],[-5.8774597,43.3140468],[-5.8774805,43.3140454],[-5.8774919,43.3140442],[-5.8775032,43.3140427],[-5.8775212,43.3140397],[-5.8775574,43.3140329],[-5.8775751,43.3140301],[-5.8776372,43.3140213],[-5.8776992,43.3140117],[-5.8777213,43.3140085],[-5.8777433,43.3140057],[-5.8777849,43.314001],[-5.8778359,43.3139949],[-5.8778968,43.3139886],[-5.8779135,43.3139866],[-5.8779301,43.3139841],[-5.8779539,43.3139791],[-5.8779737,43.3139741],[-5.8779928,43.3139682],[-5.8780109,43.3139615],[-5.8780205,43.3139573],[-5.8780384,43.3139487],[-5.8780581,43.3139387],[-5.8780689,43.3139339],[-5.8780796,43.3139304],[-5.8780879,43.3139289],[-5.8780961,43.3139286],[-5.8781078,43.3139295],[-5.8781197,43.3139312],[-5.8781323,43.3139324],[-5.8781485,43.3139321],[-5.8781661,43.3139298],[-5.8782049,43.3139216],[-5.8782317,43.3139167],[-5.8782598,43.3139126],[-5.8783407,43.3139021],[-5.8783632,43.3138985],[-5.878385,43.3138942],[-5.8784094,43.3138882],[-5.8784232,43.3138844],[-5.8784404,43.3138791],[-5.8784571,43.3138734],[-5.8784731,43.313867],[-5.8785111,43.3138497],[-5.8785539,43.3138324],[-5.8785806,43.3138225],[-5.878605,43.3138142],[-5.8786407,43.3138024],[-5.8787117,43.313782],[-5.8787545,43.3137689],[-5.8787691,43.3137642],[-5.8787837,43.313759],[-5.8787979,43.313753],[-5.8788114,43.3137461],[-5.8788227,43.3137394],[-5.8788417,43.3137264],[-5.8788693,43.3137049],[-5.8788812,43.3136967],[-5.8788938,43.313689],[-5.8789069,43.3136819],[-5.8789204,43.3136755],[-5.8789329,43.3136703],[-5.8789493,43.3136651],[-5.8789638,43.3136621],[-5.8789781,43.3136602],[-5.8790072,43.3136573],[-5.8790164,43.313656],[-5.8790255,43.3136542],[-5.8790396,43.3136507],[-5.8790488,43.3136477],[-5.8790578,43.3136442],[-5.8790717,43.3136382],[-5.8790895,43.31363],[-5.8791172,43.3136183],[-5.8791309,43.313613],[-5.8791477,43.3136077],[-5.8791653,43.3136034],[-5.8791819,43.3136001],[-5.8792155,43.3135942],[-5.8792537,43.3135868],[-5.8792695,43.3135845],[-5.8792803,43.3135834],[-5.8792969,43.3135823],[-5.8793134,43.3135819],[-5.8793296,43.3135819],[-5.8793499,43.3135825],[-5.8793694,43.3135825],[-5.8793823,43.3135817],[-5.8793946,43.3135801],[-5.8794038,43.3135782],[-5.8794122,43.3135757],[-5.8794214,43.3135717],[-5.8794473,43.3135576],[-5.8794571,43.3135537],[-5.8794697,43.3135505],[-5.8794837,43.3135484],[-5.8795285,43.3135437],[-5.8795434,43.3135415],[-5.8795579,43.3135385],[-5.8795863,43.3135319],[-5.8796167,43.3135261],[-5.8796309,43.3135226],[-5.879644,43.3135178],[-5.8796551,43.3135114],[-5.8796651,43.3135037],[-5.8796743,43.3134952],[-5.8796833,43.3134862],[-5.8797384,43.3134296],[-5.8797623,43.3134072],[-5.8797851,43.3133877],[-5.8797939,43.3133808],[-5.879803,43.3133747],[-5.8798147,43.3133687],[-5.8798365,43.3133594],[-5.8798462,43.3133558],[-5.8798555,43.313353],[-5.8798645,43.3133507],[-5.8798836,43.3133465],[-5.8799103,43.3133396],[-5.8799226,43.3133368],[-5.8799355,43.3133347],[-5.8799587,43.3133328],[-5.8799863,43.3133317],[-5.8799967,43.3133318],[-5.8800087,43.3133327],[-5.8800317,43.3133358],[-5.8800446,43.3133372],[-5.8800604,43.3133369],[-5.8800699,43.3133355],[-5.8800797,43.3133333],[-5.8800898,43.3133305],[-5.8801,43.3133272],[-5.8801235,43.3133184],[-5.8801379,43.3133122],[-5.8801521,43.3133052],[-5.8801683,43.3132958],[-5.8802094,43.31327],[-5.8802304,43.3132576],[-5.88025,43.3132464],[-5.8802601,43.3132411],[-5.8802771,43.3132328],[-5.8803061,43.3132206],[-5.8803228,43.3132145],[-5.8803401,43.3132089],[-5.8803907,43.3131941],[-5.8804431,43.31318],[-5.8804591,43.3131756],[-5.8804681,43.3131727],[-5.8804759,43.3131695],[-5.880483,43.3131658],[-5.8805,43.3131555],[-5.8805158,43.3131442],[-5.8805306,43.3131325],[-5.8805415,43.313125],[-5.8805593,43.3131147],[-5.8805752,43.3131069],[-5.880592,43.3130999],[-5.8806821,43.3130654],[-5.8806962,43.3130605],[-5.8807255,43.3130515],[-5.880758,43.3130428],[-5.8807998,43.3130327],[-5.8808354,43.3130234],[-5.8808709,43.3130132],[-5.880889,43.3130076],[-5.880907,43.3130019],[-5.8809844,43.3129752],[-5.8810401,43.3129567],[-5.881068,43.3129468],[-5.8811187,43.3129294],[-5.8811723,43.3129116],[-5.8811854,43.3129075],[-5.8811929,43.3129053],[-5.8812108,43.3129009],[-5.8812505,43.312892],[-5.8812927,43.3128843],[-5.881317,43.3128792],[-5.8813273,43.3128767],[-5.8813366,43.3128735],[-5.8813461,43.3128684],[-5.8813641,43.3128569],[-5.8813735,43.3128513],[-5.8813869,43.312844],[-5.8813992,43.3128384],[-5.8814986,43.3127988],[-5.8815286,43.3127879],[-5.8815729,43.3127736],[-5.8816252,43.3127577],[-5.8816421,43.3127532],[-5.8816602,43.3127487],[-5.8816725,43.3127454],[-5.8816982,43.3127378],[-5.8817488,43.3127203],[-5.8817676,43.3127133],[-5.8817915,43.3127038],[-5.8818321,43.312686],[-5.881874,43.3126699],[-5.8818958,43.3126618],[-5.881909,43.312656],[-5.881932,43.3126448],[-5.8819431,43.3126386],[-5.8819607,43.3126276],[-5.8819743,43.3126185],[-5.8819807,43.3126139],[-5.8819984,43.3125988],[-5.8820094,43.3125882],[-5.8820252,43.3125718],[-5.8820347,43.3125629],[-5.882051,43.3125491],[-5.8820572,43.3125444],[-5.8820622,43.312541],[-5.882073,43.3125349],[-5.8820888,43.3125281],[-5.8821064,43.3125226],[-5.8821227,43.3125189],[-5.882139,43.3125159],[-5.8822192,43.3125043],[-5.8822393,43.3125021],[-5.8822731,43.3124998],[-5.8822925,43.3124981],[-5.8823118,43.312496],[-5.8823347,43.312493],[-5.8823657,43.3124877],[-5.882382,43.3124855],[-5.8824476,43.312479],[-5.8824634,43.3124769],[-5.8824913,43.312472],[-5.8825089,43.3124685],[-5.8825263,43.3124646],[-5.8825431,43.3124601],[-5.8825609,43.3124544],[-5.8825965,43.3124416],[-5.8826616,43.3124202],[-5.8826768,43.3124153],[-5.8826948,43.3124103],[-5.8827036,43.3124081],[-5.8827214,43.3124047],[-5.88278,43.3123963],[-5.8828027,43.3123935],[-5.882821,43.312392],[-5.8828391,43.3123913],[-5.8828648,43.3123914],[-5.8828733,43.3123911],[-5.8828818,43.3123905],[-5.8828903,43.3123896],[-5.8829071,43.3123867],[-5.8829353,43.3123814],[-5.8830242,43.3123662],[-5.8830567,43.3123602],[-5.8830726,43.3123568],[-5.8830894,43.3123527],[-5.8831012,43.3123495],[-5.8831186,43.3123439],[-5.8831579,43.3123291],[-5.8831712,43.3123245],[-5.8831849,43.3123204],[-5.8831989,43.3123168],[-5.8832082,43.3123147],[-5.8832245,43.3123117],[-5.883259,43.3123063],[-5.8832786,43.3123026],[-5.8833202,43.3122931],[-5.883373,43.312283],[-5.8833939,43.3122787],[-5.8834412,43.312268],[-5.8835094,43.3122535],[-5.8835352,43.3122471],[-5.883565,43.3122392],[-5.8835845,43.3122337],[-5.8836456,43.312214],[-5.883669,43.312207],[-5.8836974,43.3121992],[-5.8837172,43.3121945],[-5.8837581,43.3121858],[-5.8838138,43.312173],[-5.8838315,43.3121685],[-5.8838507,43.3121632],[-5.8839281,43.3121411],[-5.8839435,43.3121369],[-5.8839589,43.3121331],[-5.8840033,43.3121227],[-5.8840333,43.3121145],[-5.8840662,43.3121044],[-5.8841098,43.3120889],[-5.8841183,43.3120865],[-5.8841456,43.31208],[-5.884156,43.3120773],[-5.8841803,43.3120699],[-5.8842303,43.3120554],[-5.8842412,43.3120516],[-5.8842714,43.3120377],[-5.8842786,43.3120351],[-5.8842889,43.3120319],[-5.8842999,43.3120287],[-5.8843128,43.3120254],[-5.8843617,43.3120138],[-5.8843829,43.3120078],[-5.8844113,43.3119983],[-5.884457,43.3119821],[-5.8844808,43.3119731],[-5.884493,43.311969],[-5.8845059,43.3119652],[-5.884522,43.311961],[-5.8845866,43.3119469],[-5.8846043,43.3119427],[-5.8846443,43.3119325],[-5.8846953,43.3119207],[-5.8847288,43.3119136],[-5.8847428,43.3119103],[-5.8848042,43.3118937],[-5.8848211,43.3118888],[-5.8848754,43.3118697],[-5.8849807,43.3118338],[-5.8850273,43.3118196],[-5.8850444,43.311814],[-5.8850615,43.311809],[-5.8850701,43.3118068],[-5.8850876,43.311803],[-5.8851139,43.3117986],[-5.8851366,43.311794],[-5.8851767,43.3117836],[-5.8852199,43.3117739],[-5.8852297,43.311772],[-5.88525,43.3117687],[-5.8852916,43.3117628],[-5.8853119,43.3117596],[-5.8853311,43.3117559],[-5.885375,43.3117449],[-5.8853838,43.311743],[-5.8854282,43.3117345],[-5.8854436,43.311731],[-5.8854842,43.3117199],[-5.8855721,43.3116992],[-5.8855907,43.3116955],[-5.8856099,43.3116922],[-5.8856587,43.3116843],[-5.8857167,43.3116742],[-5.8857359,43.3116704],[-5.8857543,43.3116662],[-5.885794,43.3116554],[-5.8858093,43.3116505],[-5.8858503,43.3116356],[-5.8858931,43.3116185],[-5.8859022,43.3116156],[-5.8859212,43.3116106],[-5.885996,43.3115952],[-5.8860092,43.311593],[-5.8860489,43.3115879],[-5.886064,43.3115852],[-5.8860791,43.3115811],[-5.8860985,43.3115742],[-5.8861142,43.3115683],[-5.8861555,43.3115516],[-5.8861707,43.311546],[-5.8861864,43.3115409],[-5.8862024,43.3115363],[-5.8862185,43.3115324],[-5.8862368,43.3115287],[-5.8862723,43.3115223],[-5.8862887,43.3115185],[-5.886389,43.3114899],[-5.8864079,43.311485],[-5.886421,43.311482],[-5.8864613,43.3114737],[-5.8864838,43.3114698],[-5.8865065,43.3114666],[-5.8865294,43.3114639],[-5.8865522,43.3114617],[-5.8865747,43.31146],[-5.8866046,43.3114583],[-5.8866297,43.3114559],[-5.8866733,43.3114497],[-5.8867293,43.3114409],[-5.886761,43.311437],[-5.886797,43.3114335],[-5.8868349,43.3114307],[-5.8868549,43.3114287],[-5.8868743,43.3114255],[-5.8868837,43.3114235],[-5.8869481,43.3114076],[-5.8869677,43.311403],[-5.8869872,43.3113992],[-5.8870143,43.3113955],[-5.8870327,43.3113937],[-5.887069,43.3113915],[-5.8871937,43.3113864],[-5.8872263,43.3113848],[-5.8872682,43.3113822],[-5.8873439,43.3113784],[-5.887365,43.3113776],[-5.8874075,43.3113771],[-5.8874501,43.3113775],[-5.8874713,43.311378],[-5.8875013,43.3113792],[-5.8875191,43.3113803],[-5.8875838,43.3113862],[-5.8876029,43.3113874],[-5.8876219,43.3113879],[-5.8876727,43.3113871],[-5.8877023,43.311387],[-5.8877732,43.3113878],[-5.8877907,43.3113885],[-5.8878104,43.3113896],[-5.8878498,43.3113926],[-5.8878696,43.3113938],[-5.8879059,43.3113949],[-5.8879737,43.3113951],[-5.8880373,43.3113957],[-5.888058,43.3113954],[-5.8880765,43.3113945],[-5.8880947,43.3113931],[-5.8881298,43.31139],[-5.8881434,43.3113892],[-5.8881568,43.311389],[-5.8881694,43.3113895],[-5.8882124,43.3113925],[-5.8882279,43.3113931],[-5.8882421,43.3113928],[-5.8882695,43.3113898],[-5.8882824,43.3113895],[-5.8883017,43.3113903],[-5.8883514,43.3113934],[-5.8883684,43.311394],[-5.8883937,43.3113943],[-5.8884496,43.3113971],[-5.8884678,43.3113974],[-5.8884995,43.3113965],[-5.888516,43.3113966],[-5.8885328,43.3113973],[-5.8885496,43.3113986],[-5.8885914,43.3114033],[-5.8886533,43.3114094],[-5.8886672,43.3114105],[-5.8886972,43.3114117],[-5.8887059,43.3114129],[-5.8887224,43.3114157],[-5.8887311,43.3114168],[-5.8887566,43.3114183],[-5.8888127,43.3114201],[-5.8889477,43.3114228],[-5.8889811,43.3114224],[-5.8890242,43.311421],[-5.8890386,43.3114211],[-5.8890616,43.311423],[-5.8890774,43.311425],[-5.8890865,43.3114258],[-5.8891117,43.3114266],[-5.889146,43.311427],[-5.8891837,43.3114269],[-5.8892215,43.311426],[-5.8892482,43.3114249],[-5.8892779,43.3114233],[-5.8893968,43.3114139],[-5.8894571,43.3114081],[-5.8894895,43.3114052],[-5.8895416,43.3114016],[-5.8896255,43.3113964],[-5.8896473,43.3113947],[-5.8896763,43.3113916],[-5.8896931,43.3113891],[-5.8897618,43.3113758],[-5.8897836,43.3113721],[-5.8898533,43.3113616],[-5.8898739,43.3113579],[-5.8898944,43.3113537],[-5.8899557,43.3113408],[-5.8899992,43.3113321],[-5.8900171,43.3113281],[-5.8901143,43.3113053],[-5.8902107,43.3112816],[-5.8902255,43.3112776],[-5.8902407,43.3112731],[-5.8902702,43.3112632],[-5.8902935,43.3112545],[-5.8903313,43.3112394],[-5.8903441,43.3112337],[-5.8903562,43.3112277],[-5.8903842,43.3112121],[-5.8903988,43.3112052],[-5.8904129,43.3112],[-5.8904237,43.3111969],[-5.8904275,43.3112084],[-5.8904292,43.3112112],[-5.8904309,43.3112122],[-5.890432,43.3112124],[-5.8904346,43.311212],[-5.890439,43.3112106],[-5.8904462,43.3112075],[-5.890449,43.3112057],[-5.8904493,43.3112051],[-5.8904485,43.3112039],[-5.8904454,43.3112022],[-5.8904276,43.3111958],[-5.8904415,43.3111927],[-5.8904636,43.3111885],[-5.8904779,43.3111854],[-5.8904947,43.3111802],[-5.890508,43.3111767],[-5.8905151,43.3111753],[-5.8905355,43.311172],[-5.8905484,43.3111692],[-5.8905616,43.3111655],[-5.8906106,43.3111494],[-5.8906362,43.3111405],[-5.890654,43.3111332],[-5.8906714,43.3111252],[-5.8906881,43.3111167],[-5.890731,43.3110937],[-5.8907678,43.3110755],[-5.890781,43.3110697],[-5.8907931,43.3110653],[-5.8907989,43.3110638],[-5.8908184,43.3110615],[-5.8908352,43.3110586],[-5.8908425,43.3110575],[-5.8908482,43.3110576],[-5.8908522,43.3110596],[-5.8908529,43.3110633],[-5.8908501,43.3110693],[-5.8908447,43.3110751],[-5.8908372,43.3110812],[-5.8908282,43.3110875],[-5.8907891,43.3111119],[-5.8907668,43.3111276],[-5.8907578,43.3111353],[-5.890751,43.3111429],[-5.8907475,43.3111504],[-5.8907478,43.3111569],[-5.8907513,43.3111628],[-5.8907573,43.3111677],[-5.8907645,43.311171],[-5.890773,43.3111734],[-5.8907821,43.311175],[-5.8907925,43.3111762],[-5.8908174,43.3111767],[-5.8908241,43.3111773],[-5.8908302,43.3111784],[-5.8908387,43.3111811],[-5.8908447,43.3111848],[-5.8908483,43.3111893],[-5.890849,43.3111916],[-5.8908489,43.3111963],[-5.8908472,43.311201],[-5.8908436,43.3112089],[-5.8908434,43.3112121],[-5.890845,43.3112149],[-5.8908496,43.3112173],[-5.8908568,43.3112187],[-5.8908658,43.3112189],[-5.890876,43.3112176],[-5.8908868,43.3112148],[-5.8908977,43.3112103],[-5.8909073,43.3112049],[-5.8909166,43.3111984],[-5.8909257,43.3111912],[-5.8909354,43.3111827],[-5.8909447,43.3111739],[-5.8909641,43.3111541],[-5.8909753,43.311144],[-5.8909867,43.3111359],[-5.8909994,43.3111284],[-5.8910131,43.3111212],[-5.8910302,43.3111129],[-5.8910409,43.3111081],[-5.8910715,43.3110958],[-5.8910917,43.3110886],[-5.8911121,43.311082],[-5.8911523,43.3110701],[-5.8911676,43.3110651],[-5.8911779,43.3110613],[-5.8911911,43.3110555],[-5.891205,43.3110484],[-5.8912177,43.3110406],[-5.8912289,43.3110322],[-5.8912383,43.3110232],[-5.8912456,43.3110136],[-5.8912602,43.3109912],[-5.8912672,43.310982],[-5.8912777,43.3109707],[-5.8912898,43.3109596],[-5.8913141,43.3109395],[-5.8913375,43.3109215],[-5.8913927,43.3108822],[-5.8914082,43.31087],[-5.8914223,43.3108575],[-5.8914339,43.310845],[-5.8914432,43.3108324],[-5.8914487,43.3108225],[-5.8914567,43.3108051],[-5.8914605,43.3107975],[-5.8914651,43.3107905],[-5.8914748,43.3107799],[-5.891483,43.3107723],[-5.8914916,43.3107649],[-5.8915075,43.3107524],[-5.8915352,43.3107329],[-5.8915404,43.3107281],[-5.8915416,43.3107255],[-5.8915413,43.3107236],[-5.8915395,43.310722],[-5.8915366,43.3107209],[-5.8915289,43.3107183],[-5.8915248,43.3107176],[-5.8915172,43.3107182],[-5.8915116,43.31072],[-5.8914964,43.3107263],[-5.8914766,43.3107357],[-5.891435,43.3107572],[-5.8913985,43.3107748],[-5.8913891,43.3107804],[-5.8913849,43.3107837],[-5.8913747,43.3107938],[-5.891371,43.3107982],[-5.8913665,43.3108067],[-5.8913627,43.3108115],[-5.8913596,43.3108141],[-5.8913484,43.3108215],[-5.8913411,43.3108246],[-5.8913318,43.3108256],[-5.8913281,43.3108254],[-5.8913197,43.3108241],[-5.8913122,43.310822],[-5.8913075,43.3108197],[-5.8913044,43.3108166],[-5.8913035,43.3108127],[-5.8913057,43.3108072],[-5.8913107,43.3108007],[-5.8913174,43.3107936],[-5.8913256,43.3107859],[-5.891335,43.3107782],[-5.8913454,43.3107702],[-5.8913683,43.3107537],[-5.8913963,43.3107347],[-5.8914792,43.3106802],[-5.891513,43.3106572],[-5.8915447,43.310635],[-5.8915551,43.3106287],[-5.891598,43.3106051],[-5.8916144,43.3105953],[-5.8916306,43.3105851],[-5.8916466,43.3105747],[-5.8916621,43.310564],[-5.8916913,43.3105429],[-5.8917048,43.310534],[-5.8917465,43.3105079],[-5.8918461,43.3104411],[-5.8918636,43.31043],[-5.8918751,43.3104233],[-5.8918916,43.3104147],[-5.8919427,43.3103906],[-5.8919787,43.3103719],[-5.8919949,43.3103628],[-5.8920107,43.3103534],[-5.8920431,43.3103326],[-5.8920553,43.3103252],[-5.892091,43.310305],[-5.8921111,43.3102928],[-5.8921265,43.3102843],[-5.8921382,43.3102785],[-5.8921562,43.3102711],[-5.8921722,43.310266],[-5.8922084,43.3102557],[-5.8922185,43.3102526],[-5.8922283,43.3102487],[-5.8922355,43.3102456],[-5.892257,43.3102347],[-5.8922953,43.3102146],[-5.8923513,43.3101857],[-5.8923669,43.310178],[-5.8923805,43.3101718],[-5.8924079,43.3101604],[-5.8924302,43.3101522],[-5.8924523,43.310145],[-5.8924599,43.3101422],[-5.8924736,43.3101366],[-5.8924922,43.3101296],[-5.8925321,43.3101138],[-5.8926038,43.3100846],[-5.8926537,43.310063],[-5.892695,43.3100459],[-5.8927134,43.3100387],[-5.8927554,43.3100205],[-5.8927812,43.3100098],[-5.8928451,43.3099848],[-5.8928793,43.3099725],[-5.8929559,43.3099467],[-5.8930461,43.3099153],[-5.8930743,43.309906],[-5.893134,43.3098854],[-5.8931767,43.3098714],[-5.8931929,43.3098667],[-5.8932345,43.3098555],[-5.8932545,43.3098498],[-5.893325,43.309831],[-5.8933626,43.3098203],[-5.8934038,43.3098081],[-5.893466,43.3097891],[-5.8934935,43.3097803],[-5.8935311,43.3097696],[-5.8935805,43.3097573],[-5.8936914,43.3097312],[-5.8937747,43.3097107],[-5.8938443,43.309696],[-5.8938724,43.309689],[-5.8939203,43.3096781],[-5.8939694,43.3096679],[-5.8940296,43.3096564],[-5.8940918,43.3096426],[-5.89412,43.3096367],[-5.8941398,43.309633],[-5.8941527,43.309631],[-5.8941849,43.309627],[-5.8942288,43.3096223],[-5.8942438,43.3096197],[-5.8942588,43.3096162],[-5.8942738,43.3096122],[-5.894285,43.3096091],[-5.8943148,43.3095999],[-5.8943535,43.309589],[-5.894372,43.3095842],[-5.894391,43.3095798],[-5.8944101,43.3095757],[-5.8944293,43.309572],[-5.8944483,43.3095688],[-5.8944901,43.3095627],[-5.8945057,43.3095607],[-5.8945299,43.3095583],[-5.8945409,43.3095568],[-5.8945496,43.3095552],[-5.894573,43.3095499],[-5.8946049,43.3095403],[-5.8946313,43.3095341],[-5.894648,43.3095312],[-5.8946967,43.3095252],[-5.8947444,43.3095187],[-5.894762,43.3095157],[-5.8948056,43.3095074],[-5.8948332,43.3095006],[-5.8948498,43.3094962],[-5.8948839,43.3094863],[-5.8949102,43.3094794],[-5.8950006,43.3094606],[-5.8950217,43.3094557],[-5.8950561,43.3094473],[-5.8950699,43.3094442],[-5.8951485,43.3094277],[-5.8951885,43.309421],[-5.8952371,43.3094137],[-5.8952614,43.3094091],[-5.8952992,43.309401],[-5.895328,43.3093934],[-5.8953932,43.3093745],[-5.8954198,43.309368],[-5.8954471,43.3093608],[-5.8954955,43.3093495],[-5.8955194,43.3093446],[-5.8955335,43.309342],[-5.895591,43.3093329],[-5.8956124,43.3093304],[-5.8956427,43.3093276],[-5.8956731,43.3093239],[-5.8957164,43.3093182],[-5.895766,43.3093108],[-5.8958112,43.3093028],[-5.8958725,43.3092907],[-5.8958925,43.3092877],[-5.8959593,43.3092804],[-5.8959838,43.3092784],[-5.8960142,43.3092767],[-5.8960228,43.3092756],[-5.8960468,43.3092723],[-5.8960706,43.3092684],[-5.8960869,43.3092649],[-5.8961528,43.3092527],[-5.8961672,43.3092503],[-5.8962194,43.3092424],[-5.8962686,43.3092357],[-5.8964225,43.309217],[-5.8964683,43.3092122],[-5.8964909,43.3092102],[-5.8965132,43.3092088],[-5.8965825,43.3092064],[-5.8966038,43.309206],[-5.8966469,43.3092064],[-5.8966925,43.3092058],[-5.8967276,43.3092045],[-5.8967512,43.3092031],[-5.8967737,43.3092011],[-5.896796,43.3091986],[-5.896818,43.3091954],[-5.8968795,43.309184],[-5.8969061,43.3091802],[-5.8969359,43.3091769],[-5.8969674,43.309174],[-5.8970799,43.3091649],[-5.8970957,43.3091632],[-5.8971053,43.3091618],[-5.8971077,43.309161],[-5.8971079,43.3091619],[-5.8971104,43.3091627],[-5.8971198,43.309164],[-5.8971346,43.3091651],[-5.8971535,43.309166],[-5.8971937,43.3091667],[-5.8972529,43.3091667],[-5.8972763,43.3091674],[-5.8972971,43.3091695],[-5.8973101,43.3091712],[-5.8973283,43.3091745],[-5.8973382,43.3091774],[-5.8973471,43.3091815],[-5.8973523,43.3091849],[-5.8973603,43.3091919],[-5.8973674,43.3091989],[-5.8973737,43.3092062],[-5.8973801,43.3092154],[-5.8973869,43.3092242],[-5.8973926,43.3092295],[-5.8973995,43.3092341],[-5.8974068,43.3092374],[-5.8974147,43.3092399],[-5.897422,43.3092414],[-5.8974305,43.3092426],[-5.897439,43.3092433],[-5.8974496,43.3092438],[-5.8974685,43.3092432],[-5.8974855,43.3092417],[-5.8974966,43.3092397],[-5.8975096,43.3092361],[-5.8975506,43.3092212],[-5.897563,43.3092173],[-5.8975759,43.3092139],[-5.8975868,43.3092114],[-5.8976025,43.3092083],[-5.8976186,43.3092059],[-5.8976404,43.3092042],[-5.8976626,43.3092041],[-5.8976847,43.3092056],[-5.8977066,43.3092086],[-5.8977197,43.3092113],[-5.8977451,43.3092174],[-5.8977946,43.3092306],[-5.897813,43.3092352],[-5.8978267,43.3092382],[-5.8978424,43.309241],[-5.8979078,43.3092504],[-5.897966,43.3092574],[-5.897997,43.3092595],[-5.8980129,43.30926],[-5.898029,43.3092601],[-5.8980983,43.3092587],[-5.8981555,43.3092591],[-5.8982135,43.3092585],[-5.8982273,43.3092582],[-5.8982675,43.3092563],[-5.8982802,43.309256],[-5.8983029,43.3092563],[-5.8983224,43.3092579],[-5.8983318,43.3092593],[-5.8984172,43.3092747],[-5.8984375,43.3092777],[-5.8985281,43.3092898],[-5.8985777,43.3092954],[-5.8986355,43.3092996],[-5.8986493,43.309301],[-5.8986659,43.3093036],[-5.8987212,43.3093142],[-5.8987715,43.3093233],[-5.8987896,43.3093276],[-5.8988153,43.3093354],[-5.8988398,43.3093438],[-5.8988673,43.3093527],[-5.8988806,43.3093573],[-5.8988955,43.3093633],[-5.8989095,43.3093697],[-5.8989261,43.3093765],[-5.8989531,43.3093858],[-5.89899,43.3093973],[-5.8990151,43.3094042],[-5.8990601,43.3094142],[-5.8990959,43.3094227],[-5.8991203,43.3094274],[-5.8991416,43.3094309],[-5.8991694,43.3094361],[-5.8991883,43.30944],[-5.8992226,43.3094483],[-5.8992367,43.3094509],[-5.8992474,43.3094522],[-5.8992863,43.309456],[-5.8993018,43.3094583],[-5.8993151,43.3094612],[-5.8995225,43.309506],[-5.8995348,43.3095041],[-5.8995478,43.3095011],[-5.899561,43.3094969],[-5.8995778,43.3094895],[-5.8995942,43.3094805],[-5.8996105,43.3094704],[-5.8996879,43.3094196],[-5.8996972,43.3094137],[-5.8997057,43.309409],[-5.8997223,43.3094022],[-5.899738,43.3093979],[-5.8997559,43.3093951],[-5.8997748,43.309394],[-5.8997945,43.309394],[-5.8998114,43.3093947],[-5.8998285,43.3093961],[-5.8998502,43.3093991],[-5.8998741,43.3094042],[-5.8998994,43.3094111],[-5.8999246,43.3094194],[-5.8999487,43.3094287],[-5.8999703,43.3094385],[-5.8999996,43.3094536],[-5.9000144,43.3094604],[-5.900025,43.3094641],[-5.9000311,43.3094653],[-5.900032,43.309465],[-5.9000317,43.3094657],[-5.9000331,43.3094677],[-5.9000373,43.309471],[-5.9000405,43.3094741],[-5.9000433,43.309478],[-5.900045,43.3094812],[-5.9000461,43.3094847],[-5.9000465,43.3094913],[-5.9000461,43.3094987],[-5.9000468,43.3095069],[-5.900049,43.3095138],[-5.9000527,43.3095208],[-5.9000556,43.3095252],[-5.9000629,43.3095346],[-5.9000717,43.3095443],[-5.9000816,43.309554],[-5.9000927,43.3095633],[-5.9001074,43.3095732],[-5.900124,43.3095823],[-5.900142,43.3095907],[-5.900161,43.3095983],[-5.9001789,43.3096045],[-5.9001973,43.3096102],[-5.9002159,43.3096155],[-5.9002534,43.3096251],[-5.9002781,43.3096306],[-5.9002901,43.309633],[-5.9003094,43.3096365],[-5.9003283,43.3096394],[-5.9003831,43.3096447],[-5.9004049,43.3096477],[-5.9004205,43.3096495],[-5.9004358,43.3096519],[-5.9004468,43.3096548],[-5.9004701,43.3096622],[-5.9004888,43.3096675],[-5.900509,43.3096723],[-5.9005305,43.3096764],[-5.9006686,43.3096961],[-5.9007404,43.3097048],[-5.9007406,43.3097048],[-5.9008645,43.309655],[-5.900866,43.3096518],[-5.9008669,43.3096509],[-5.9008692,43.3096509],[-5.9008731,43.3096517],[-5.9009238,43.309632],[-5.9009247,43.3096285],[-5.9009244,43.3096074],[-5.9009251,43.3096015],[-5.9009266,43.3095966],[-5.9009292,43.3095919],[-5.9009344,43.3095863],[-5.9009414,43.3095814],[-5.9009501,43.3095778],[-5.9009616,43.3095753],[-5.9009746,43.3095741],[-5.9009889,43.3095737],[-5.9010167,43.3095736],[-5.9010474,43.3095741],[-5.9011076,43.3095767],[-5.901138,43.3095784],[-5.9011744,43.3095814],[-5.9012104,43.3095856],[-5.9012312,43.3095885],[-5.9012515,43.3095919],[-5.9012704,43.3095957],[-5.9013109,43.3096049],[-5.9013252,43.3096076],[-5.9013396,43.3096098],[-5.9013537,43.3096112],[-5.9013993,43.3096121],[-5.9014559,43.309616],[-5.9014984,43.3096193],[-5.9015421,43.3096231],[-5.901564,43.3096254],[-5.9015853,43.3096281],[-5.901638,43.3096359],[-5.9017214,43.3096491],[-5.901815,43.3096649],[-5.9019627,43.3096863],[-5.9020589,43.3096963],[-5.90217,43.3097065],[-5.9023048,43.3097207],[-5.9023891,43.3097289],[-5.9024268,43.3097336],[-5.9024536,43.3097366],[-5.902501,43.3097434],[-5.9025172,43.3097453],[-5.9025927,43.3097527],[-5.9026572,43.3097585],[-5.9027761,43.3097712],[-5.9027999,43.3097734],[-5.9028238,43.3097752],[-5.9029003,43.3097791],[-5.9029218,43.3097807],[-5.9029432,43.309783],[-5.9030134,43.309793],[-5.9030365,43.3097957],[-5.9030598,43.3097978],[-5.903138,43.3098039],[-5.903181,43.3098069],[-5.9032232,43.3098091],[-5.9032898,43.3098118],[-5.903375,43.3098134],[-5.9033966,43.3098132],[-5.9034186,43.3098121],[-5.9034372,43.3098106],[-5.9034748,43.309807],[-5.9034924,43.3098059],[-5.90351,43.3098054],[-5.9035274,43.3098057],[-5.9035442,43.3098066],[-5.9035586,43.3098082],[-5.9035719,43.3098105],[-5.9035836,43.3098136],[-5.9035903,43.3098161],[-5.9035963,43.3098189],[-5.9036013,43.3098221],[-5.9036051,43.3098256],[-5.903609,43.3098312],[-5.9036111,43.3098362],[-5.903612,43.3098417],[-5.9036105,43.3098507],[-5.9036063,43.3098607],[-5.9035996,43.3098717],[-5.9035916,43.3098835],[-5.9035724,43.3099108],[-5.9035619,43.3099249],[-5.9035508,43.3099389],[-5.9035032,43.3099922],[-5.9034933,43.3100043],[-5.9034852,43.3100167],[-5.9034803,43.3100281],[-5.9034774,43.3100396],[-5.9034765,43.3100485],[-5.9034749,43.3100831],[-5.9034732,43.310096],[-5.9034665,43.3101244],[-5.9034642,43.3101364],[-5.9034634,43.3101483],[-5.9034642,43.3101589],[-5.9034687,43.3101835],[-5.9034699,43.310192],[-5.90347,43.3102029],[-5.9034683,43.3102134],[-5.9034649,43.3102232],[-5.9034595,43.3102319],[-5.9034521,43.3102391],[-5.9034447,43.3102444],[-5.9034364,43.3102494],[-5.9034254,43.3102548],[-5.9034153,43.3102591],[-5.9034047,43.3102628],[-5.9033942,43.3102657],[-5.9033697,43.3102707],[-5.9033563,43.3102742],[-5.9033446,43.3102789],[-5.9033332,43.3102849],[-5.9033253,43.3102895],[-5.9033175,43.3102946],[-5.9032973,43.3103094],[-5.9032856,43.3103174],[-5.9032349,43.3103487],[-5.9032233,43.3103561],[-5.9032108,43.3103658],[-5.9032018,43.3103717],[-5.9031953,43.3103754],[-5.9031554,43.3103956],[-5.9031448,43.3104006],[-5.9031139,43.3104136],[-5.9031012,43.3104208],[-5.9030916,43.3104294],[-5.9030872,43.3104379],[-5.9030857,43.3104473],[-5.9030878,43.3104591],[-5.9030938,43.3104708],[-5.9031036,43.3104817],[-5.9031131,43.3104889],[-5.9031242,43.3104953],[-5.9031367,43.3105012],[-5.9031472,43.3105056],[-5.9031582,43.3105096],[-5.9031694,43.3105132],[-5.9031862,43.3105183],[-5.9032797,43.3105435],[-5.9032989,43.3105492],[-5.9033161,43.3105547],[-5.9033321,43.3105607],[-5.9033409,43.3105645],[-5.903391,43.3105879],[-5.9034177,43.3105991],[-5.9034468,43.31061],[-5.9034631,43.3106153],[-5.9034812,43.3106202],[-5.9035,43.3106243],[-5.9035193,43.3106274],[-5.9035392,43.3106294],[-5.9035594,43.3106308],[-5.9036003,43.3106328],[-5.90363,43.3106348],[-5.9036537,43.3106373],[-5.9036658,43.3106389],[-5.9036865,43.3106426],[-5.9037254,43.3106509],[-5.9037844,43.3106645],[-5.9038072,43.3106691],[-5.90383,43.3106732],[-5.9038688,43.3106796],[-5.9038847,43.3106825],[-5.9038989,43.3106855],[-5.9039295,43.3106932],[-5.9039456,43.3106979],[-5.9039671,43.3107048],[-5.9040123,43.3107172],[-5.9040306,43.3107219],[-5.9040495,43.3107262],[-5.90407,43.3107303],[-5.9040909,43.3107342],[-5.9041545,43.3107455],[-5.9042205,43.3107589],[-5.9042823,43.3107703],[-5.9042985,43.3107736],[-5.9043177,43.3107782],[-5.9043594,43.3107889],[-5.9043806,43.3107939],[-5.9043977,43.3107974],[-5.904415,43.3108004],[-5.9044358,43.3108033],[-5.9045021,43.3108115],[-5.9045246,43.3108149],[-5.9045446,43.3108184],[-5.9045839,43.3108264],[-5.904661,43.3108438],[-5.9046795,43.3108473],[-5.9046926,43.3108492],[-5.9047052,43.3108505],[-5.904749,43.3108526],[-5.9047562,43.3108533],[-5.9047689,43.310855],[-5.9047801,43.3108569],[-5.9047854,43.3108574],[-5.9047904,43.3108573],[-5.9047957,43.3108569],[-5.9047995,43.310856],[-5.904801,43.3108549],[-5.9048006,43.3108531],[-5.9047981,43.3108508],[-5.9047921,43.3108469],[-5.904771,43.3108356],[-5.9047655,43.3108323],[-5.9047574,43.3108269],[-5.9047502,43.3108209],[-5.9047439,43.3108133],[-5.9047393,43.310805],[-5.904736,43.3107966],[-5.9047298,43.3107776],[-5.9047246,43.3107664],[-5.9047179,43.3107545],[-5.9047119,43.3107454],[-5.9047027,43.3107341],[-5.9046919,43.3107233],[-5.9046798,43.3107135],[-5.904668,43.3107058],[-5.9046558,43.3106991],[-5.9046304,43.3106871],[-5.9046157,43.3106785],[-5.9045767,43.3106533],[-5.904565,43.310645],[-5.904554,43.3106363],[-5.9045307,43.3106162],[-5.9045178,43.3106061],[-5.9045042,43.3105979],[-5.9044943,43.3105937],[-5.904484,43.3105907],[-5.9044736,43.3105885],[-5.9044631,43.3105877],[-5.9044512,43.3105885],[-5.9044129,43.3105965],[-5.9043951,43.310599],[-5.9043817,43.3106001],[-5.9043679,43.3106006],[-5.9043524,43.3106005],[-5.9043346,43.3105993],[-5.9043169,43.3105971],[-5.9042996,43.3105941],[-5.9042801,43.3105895],[-5.9042517,43.3105823],[-5.9042368,43.3105789],[-5.9042229,43.3105763],[-5.9042103,43.3105749],[-5.9042005,43.3105749],[-5.9041817,43.3105755],[-5.9041714,43.3105746],[-5.9041605,43.3105727],[-5.9041494,43.31057],[-5.9041352,43.310565],[-5.9041263,43.3105608],[-5.904118,43.3105559],[-5.904098,43.310543],[-5.9040871,43.3105372],[-5.904072,43.3105318],[-5.9040552,43.3105278],[-5.9040453,43.3105261],[-5.9040197,43.3105228],[-5.9040045,43.3105214],[-5.9039796,43.3105197],[-5.9039476,43.31052],[-5.9039324,43.3105192],[-5.903917,43.3105174],[-5.9039025,43.3105146],[-5.9038942,43.3105122],[-5.903887,43.3105092],[-5.903882,43.3105061],[-5.9038781,43.3105024],[-5.9038747,43.3104969],[-5.9038729,43.3104908],[-5.9038731,43.3104845],[-5.9038749,43.3104779],[-5.9038783,43.3104714],[-5.9038858,43.3104626],[-5.903896,43.3104545],[-5.9039083,43.3104473],[-5.9039225,43.3104417],[-5.9039385,43.3104379],[-5.9039536,43.3104361],[-5.9039695,43.3104357],[-5.9039856,43.3104367],[-5.904004,43.3104397],[-5.9040225,43.3104441],[-5.9040711,43.3104582],[-5.9040909,43.310463],[-5.9041109,43.3104667],[-5.9041308,43.3104691],[-5.9041503,43.31047],[-5.9041609,43.3104696],[-5.904171,43.3104687],[-5.9041808,43.3104671],[-5.90419,43.3104649],[-5.9041987,43.310462],[-5.9042084,43.3104574],[-5.9042173,43.3104518],[-5.9042247,43.3104462],[-5.9042317,43.3104401],[-5.9042626,43.3104082],[-5.9042741,43.3103983],[-5.9042823,43.3103924],[-5.9042912,43.3103869],[-5.9043167,43.3103722],[-5.9043327,43.3103621],[-5.9043463,43.3103523],[-5.9043596,43.310342],[-5.9043727,43.3103313],[-5.9044019,43.3103064],[-5.9044298,43.3102819],[-5.9044437,43.3102692],[-5.9044541,43.3102576],[-5.9044628,43.3102453],[-5.9044693,43.3102329],[-5.9044739,43.3102202],[-5.9044757,43.3102118],[-5.9044763,43.3102033],[-5.9044754,43.3101922],[-5.9044718,43.3101775],[-5.9044664,43.3101627],[-5.9044595,43.3101483],[-5.9044512,43.3101345],[-5.9044369,43.3101139],[-5.9044307,43.3101039],[-5.9044263,43.3100938],[-5.9044244,43.3100856],[-5.9044237,43.3100772],[-5.9044236,43.3100468],[-5.9044232,43.3100327],[-5.904422,43.3100185],[-5.9044196,43.3100047],[-5.9044166,43.3099944],[-5.9044129,43.3099846],[-5.9044052,43.3099663],[-5.9044028,43.3099575],[-5.9044029,43.3099458],[-5.9044072,43.3099345],[-5.9044153,43.3099241],[-5.904427,43.3099153],[-5.904442,43.3099083],[-5.9044594,43.3099032],[-5.9044786,43.3098998],[-5.9044966,43.309898],[-5.9045168,43.309897],[-5.9045374,43.3098966],[-5.9045981,43.3098959],[-5.9046435,43.3098941],[-5.9046684,43.3098943],[-5.904687,43.3098954],[-5.9047221,43.3098988],[-5.9047404,43.3099013],[-5.9047589,43.3099046],[-5.9047813,43.3099098],[-5.9048354,43.3099241],[-5.9048561,43.3099283],[-5.9048773,43.309931],[-5.9048981,43.309932],[-5.904919,43.3099318],[-5.9049398,43.3099309],[-5.904975,43.3099287],[-5.9049894,43.3099274],[-5.9050347,43.3099214],[-5.9050552,43.3099191],[-5.9050759,43.3099175],[-5.9050931,43.3099168],[-5.905127,43.3099167],[-5.9051533,43.3099172],[-5.9051635,43.3099176],[-5.9052094,43.3099205],[-5.9052607,43.3099218],[-5.9052793,43.3099226],[-5.9053114,43.3099247],[-5.9053318,43.3099267],[-5.9053941,43.3099347],[-5.905456,43.3099422],[-5.9054992,43.3099479],[-5.9055331,43.3099528],[-5.9055486,43.3099547],[-5.9055643,43.3099562],[-5.90558,43.3099573],[-5.9056035,43.3099582],[-5.9056237,43.3099583],[-5.9056957,43.3099574],[-5.9057908,43.309952],[-5.9059049,43.3099472],[-5.9059862,43.3099417],[-5.9060251,43.3099401],[-5.9060642,43.3099396],[-5.9060841,43.3099398],[-5.9061635,43.3099418],[-5.9062046,43.309942],[-5.9062693,43.3099415],[-5.9062924,43.3099417],[-5.906356,43.3099438],[-5.9064085,43.3099436],[-5.9064557,43.3099439],[-5.9064903,43.3099438],[-5.9065726,43.3099428],[-5.9066282,43.3099426],[-5.9066542,43.3099431],[-5.9066891,43.3099449],[-5.9067086,43.3099449],[-5.9067658,43.3099432],[-5.906775,43.3099431],[-5.906829,43.309945],[-5.906878,43.3099477],[-5.906893,43.3099481],[-5.90695,43.3099472],[-5.9070502,43.3099498],[-5.9071383,43.3099544],[-5.9071829,43.3099556],[-5.907203,43.3099558],[-5.9072315,43.3099552],[-5.9072651,43.3099533],[-5.9072761,43.3099524],[-5.9072977,43.3099502],[-5.9073607,43.3099426],[-5.9073819,43.3099408],[-5.9074,43.3099398],[-5.9074182,43.3099393],[-5.9074362,43.3099394],[-5.9075354,43.3099433],[-5.9075876,43.3099439],[-5.9076302,43.3099454],[-5.9077368,43.3099477],[-5.9077592,43.3099479],[-5.9078262,43.3099475],[-5.9078969,43.3099474],[-5.9079951,43.3099485],[-5.9080831,43.3099502],[-5.9081044,43.3099502],[-5.9081667,43.3099488],[-5.9081853,43.3099489],[-5.9082318,43.3099498],[-5.9082731,43.3099519],[-5.9083183,43.3099535],[-5.9083412,43.3099538],[-5.9084106,43.3099539],[-5.9084525,43.3099556],[-5.9084674,43.3099557],[-5.9084822,43.309955],[-5.9085004,43.3099526],[-5.9085182,43.3099489],[-5.9085369,43.309944],[-5.9085713,43.3099333],[-5.908586,43.3099292],[-5.9086019,43.3099259],[-5.908618,43.3099238],[-5.9086339,43.3099227],[-5.9086493,43.3099226],[-5.9086637,43.3099237],[-5.9086768,43.3099259],[-5.9086904,43.30993],[-5.9087276,43.3099437],[-5.9087444,43.3099481],[-5.9087719,43.3099533],[-5.9087908,43.3099563],[-5.9088103,43.3099586],[-5.9088302,43.3099604],[-5.9088537,43.3099618],[-5.9088861,43.3099624],[-5.9089938,43.3099618],[-5.9090376,43.3099619],[-5.909073,43.3099616],[-5.9090927,43.3099615],[-5.9091121,43.3099619],[-5.909156,43.309964],[-5.909216,43.3099678],[-5.9092394,43.3099702],[-5.9092598,43.3099726],[-5.909307,43.3099792],[-5.9093161,43.3099803],[-5.9093317,43.3099815],[-5.9093474,43.3099814],[-5.9093568,43.3099811],[-5.9093756,43.3099798],[-5.9094397,43.3099749],[-5.9094752,43.3099705],[-5.9095315,43.3099627],[-5.9095444,43.3099615],[-5.9095574,43.3099608],[-5.9095808,43.30996],[-5.9095998,43.30996],[-5.9096344,43.309961],[-5.9096764,43.309961],[-5.9096933,43.3099624],[-5.909718,43.3099655],[-5.9097356,43.3099672],[-5.9097537,43.3099684],[-5.9097719,43.3099689],[-5.909801,43.3099688],[-5.9098155,43.3099691],[-5.9098736,43.3099716],[-5.9099113,43.3099712],[-5.9099537,43.3099724],[-5.9099691,43.3099725],[-5.9099845,43.3099722],[-5.9099996,43.3099715],[-5.9100092,43.3099708],[-5.910022,43.3099693],[-5.9100346,43.3099669],[-5.9100522,43.3099624],[-5.9100696,43.3099571],[-5.9101177,43.3099402],[-5.9101276,43.3099372],[-5.9101417,43.3099342],[-5.9101558,43.3099326],[-5.9101697,43.3099324],[-5.910183,43.3099338],[-5.9101929,43.3099361],[-5.9102304,43.3099482],[-5.9102391,43.3099508],[-5.9102543,43.3099546],[-5.9102703,43.3099578],[-5.9102965,43.3099625],[-5.9103117,43.3099647],[-5.9103273,43.3099664],[-5.9103421,43.3099678],[-5.910363,43.3099686],[-5.9103843,43.3099686],[-5.9104468,43.309967],[-5.9104656,43.3099671],[-5.9104947,43.3099689],[-5.9105135,43.3099708],[-5.9105436,43.3099745],[-5.9105588,43.3099756],[-5.9105791,43.3099762],[-5.9106208,43.3099766],[-5.9106516,43.3099772],[-5.9106982,43.3099764],[-5.9107764,43.3099772],[-5.9108367,43.3099773],[-5.9108625,43.3099769],[-5.9108725,43.3099772],[-5.9108846,43.3099781],[-5.9109736,43.3099868],[-5.9109934,43.309988],[-5.9110124,43.309988],[-5.9110463,43.3099862],[-5.9110579,43.309986],[-5.9110803,43.309986],[-5.9111066,43.309985],[-5.9111143,43.3099851],[-5.9111474,43.3099865],[-5.9111578,43.3099864],[-5.9111681,43.3099856],[-5.9112077,43.3099813],[-5.9112226,43.3099802],[-5.9112387,43.3099794],[-5.9113025,43.3099781],[-5.9114202,43.3099788],[-5.9114361,43.3099783],[-5.9114655,43.3099764],[-5.9114835,43.3099758],[-5.9114985,43.3099759],[-5.9115499,43.3099776],[-5.9115684,43.3099786],[-5.9116037,43.3099817],[-5.9116167,43.3099823],[-5.9116297,43.3099824],[-5.9116744,43.3099812],[-5.9117035,43.3099787],[-5.911714,43.309977],[-5.9117224,43.3099748],[-5.9117159,43.3099313],[-5.9116663,43.3099013],[-5.9115843,43.3098643],[-5.9112115,43.3098175],[-5.9111858,43.3098159],[-5.9111714,43.3098154],[-5.9111547,43.3098157],[-5.9110996,43.309818],[-5.9110539,43.3098209],[-5.9109814,43.3098236],[-5.9109649,43.3098245],[-5.9109319,43.3098269],[-5.910922,43.3098274],[-5.9109073,43.3098276],[-5.9108574,43.3098277],[-5.910848,43.3098275],[-5.9108182,43.3098254],[-5.9107869,43.3098226],[-5.9107572,43.3098195],[-5.9107497,43.3098191],[-5.9107431,43.3098193],[-5.9107219,43.3098217],[-5.9107098,43.3098222],[-5.9106954,43.3098219],[-5.9106284,43.3098189],[-5.9105996,43.3098183],[-5.9105895,43.3098184],[-5.9105667,43.3098197],[-5.9105493,43.3098213],[-5.9105378,43.3098227],[-5.9104816,43.3098309],[-5.9104639,43.309833],[-5.9104325,43.309836],[-5.9104242,43.3098366],[-5.9104116,43.3098369],[-5.9103632,43.3098363],[-5.9103287,43.3098371],[-5.9103186,43.3098377],[-5.9103098,43.3098388],[-5.9102805,43.3098438],[-5.9102671,43.3098469],[-5.9102512,43.3098512],[-5.9102105,43.3098631],[-5.9102021,43.3098653],[-5.910189,43.3098681],[-5.9101754,43.30987],[-5.9101598,43.3098708],[-5.9101443,43.3098703],[-5.9101291,43.3098685],[-5.9100993,43.3098627],[-5.9100846,43.3098606],[-5.9100696,43.3098593],[-5.9100545,43.309859],[-5.9100046,43.3098623],[-5.9099869,43.3098629],[-5.9099665,43.3098631],[-5.9098652,43.3098613],[-5.9097788,43.309858],[-5.909737,43.3098568],[-5.9096126,43.3098551],[-5.9095924,43.3098543],[-5.9095725,43.309853],[-5.9094849,43.3098445],[-5.9094486,43.3098415],[-5.9094344,43.3098408],[-5.9094207,43.3098408],[-5.9094095,43.3098415],[-5.9093836,43.3098441],[-5.9093479,43.3098483],[-5.9093389,43.3098491],[-5.9093142,43.3098505],[-5.9092955,43.3098506],[-5.9092705,43.3098497],[-5.9092545,43.3098496],[-5.9092069,43.3098498],[-5.9091428,43.3098493],[-5.9090985,43.3098493],[-5.9090844,43.3098484],[-5.9090393,43.3098432],[-5.9090229,43.3098417],[-5.9090011,43.3098403],[-5.9089886,43.3098391],[-5.9089764,43.3098375],[-5.9089464,43.3098324],[-5.9089131,43.3098283],[-5.9089029,43.3098275],[-5.9088846,43.3098276],[-5.9088738,43.3098283],[-5.9088601,43.3098301],[-5.908846,43.3098327],[-5.9088319,43.309836],[-5.9087912,43.3098464],[-5.9087575,43.3098518],[-5.9087205,43.3098605],[-5.9087085,43.3098629],[-5.908696,43.309865],[-5.9086776,43.3098673],[-5.9086588,43.3098689],[-5.9086398,43.3098697],[-5.9086211,43.3098698],[-5.9086029,43.309869],[-5.9085856,43.3098671],[-5.908567,43.3098639],[-5.9085397,43.3098584],[-5.9085313,43.3098571],[-5.9085138,43.309855],[-5.9084757,43.3098516],[-5.9084515,43.3098502],[-5.9084332,43.3098501],[-5.9084093,43.3098505],[-5.908371,43.3098506],[-5.9083308,43.3098502],[-5.9082801,43.3098481],[-5.9081877,43.3098462],[-5.9081684,43.309845],[-5.9081411,43.3098427],[-5.9081228,43.3098416],[-5.9081047,43.3098411],[-5.9080675,43.309841],[-5.9080061,43.3098415],[-5.9079587,43.309841],[-5.9079195,43.3098432],[-5.9078955,43.3098439],[-5.9078807,43.3098438],[-5.9078356,43.3098417],[-5.9078103,43.3098412],[-5.9077466,43.3098413],[-5.9077152,43.3098408],[-5.9076512,43.3098408],[-5.9075783,43.3098383],[-5.9075604,43.3098371],[-5.9075502,43.309836],[-5.9075325,43.3098333],[-5.9075077,43.3098284],[-5.9074959,43.3098265],[-5.907487,43.3098255],[-5.9074677,43.3098243],[-5.9074421,43.3098237],[-5.9074318,43.3098239],[-5.9074143,43.3098243],[-5.9073915,43.3098255],[-5.9073508,43.3098262],[-5.907329,43.3098273],[-5.9073147,43.3098269],[-5.9072985,43.3098254],[-5.9072655,43.3098214],[-5.9072358,43.3098192],[-5.9072226,43.3098187],[-5.9071858,43.3098183],[-5.9071661,43.3098177],[-5.907144,43.3098166],[-5.9071259,43.3098171],[-5.907115,43.309817],[-5.9071017,43.3098162],[-5.9070811,43.3098162],[-5.9070678,43.3098154],[-5.9070395,43.3098127],[-5.9070223,43.3098117],[-5.9070126,43.3098118],[-5.9069845,43.3098129],[-5.9069662,43.3098132],[-5.9069443,43.309813],[-5.9069213,43.3098144],[-5.9069069,43.3098149],[-5.9068812,43.3098146],[-5.9068453,43.3098167],[-5.9067706,43.3098183],[-5.9067398,43.309818],[-5.906724,43.3098175],[-5.9067003,43.3098161],[-5.9066806,43.3098155],[-5.9066605,43.3098156],[-5.9066295,43.3098163],[-5.9065602,43.3098163],[-5.9064786,43.3098142],[-5.9064621,43.3098141],[-5.9064457,43.3098147],[-5.9064306,43.3098159],[-5.9064042,43.3098182],[-5.9063653,43.3098223],[-5.9063355,43.3098249],[-5.9063261,43.3098255],[-5.9063076,43.3098257],[-5.9062806,43.309824],[-5.9062416,43.3098209],[-5.9062291,43.3098204],[-5.9062122,43.3098201],[-5.906115,43.3098197],[-5.9060746,43.3098185],[-5.9060196,43.3098157],[-5.9059732,43.3098151],[-5.9059467,43.3098155],[-5.9059156,43.3098168],[-5.9058596,43.3098203],[-5.9058405,43.3098212],[-5.9058245,43.3098212],[-5.9057927,43.3098198],[-5.9057619,43.3098176],[-5.9057353,43.3098152],[-5.9057104,43.3098144],[-5.90569,43.3098141],[-5.9056595,43.3098123],[-5.9056435,43.3098118],[-5.905633,43.3098117],[-5.9056005,43.3098133],[-5.9055888,43.309813],[-5.9055359,43.3098081],[-5.9055178,43.3098072],[-5.9054991,43.309807],[-5.9054836,43.3098074],[-5.9054693,43.3098084],[-5.9054328,43.3098125],[-5.90541,43.3098165],[-5.9054023,43.3098175],[-5.9054005,43.3098176],[-5.9053985,43.309817],[-5.9053875,43.3098151],[-5.9053887,43.3098181],[-5.9053868,43.3098182],[-5.9053717,43.3098168],[-5.9053598,43.3098145],[-5.9053479,43.3098117],[-5.9053353,43.3098093],[-5.9053234,43.3098081],[-5.9053108,43.3098077],[-5.9052973,43.3098079],[-5.9052838,43.3098088],[-5.9052562,43.3098114],[-5.905228,43.3098131],[-5.9051865,43.3098147],[-5.9051652,43.309815],[-5.9051437,43.3098147],[-5.9050812,43.3098124],[-5.9049708,43.3098112],[-5.9049555,43.3098105],[-5.9049081,43.3098075],[-5.9048376,43.3098047],[-5.9047987,43.3098018],[-5.9047467,43.3097994],[-5.9047284,43.309798],[-5.9047056,43.3097957],[-5.9046545,43.3097931],[-5.9046233,43.3097921],[-5.9046049,43.309791],[-5.9045803,43.3097885],[-5.9045551,43.3097866],[-5.9044892,43.3097808],[-5.9044404,43.3097754],[-5.9044264,43.3097733],[-5.9044133,43.3097708],[-5.9044052,43.3097686],[-5.9043974,43.3097659],[-5.9043854,43.30976],[-5.9043723,43.3097515],[-5.9043476,43.3097326],[-5.9043363,43.3097238],[-5.9043261,43.3097145],[-5.9043165,43.3097036],[-5.9043016,43.3096852],[-5.9042951,43.3096786],[-5.9042861,43.3096709],[-5.9042762,43.3096644],[-5.9042653,43.3096594],[-5.9042527,43.309656],[-5.9042392,43.3096547],[-5.9042259,43.3096554],[-5.9042166,43.3096573],[-5.9042093,43.3096596],[-5.9041956,43.3096658],[-5.9041823,43.3096735],[-5.9041558,43.3096925],[-5.9041225,43.3097157],[-5.9040891,43.309737],[-5.9040756,43.3097445],[-5.90406,43.3097507],[-5.9040518,43.3097533],[-5.904035,43.3097575],[-5.9040234,43.3097596],[-5.9039994,43.3097626],[-5.9039809,43.3097638],[-5.9039469,43.3097643],[-5.9039336,43.3097648],[-5.9039154,43.3097659],[-5.903898,43.3097664],[-5.9038893,43.3097662],[-5.9038663,43.3097652],[-5.9038569,43.3097645],[-5.9038152,43.3097605],[-5.9037802,43.3097563],[-5.9037701,43.3097554],[-5.9037429,43.3097535],[-5.9037235,43.3097527],[-5.9036942,43.3097529],[-5.903673,43.3097536],[-5.9036231,43.3097572],[-5.9036037,43.3097577],[-5.9035839,43.3097573],[-5.9035642,43.3097561],[-5.9035447,43.3097541],[-5.9035257,43.3097512],[-5.9035073,43.3097475],[-5.9034632,43.309736],[-5.903453,43.3097338],[-5.9034427,43.3097321],[-5.9034279,43.3097302],[-5.9033723,43.3097246],[-5.9033288,43.3097198],[-5.9033018,43.3097174],[-5.9032475,43.3097134],[-5.9032253,43.3097122],[-5.9031751,43.3097083],[-5.9031343,43.3097069],[-5.9031197,43.3097061],[-5.903093,43.3097044],[-5.903076,43.3097029],[-5.9030316,43.3096975],[-5.9029807,43.3096905],[-5.9029497,43.3096868],[-5.9028701,43.3096755],[-5.9028316,43.3096698],[-5.9028118,43.3096673],[-5.9027218,43.3096582],[-5.9026942,43.3096546],[-5.9026752,43.3096524],[-5.9026369,43.3096489],[-5.9026038,43.3096455],[-5.902548,43.3096382],[-5.9025153,43.3096352],[-5.9024853,43.3096337],[-5.9024662,43.3096332],[-5.9024497,43.3096324],[-5.9024276,43.3096308],[-5.9024113,43.3096291],[-5.902395,43.3096265],[-5.9023777,43.3096242],[-5.9023425,43.3096203],[-5.9023295,43.3096191],[-5.9022926,43.3096167],[-5.9022747,43.3096148],[-5.9022349,43.309612],[-5.9022061,43.3096092],[-5.9021906,43.3096069],[-5.9021549,43.3096008],[-5.9021465,43.3095992],[-5.9021177,43.3095926],[-5.9020795,43.3095854],[-5.9020674,43.3095834],[-5.9020378,43.3095794],[-5.9019821,43.3095726],[-5.901944,43.3095672],[-5.901907,43.3095629],[-5.9018875,43.309561],[-5.9018589,43.3095595],[-5.9018411,43.3095579],[-5.90181,43.3095537],[-5.9017978,43.3095517],[-5.9017657,43.3095445],[-5.9017483,43.3095416],[-5.9017218,43.3095379],[-5.9016769,43.3095336],[-5.9015721,43.3095207],[-5.9015315,43.3095151],[-5.9014983,43.3095111],[-5.9014663,43.3095079],[-5.9014259,43.3095044],[-5.9014089,43.3095022],[-5.9013921,43.3094991],[-5.9013759,43.3094951],[-5.9013649,43.3094915],[-5.9013541,43.3094875],[-5.9013436,43.3094831],[-5.9013334,43.3094783],[-5.9013187,43.3094709],[-5.9012767,43.3094478],[-5.9012514,43.3094344],[-5.9012392,43.309427],[-5.9012299,43.3094203],[-5.9012214,43.3094121],[-5.9012147,43.3094031],[-5.90121,43.3093937],[-5.9012079,43.3093865],[-5.9012072,43.3093793],[-5.9012089,43.3093687],[-5.9012106,43.3093641],[-5.9012169,43.3093527],[-5.9012234,43.3093441],[-5.9012378,43.309327],[-5.901244,43.3093189],[-5.9012496,43.3093104],[-5.9012559,43.3092972],[-5.9012791,43.3092311],[-5.9012835,43.3092206],[-5.9012892,43.3092103],[-5.901296,43.3092003],[-5.9013109,43.3091804],[-5.9013191,43.3091708],[-5.9013257,43.3091641],[-5.9013328,43.3091577],[-5.9013405,43.3091515],[-5.9013486,43.3091456],[-5.9013601,43.3091382],[-5.9013723,43.3091314],[-5.9013848,43.3091252],[-5.9014161,43.3091114],[-5.9014307,43.3091041],[-5.9014448,43.3090953],[-5.9014582,43.3090859],[-5.9014724,43.3090766],[-5.9014861,43.3090692],[-5.9015009,43.3090622],[-5.9015678,43.309033],[-5.9015977,43.3090194],[-5.9016117,43.3090122],[-5.9016487,43.3089902],[-5.9016615,43.3089834],[-5.9016745,43.3089775],[-5.9017054,43.3089657],[-5.9017346,43.3089537],[-5.9017475,43.3089497],[-5.9017632,43.3089462],[-5.9017997,43.3089412],[-5.9019904,43.308918],[-5.9020485,43.3089115],[-5.9020695,43.3089086],[-5.9020894,43.3089053],[-5.9021078,43.3089016],[-5.9021241,43.3088973],[-5.9021504,43.3088883],[-5.9021623,43.3088855],[-5.9021861,43.3088811],[-5.9021978,43.308878],[-5.9022089,43.3088734],[-5.902232,43.3088618],[-5.9022711,43.3088438],[-5.9022848,43.3088373],[-5.9023232,43.3088178],[-5.9023416,43.3088092],[-5.9023602,43.3088013],[-5.9023733,43.3087963],[-5.9023865,43.3087919],[-5.9023981,43.3087889],[-5.9024097,43.3087866],[-5.9024228,43.3087845],[-5.9024357,43.308783],[-5.902451,43.3087822],[-5.902465,43.3087828],[-5.9024772,43.3087841],[-5.9024995,43.3087871],[-5.9025477,43.3087948],[-5.9025669,43.3087965],[-5.9025814,43.3087966],[-5.9026274,43.3087939],[-5.902644,43.3087934],[-5.902679,43.3087934],[-5.9026951,43.3087927],[-5.9027104,43.308791],[-5.9027248,43.3087878],[-5.9027392,43.3087822],[-5.9027772,43.3087621],[-5.9027888,43.3087572],[-5.9028007,43.3087535],[-5.9028105,43.3087519],[-5.9028203,43.3087515],[-5.9028325,43.3087528],[-5.9028447,43.3087557],[-5.9028579,43.3087602],[-5.9028704,43.3087662],[-5.9028811,43.3087733],[-5.9028906,43.3087815],[-5.9028985,43.3087906],[-5.9029064,43.3088026],[-5.9029135,43.3088147],[-5.9029198,43.3088239],[-5.9029272,43.3088326],[-5.9029349,43.3088392],[-5.9029437,43.3088448],[-5.9029535,43.3088493],[-5.9029668,43.3088531],[-5.902996,43.3088589],[-5.9030125,43.3088631],[-5.9030291,43.3088684],[-5.9030453,43.3088746],[-5.9030584,43.3088802],[-5.9030707,43.3088862],[-5.903082,43.3088922],[-5.9031043,43.3089058],[-5.9031102,43.308909],[-5.9031164,43.3089117],[-5.9031293,43.3089154],[-5.903143,43.3089183],[-5.903155,43.3089211],[-5.9031663,43.3089252],[-5.903175,43.3089299],[-5.9031954,43.3089435],[-5.9032081,43.3089505],[-5.9032223,43.3089561],[-5.9032328,43.3089588],[-5.9032437,43.3089607],[-5.903268,43.3089635],[-5.9032799,43.3089652],[-5.9032955,43.3089691],[-5.9033028,43.3089719],[-5.9033098,43.3089752],[-5.9033164,43.3089789],[-5.9033358,43.3089919],[-5.9033492,43.309],[-5.9033615,43.3090061],[-5.9033747,43.3090115],[-5.9033884,43.3090164],[-5.9033973,43.3090193],[-5.9034127,43.3090236],[-5.9034625,43.3090355],[-5.9035072,43.309049],[-5.903518,43.3090518],[-5.9035349,43.309055],[-5.9035486,43.3090572],[-5.9035628,43.3090591],[-5.9035791,43.3090606],[-5.9036043,43.3090626],[-5.9036215,43.3090636],[-5.9036548,43.3090649],[-5.9036682,43.3090657],[-5.9037473,43.3090715],[-5.9037772,43.3090746],[-5.903788,43.3090761],[-5.9037977,43.3090779],[-5.9038068,43.30908],[-5.9038256,43.309085],[-5.9038377,43.3090875],[-5.9038504,43.3090894],[-5.9038637,43.3090904],[-5.90388,43.3090898],[-5.9039141,43.3090857],[-5.9039425,43.3090828],[-5.9039567,43.3090811],[-5.9039923,43.3090759],[-5.9040021,43.3090751],[-5.9040255,43.3090747],[-5.9040593,43.309075],[-5.9040765,43.3090749],[-5.9041016,43.3090737],[-5.9041215,43.3090718],[-5.904141,43.3090689],[-5.9041555,43.3090656],[-5.9041695,43.3090614],[-5.904183,43.3090566],[-5.9041985,43.3090503],[-5.9042271,43.3090375],[-5.9042401,43.309031],[-5.9042513,43.3090239],[-5.9042613,43.3090157],[-5.90427,43.3090067],[-5.9042776,43.3089971],[-5.9042843,43.3089872],[-5.9042904,43.3089761],[-5.9042946,43.3089647],[-5.9042962,43.3089556],[-5.9042967,43.3089462],[-5.9042962,43.3089327],[-5.9042935,43.308911],[-5.9042927,43.3089004],[-5.904293,43.3088903],[-5.9042937,43.3088853],[-5.9042952,43.308879],[-5.9042976,43.3088728],[-5.9043006,43.3088668],[-5.9043043,43.3088609],[-5.9043122,43.3088517],[-5.9043417,43.3088243],[-5.9044034,43.3087648],[-5.9044202,43.3087473],[-5.9044334,43.3087323],[-5.9044407,43.308723],[-5.9044487,43.30871],[-5.9044549,43.3086965],[-5.9044596,43.308683],[-5.9044631,43.3086703],[-5.9044671,43.3086583],[-5.9044706,43.3086514],[-5.904475,43.3086449],[-5.9044797,43.3086395],[-5.9044881,43.308633],[-5.9045012,43.3086272],[-5.9045168,43.3086233],[-5.9045257,43.3086218],[-5.9045351,43.3086208],[-5.9045562,43.3086198],[-5.9045708,43.3086199],[-5.9045851,43.3086205],[-5.9046231,43.3086231],[-5.9046578,43.308626],[-5.9046756,43.3086278],[-5.9046929,43.3086299],[-5.9047276,43.3086354],[-5.9047436,43.3086376],[-5.9047585,43.3086386],[-5.9047719,43.3086376],[-5.9047854,43.3086333],[-5.9047955,43.3086258],[-5.9048015,43.3086162],[-5.9048046,43.3086047],[-5.9048056,43.3085919],[-5.9048053,43.3085784],[-5.904804,43.3085645],[-5.9048008,43.3085371],[-5.9047997,43.3085235],[-5.9048007,43.3085112],[-5.9048035,43.308503],[-5.9048076,43.3084955],[-5.9048125,43.3084889],[-5.9048215,43.3084783],[-5.9048261,43.3084729],[-5.9048331,43.3084657],[-5.9048417,43.3084586],[-5.9048531,43.3084519],[-5.9048666,43.3084456],[-5.9048947,43.3084345],[-5.9049309,43.3084215],[-5.9049611,43.3084098],[-5.9049884,43.3083984],[-5.9050074,43.3083896],[-5.9050561,43.3083656],[-5.9050687,43.3083602],[-5.9050802,43.3083561],[-5.9050921,43.3083529],[-5.9051099,43.3083494],[-5.9051277,43.3083475],[-5.9051473,43.3083467],[-5.9051791,43.3083464],[-5.9051938,43.308346],[-5.9052082,43.3083449],[-5.9052203,43.3083431],[-5.9052322,43.3083409],[-5.9052502,43.3083372],[-5.9052762,43.3083312],[-5.905285,43.3083295],[-5.905303,43.3083266],[-5.9053297,43.3083237],[-5.9053472,43.3083231],[-5.9053647,43.3083237],[-5.9053913,43.3083252],[-5.9054097,43.3083255],[-5.9054672,43.3083229],[-5.9054837,43.3083226],[-5.9055402,43.3083224],[-5.9055563,43.3083218],[-5.9055774,43.3083204],[-5.9056405,43.3083138],[-5.9056749,43.3083107],[-5.9057122,43.308308],[-5.9057365,43.3083057],[-5.9057889,43.3082988],[-5.9058385,43.3082929],[-5.9058674,43.3082886],[-5.905904,43.3082826],[-5.9059222,43.3082805],[-5.9059408,43.3082795],[-5.9059587,43.3082795],[-5.9059949,43.3082803],[-5.9060269,43.3082816],[-5.9060425,43.3082827],[-5.9060576,43.3082842],[-5.9060955,43.3082891],[-5.9061147,43.3082912],[-5.9061246,43.3082918],[-5.9061364,43.3082917],[-5.906148,43.3082905],[-5.906162,43.308288],[-5.906174,43.3082849],[-5.9061856,43.3082812],[-5.9062002,43.308276],[-5.9062128,43.30827],[-5.9062227,43.3082635],[-5.9062488,43.308245],[-5.9062582,43.3082402],[-5.9062632,43.3082384],[-5.9062845,43.3082332],[-5.9063049,43.3082291],[-5.9063197,43.308227],[-5.9063276,43.3082265],[-5.9063443,43.3082268],[-5.9063528,43.3082276],[-5.9063661,43.3082293],[-5.9063798,43.3082316],[-5.9063984,43.3082355],[-5.906443,43.308246],[-5.9064691,43.3082505],[-5.906488,43.308253],[-5.9065072,43.3082552],[-5.9065267,43.3082567],[-5.9065464,43.3082573],[-5.9065676,43.3082569],[-5.9065888,43.3082553],[-5.9066096,43.3082529],[-5.9066218,43.3082511],[-5.9066338,43.308249],[-5.9066457,43.3082464],[-5.9067039,43.3082322],[-5.9067161,43.3082296],[-5.9067364,43.3082263],[-5.9067469,43.3082251],[-5.9067625,43.3082237],[-5.9067784,43.3082229],[-5.906802,43.3082224],[-5.9068248,43.3082214],[-5.906843,43.3082214],[-5.9068533,43.3082222],[-5.9068636,43.3082235],[-5.9068791,43.3082265],[-5.9069112,43.3082337],[-5.9069279,43.3082369],[-5.9069445,43.3082394],[-5.9069608,43.3082407],[-5.9069773,43.3082407],[-5.9069867,43.3082404],[-5.9070051,43.308239],[-5.9070223,43.3082369],[-5.9070417,43.3082339],[-5.9070769,43.308226],[-5.9070947,43.3082231],[-5.9071136,43.308221],[-5.9071425,43.3082186],[-5.9071559,43.308217],[-5.907207,43.3082097],[-5.9072453,43.308205],[-5.9072803,43.3082002],[-5.9073195,43.3081957],[-5.9073384,43.3081931],[-5.9073714,43.3081868],[-5.9073868,43.3081834],[-5.907401,43.3081795],[-5.9074089,43.3081769],[-5.9074338,43.3081678],[-5.9074446,43.3081643],[-5.9074558,43.3081613],[-5.9074673,43.3081593],[-5.9074774,43.3081584],[-5.9075048,43.308157],[-5.9075417,43.3081557],[-5.9076165,43.3081563],[-5.9076518,43.3081548],[-5.9076684,43.3081531],[-5.9076854,43.3081507],[-5.9077144,43.3081454],[-5.9077366,43.3081403],[-5.907759,43.3081341],[-5.9077802,43.3081266],[-5.907799,43.3081178],[-5.9078081,43.3081125],[-5.9078219,43.3081027],[-5.9078314,43.3080942],[-5.9078384,43.3080869],[-5.9078436,43.3080805],[-5.9078446,43.3080787],[-5.9078445,43.3080779],[-5.9078471,43.30808],[-5.9078501,43.3080819],[-5.9078596,43.3080864],[-5.9078728,43.3080914],[-5.9078902,43.3080964],[-5.9079005,43.3080986],[-5.907913,43.3081],[-5.9079259,43.3081005],[-5.9079694,43.3081004],[-5.9080106,43.308099],[-5.9080198,43.3080986],[-5.9080509,43.3080952],[-5.908057,43.3080951],[-5.9080631,43.3080954],[-5.9080842,43.3080979],[-5.9080945,43.3080985],[-5.9081014,43.3080983],[-5.9081304,43.3080955],[-5.9081428,43.308095],[-5.9081734,43.3080952],[-5.9082061,43.3080941],[-5.9082367,43.3080944],[-5.9082752,43.3080939],[-5.9082848,43.3080941],[-5.9083105,43.3080957],[-5.9083235,43.308097],[-5.9083392,43.3080995],[-5.9083714,43.3081051],[-5.9083913,43.3081075],[-5.9084328,43.3081109],[-5.9084695,43.3081145],[-5.9084875,43.3081168],[-5.9085263,43.3081222],[-5.9085726,43.308128],[-5.9085886,43.3081302],[-5.9086152,43.3081346],[-5.9086263,43.308136],[-5.9086445,43.308137],[-5.9086589,43.3081372],[-5.9086782,43.3081367],[-5.908702,43.308137],[-5.9087157,43.3081378],[-5.9087313,43.3081392],[-5.9087662,43.308143],[-5.908776,43.3081445],[-5.9087922,43.3081476],[-5.9088093,43.3081517],[-5.9088609,43.3081657],[-5.9088992,43.3081746],[-5.9089409,43.3081834],[-5.9089661,43.3081903],[-5.9089826,43.3081954],[-5.9090084,43.3082026],[-5.9090542,43.3082134],[-5.9090813,43.3082208],[-5.9091081,43.3082291],[-5.9091255,43.3082355],[-5.9091395,43.3082419],[-5.9091515,43.3082481],[-5.9091629,43.3082546],[-5.9091958,43.3082763],[-5.9092059,43.3082837],[-5.9092262,43.3083002],[-5.9092411,43.3083136],[-5.9092657,43.3083347],[-5.9092772,43.3083459],[-5.9093039,43.308373],[-5.9093134,43.3083844],[-5.9093179,43.3083904],[-5.9093261,43.3084031],[-5.9093377,43.3084231],[-5.9093506,43.3084441],[-5.9093717,43.3084771],[-5.9093795,43.3084912],[-5.9093874,43.3085074],[-5.9093994,43.3085364],[-5.9094084,43.3085596],[-5.9094143,43.3085725],[-5.9094275,43.3085986],[-5.9094409,43.3086241],[-5.9094496,43.3086422],[-5.9094637,43.30868],[-5.9094677,43.3086895],[-5.9094716,43.3086975],[-5.9094764,43.3087053],[-5.9094973,43.3087352],[-5.909511,43.3087562],[-5.9095136,43.308761],[-5.9095192,43.3087737],[-5.909524,43.3087875],[-5.9095378,43.308816],[-5.9095544,43.3088417],[-5.9095687,43.3088626],[-5.9095743,43.308874],[-5.9095766,43.3088799],[-5.9095818,43.3088976],[-5.9095828,43.3089034],[-5.9095851,43.3089266],[-5.9095875,43.3089384],[-5.9095913,43.3089496],[-5.9096009,43.3089692],[-5.9096031,43.3089758],[-5.9096048,43.3089847],[-5.9096056,43.3090011],[-5.9096066,43.3090128],[-5.9096078,43.3090189],[-5.9096106,43.3090282],[-5.909615,43.309039],[-5.9096219,43.3090514],[-5.9096354,43.3090711],[-5.9096628,43.3091062],[-5.9096819,43.3091285],[-5.9096904,43.3091402],[-5.9096973,43.3091529],[-5.9097002,43.3091594],[-5.9097132,43.3091918],[-5.9097183,43.3092017],[-5.9097253,43.3092108],[-5.9097335,43.3092192],[-5.9097433,43.3092284],[-5.9097589,43.309241],[-5.9097773,43.3092566],[-5.9098173,43.3092869],[-5.9098472,43.3093103],[-5.909895,43.3093428],[-5.9099186,43.3093578],[-5.9099324,43.3093658],[-5.9099466,43.3093725],[-5.9099549,43.3093759],[-5.9099633,43.3093786],[-5.9099739,43.309381],[-5.9099817,43.3093823],[-5.9099899,43.3093833],[-5.9100072,43.3093843],[-5.9100162,43.3093843],[-5.91003,43.3093837],[-5.9100438,43.3093824],[-5.9101444,43.3093029],[-5.9101168,43.3092433],[-5.9101003,43.30923],[-5.9100806,43.3092131],[-5.9100399,43.3091729],[-5.9100263,43.309158],[-5.9100128,43.3091414],[-5.9100013,43.3091253],[-5.9099759,43.3090855],[-5.909967,43.3090726],[-5.9099454,43.3090444],[-5.9099292,43.309022],[-5.909901,43.3089798],[-5.9098818,43.3089503],[-5.9098638,43.3089207],[-5.9098561,43.3089071],[-5.9098428,43.3088821],[-5.9098356,43.3088675],[-5.9098288,43.3088528],[-5.9098162,43.3088237],[-5.9098046,43.3087953],[-5.9097959,43.308772],[-5.9097739,43.3087033],[-5.9097683,43.3086835],[-5.9097654,43.3086711],[-5.9097621,43.3086485],[-5.9097608,43.3086276],[-5.909761,43.3086152],[-5.9097279,43.3084137],[-5.9097198,43.308388],[-5.909716,43.3083729],[-5.9097136,43.3083613],[-5.9096756,43.3081549],[-5.9096659,43.3081092],[-5.9096579,43.3080795],[-5.909656,43.30807],[-5.9096519,43.3080425],[-5.9096473,43.3079931],[-5.9096466,43.307981],[-5.9096467,43.3079599],[-5.909648,43.3079316],[-5.9096501,43.307912],[-5.909652,43.3079026],[-5.9096548,43.3078931],[-5.9096596,43.3078809],[-5.9096653,43.3078686],[-5.9096718,43.3078563],[-5.9096861,43.307832],[-5.909694,43.3078201],[-5.9097048,43.3078054],[-5.9097162,43.3077913],[-5.9097396,43.3077646],[-5.9097537,43.3077497],[-5.9097956,43.3077069],[-5.9098441,43.3076508],[-5.9098554,43.3076385],[-5.9098679,43.3076263],[-5.9098816,43.3076147],[-5.9098883,43.3076097],[-5.9099504,43.3075097],[-5.9099461,43.3075013],[-5.9099427,43.3074884],[-5.9099408,43.3074743],[-5.9099402,43.3074593],[-5.9099407,43.3074265],[-5.9099434,43.3073735],[-5.909947,43.3073144],[-5.909954,43.3072419],[-5.9099559,43.3072264],[-5.9099588,43.3072101],[-5.9099625,43.307194],[-5.9099668,43.307178],[-5.9099716,43.3071622],[-5.9099771,43.3071466],[-5.9099817,43.3071348],[-5.9099867,43.3071233],[-5.9099923,43.307112],[-5.9100003,43.307098],[-5.9100091,43.3070845],[-5.9100173,43.3070728],[-5.9100281,43.3070588],[-5.9100407,43.3070436],[-5.9100576,43.3070242],[-5.9100669,43.307015],[-5.9100775,43.3070061],[-5.9101018,43.3069884],[-5.9101178,43.3069777],[-5.9101463,43.3069601],[-5.9102052,43.3069243],[-5.9102193,43.306915],[-5.9102358,43.3069027],[-5.910249,43.3068916],[-5.9102602,43.3068798],[-5.9102822,43.3068528],[-5.9102939,43.3068396],[-5.9103192,43.3068098],[-5.9103341,43.3067913],[-5.9103723,43.3067401],[-5.910421,43.3066728],[-5.9104409,43.3066476],[-5.9104656,43.3066187],[-5.9104931,43.306589],[-5.9105135,43.3065677],[-5.9105546,43.306526],[-5.9105599,43.3065211],[-5.9106014,43.3064883],[-5.9106366,43.3064581],[-5.9106467,43.3064501],[-5.9106598,43.3064404],[-5.9106873,43.3064217],[-5.9107097,43.306405],[-5.9107788,43.3063487],[-5.9107899,43.3063388],[-5.9108015,43.3063273],[-5.910813,43.3063144],[-5.9108192,43.3063069],[-5.9108245,43.3062995],[-5.910833,43.3062843],[-5.9108385,43.3062754],[-5.910845,43.3062665],[-5.9108633,43.3062448],[-5.9108692,43.3062358],[-5.9108777,43.3062199],[-5.9108807,43.3062131],[-5.9108847,43.3062026],[-5.9108906,43.3061843],[-5.9108927,43.3061767],[-5.910896,43.3061629],[-5.9109048,43.306119],[-5.9109083,43.306104],[-5.9109125,43.306089],[-5.9109182,43.3060729],[-5.9109249,43.3060569],[-5.9109326,43.3060411],[-5.9109412,43.3060255],[-5.9109499,43.3060114],[-5.9109776,43.3059699],[-5.9109864,43.305956],[-5.9109943,43.3059421],[-5.911001,43.305928],[-5.9110043,43.3059194],[-5.9110084,43.3059063],[-5.9110113,43.3058931],[-5.9110181,43.3058524],[-5.911026,43.3058101],[-5.9110343,43.3057498],[-5.9110363,43.3057158],[-5.9110378,43.3057058],[-5.9110398,43.3056961],[-5.9110418,43.3056889],[-5.9110442,43.305682],[-5.91105,43.3056705],[-5.9110572,43.30566],[-5.911063,43.3056529],[-5.9110751,43.3056403],[-5.9110794,43.3056341],[-5.9110809,43.3056284],[-5.9110804,43.3056224],[-5.9110788,43.3056171],[-5.911073,43.3056049],[-5.9110692,43.3055982],[-5.9110653,43.3055928],[-5.9110604,43.3055878],[-5.9110543,43.3055829],[-5.9110329,43.3055677],[-5.9110111,43.305553],[-5.9110016,43.3055472],[-5.9109863,43.3055391],[-5.9109699,43.3055314],[-5.9109526,43.3055242],[-5.9109348,43.3055174],[-5.9109167,43.3055111],[-5.9108985,43.3055054],[-5.9108784,43.3054998],[-5.910863,43.3054966],[-5.9108475,43.3054942],[-5.9108364,43.305493],[-5.9108197,43.3054918],[-5.910806,43.3054915],[-5.9107697,43.3054924],[-5.9107557,43.3054919],[-5.9107425,43.3054899],[-5.9107339,43.3054877],[-5.9107257,43.3054848],[-5.9107137,43.3054798],[-5.9106949,43.3054704],[-5.9106886,43.3054676],[-5.9106742,43.3054618],[-5.9106605,43.3054569],[-5.9106548,43.3054545],[-5.9106433,43.3054485],[-5.9106376,43.3054449],[-5.9106322,43.3054408],[-5.9106048,43.305417],[-5.9105672,43.3053818],[-5.9105354,43.3053557],[-5.9105094,43.3053358],[-5.910487,43.3053161],[-5.9104728,43.3053027],[-5.9104288,43.3052598],[-5.9104166,43.3052476],[-5.9104049,43.3052352],[-5.9103937,43.3052223],[-5.9103836,43.3052092],[-5.91038,43.305204],[-5.9103712,43.3051894],[-5.9103674,43.3051821],[-5.9103625,43.3051706],[-5.9103589,43.3051589],[-5.9103563,43.305147],[-5.9103551,43.3051375],[-5.9103547,43.305128],[-5.9103551,43.3051205],[-5.9103568,43.3051051],[-5.9103588,43.3050936],[-5.9103617,43.3050804],[-5.91037,43.3050475],[-5.910377,43.3050176],[-5.9103817,43.3050026],[-5.9103881,43.3049884],[-5.9103922,43.3049817],[-5.910397,43.3049753],[-5.9104284,43.3049407],[-5.9104367,43.3049295],[-5.9104441,43.3049178],[-5.910455,43.3048985],[-5.9104786,43.3048479],[-5.9104866,43.3048335],[-5.910497,43.3048182],[-5.910509,43.3048033],[-5.910522,43.3047886],[-5.9105358,43.304774],[-5.9105649,43.3047452],[-5.9106352,43.3046778],[-5.9106619,43.3046508],[-5.9106746,43.3046371],[-5.9106868,43.3046232],[-5.9106981,43.304609],[-5.9107075,43.3045956],[-5.9107161,43.3045819],[-5.9107237,43.304568],[-5.9107281,43.3045587],[-5.9107353,43.3045407],[-5.9107405,43.3045241],[-5.9107445,43.3045072],[-5.9107475,43.3044904],[-5.9107494,43.3044736],[-5.9107499,43.304457],[-5.9107494,43.3044443],[-5.9107452,43.3044062],[-5.9107428,43.3043761],[-5.9107431,43.3043658],[-5.9107444,43.3043553],[-5.9107462,43.3043449],[-5.9107534,43.3043094],[-5.9107596,43.3042722],[-5.9107631,43.3042553],[-5.9107652,43.3042482],[-5.9107694,43.3042381],[-5.9107759,43.3042263],[-5.9107895,43.3042051],[-5.9108017,43.3041875],[-5.9108157,43.3041686],[-5.9108242,43.304158],[-5.9108331,43.3041477],[-5.9108457,43.3041345],[-5.9108575,43.3041233],[-5.91087,43.3041127],[-5.9108836,43.3041029],[-5.9108979,43.3040945],[-5.9109133,43.3040869],[-5.9109295,43.3040798],[-5.9109461,43.3040733],[-5.9109833,43.3040594],[-5.9110014,43.3040521],[-5.9110185,43.3040442],[-5.9110345,43.3040357],[-5.9110492,43.3040264],[-5.9110623,43.3040163],[-5.9110731,43.3040051],[-5.9110815,43.3039926],[-5.9110875,43.3039792],[-5.9110916,43.3039651],[-5.9110941,43.3039505],[-5.9110952,43.3039355],[-5.9110949,43.3039203],[-5.9110931,43.3039051],[-5.9110895,43.3038888],[-5.9110846,43.3038725],[-5.9110786,43.3038563],[-5.9110719,43.3038401],[-5.9110646,43.303824],[-5.9110485,43.303792],[-5.9110398,43.3037762],[-5.91103,43.3037596],[-5.9110094,43.303727],[-5.9109775,43.3036791],[-5.9109506,43.3036402],[-5.9109448,43.3036324],[-5.9109297,43.303614],[-5.9109027,43.3035846],[-5.9108851,43.3035637],[-5.9108678,43.3035413],[-5.9108579,43.3035271],[-5.9108486,43.3035126],[-5.9108408,43.3034987],[-5.9108339,43.3034846],[-5.9108276,43.3034702],[-5.9108222,43.3034558],[-5.9108176,43.3034412],[-5.9108141,43.3034276],[-5.9108114,43.3034139],[-5.9108094,43.3034003],[-5.910808,43.3033868],[-5.9108063,43.3033616],[-5.9107966,43.3032565],[-5.9107933,43.3032266],[-5.9107882,43.3031937],[-5.9107735,43.3031154],[-5.9107687,43.3030847],[-5.9107679,43.3030727],[-5.9107679,43.3030617],[-5.9107692,43.3030513],[-5.910772,43.3030431],[-5.9107766,43.3030355],[-5.910785,43.3030273],[-5.9107959,43.3030201],[-5.9108084,43.3030135],[-5.9108187,43.3030087],[-5.9108295,43.3030042],[-5.9108473,43.3029983],[-5.910866,43.3029936],[-5.9108759,43.3029917],[-5.9109057,43.3029873],[-5.9109518,43.3029797],[-5.9110282,43.3029703],[-5.9110366,43.3029694],[-5.9110522,43.3029681],[-5.9110603,43.3029677],[-5.9110792,43.3029674],[-5.9110985,43.3029681],[-5.9111178,43.3029701],[-5.9111463,43.302975],[-5.9111557,43.302977],[-5.9112009,43.3029886],[-5.911216,43.3029921],[-5.9112318,43.3029952],[-5.9112537,43.3029985],[-5.9112761,43.303001],[-5.9112964,43.3030029],[-5.9113297,43.3030051],[-5.9113426,43.3030056],[-5.9113604,43.3030057],[-5.9113952,43.3030053],[-5.9114412,43.3030043],[-5.9114951,43.3030025],[-5.9115165,43.3030016],[-5.9115491,43.3029997],[-5.9115836,43.302997],[-5.9116018,43.3029951],[-5.9116199,43.3029928],[-5.9116378,43.3029901],[-5.9116705,43.3029842],[-5.9116853,43.302981],[-5.9117064,43.3029756],[-5.911728,43.3029696],[-5.911806,43.3029469],[-5.9118194,43.3029427],[-5.9118343,43.3029374],[-5.9118577,43.3029283],[-5.9118764,43.3029204],[-5.9118946,43.3029121],[-5.9119133,43.3029032],[-5.9119257,43.3028964],[-5.9119799,43.3028646],[-5.9120092,43.3028463],[-5.9120276,43.3028327],[-5.9120417,43.3028212],[-5.9120552,43.302809],[-5.9120666,43.3027976],[-5.9120774,43.3027858],[-5.9120877,43.3027737],[-5.9121065,43.3027497],[-5.912115,43.3027379],[-5.912123,43.3027259],[-5.9121322,43.3027107],[-5.9121406,43.3026952],[-5.9121483,43.3026795],[-5.9121554,43.3026636],[-5.9121619,43.3026475],[-5.9121678,43.3026314],[-5.9121728,43.3026156],[-5.9121813,43.302584],[-5.9122042,43.3024866],[-5.9122084,43.3024701],[-5.912225,43.3024107],[-5.912229,43.3023936],[-5.9122354,43.3023588],[-5.9122491,43.3022703],[-5.9122525,43.3022528],[-5.9122564,43.3022354],[-5.9122601,43.3022214],[-5.9122686,43.3021941],[-5.9122839,43.3021482],[-5.912288,43.302138],[-5.9122939,43.3021269],[-5.9122982,43.3021204],[-5.912303,43.302114],[-5.9123111,43.302105],[-5.9123203,43.3020966],[-5.9123269,43.3020912],[-5.9123408,43.302081],[-5.9123561,43.3020714],[-5.9123643,43.3020667],[-5.9123785,43.3020597],[-5.9123969,43.3020516],[-5.9124167,43.3020442],[-5.9124375,43.3020375],[-5.9124581,43.3020321],[-5.9124793,43.3020273],[-5.9125011,43.3020231],[-5.9125232,43.3020193],[-5.9125455,43.302016],[-5.912568,43.3020131],[-5.9125905,43.3020106],[-5.9126144,43.3020086],[-5.9127195,43.3020007],[-5.9127359,43.3020001],[-5.9127494,43.3020012],[-5.9127591,43.3020046],[-5.9127644,43.3020095],[-5.9127644,43.302015],[-5.912758,43.30202],[-5.9127466,43.3020247],[-5.9127313,43.3020289],[-5.9127132,43.3020328],[-5.9126932,43.3020363],[-5.9126717,43.3020396],[-5.9126492,43.3020425],[-5.9125768,43.3020501],[-5.9125498,43.3020548],[-5.9125277,43.3020603],[-5.9125062,43.3020672],[-5.9124862,43.3020755],[-5.9124685,43.3020849],[-5.9124533,43.3020955],[-5.9124416,43.3021063],[-5.9124359,43.302113],[-5.9124317,43.3021194],[-5.9124293,43.3021248],[-5.9124281,43.3021293],[-5.9124282,43.3021328],[-5.9124293,43.302135],[-5.9124307,43.3021356],[-5.9124318,43.3021364],[-5.9124321,43.3021382],[-5.9124308,43.3021427],[-5.9124274,43.3021491],[-5.9124221,43.3021572],[-5.9124109,43.3021723],[-5.9124017,43.3021836],[-5.9123946,43.3021913],[-5.9123745,43.3022103],[-5.9123574,43.3022276],[-5.9123459,43.302241],[-5.9123364,43.3022538],[-5.9123293,43.3022653],[-5.912322,43.3022807],[-5.9123169,43.3022932],[-5.9123124,43.3023061],[-5.9123049,43.3023322],[-5.9122988,43.3023587],[-5.9122934,43.3023857],[-5.9122898,43.3024118],[-5.9122872,43.3024331],[-5.9122857,43.3024595],[-5.9122852,43.3024867],[-5.912284,43.3025032],[-5.9122819,43.3025197],[-5.9122791,43.3025362],[-5.9122726,43.3025667],[-5.9122651,43.3025942],[-5.9122606,43.3026077],[-5.9122555,43.3026209],[-5.9122429,43.302649],[-5.9122371,43.3026632],[-5.9122217,43.3027064],[-5.9122163,43.3027206],[-5.912212,43.3027306],[-5.9122033,43.302748],[-5.9121928,43.302766],[-5.912186,43.3027763],[-5.9121784,43.3027864],[-5.9121669,43.3027994],[-5.9121543,43.302812],[-5.9121411,43.3028243],[-5.9121282,43.302836],[-5.912115,43.3028473],[-5.9120836,43.302872],[-5.9120743,43.3028785],[-5.9120497,43.3028944],[-5.912033,43.3029045],[-5.9120154,43.3029141],[-5.9119997,43.3029215],[-5.9119504,43.3029418],[-5.9119344,43.3029489],[-5.911893,43.3029688],[-5.9118692,43.302979],[-5.9118595,43.3029829],[-5.9118426,43.302989],[-5.911825,43.3029947],[-5.9118071,43.303],[-5.9117734,43.3030096],[-5.9117579,43.3030135],[-5.9117264,43.3030205],[-5.9117085,43.3030239],[-5.9116905,43.3030268],[-5.9116759,43.3030288],[-5.9116444,43.3030323],[-5.9115927,43.3030369],[-5.9115534,43.303042],[-5.9115361,43.3030447],[-5.9115007,43.303051],[-5.9114655,43.3030577],[-5.9114315,43.3030646],[-5.9114217,43.3030663],[-5.9114086,43.3030679],[-5.9113955,43.3030687],[-5.9113823,43.3030687],[-5.9113295,43.3030665],[-5.9113095,43.3030662],[-5.9112934,43.3030664],[-5.9112727,43.3030677],[-5.9112443,43.3030714],[-5.9112262,43.3030745],[-5.911212,43.3030773],[-5.9111852,43.3030831],[-5.9111719,43.3030853],[-5.9111587,43.3030869],[-5.9111415,43.303088],[-5.911133,43.303088],[-5.9110897,43.3030848],[-5.911077,43.3030847],[-5.9110653,43.3030862],[-5.9110528,43.303089],[-5.9110448,43.3030914],[-5.9110373,43.3030946],[-5.9110303,43.3030984],[-5.9109911,43.3031257],[-5.9109812,43.3031316],[-5.9109407,43.3031522],[-5.9109207,43.3031631],[-5.9109146,43.303167],[-5.9109087,43.3031712],[-5.9108999,43.3031797],[-5.9108921,43.3031911],[-5.9108861,43.303204],[-5.9108818,43.3032181],[-5.910879,43.303233],[-5.9108781,43.3032416],[-5.9108771,43.303263],[-5.9108773,43.3032758],[-5.9108782,43.3032887],[-5.9108807,43.3033102],[-5.9108856,43.3033379],[-5.9108875,43.3033506],[-5.9108923,43.3034022],[-5.910894,43.303417],[-5.9108962,43.3034316],[-5.9108999,43.3034475],[-5.9109067,43.3034679],[-5.9109143,43.3034854],[-5.9109215,43.3034996],[-5.9109292,43.3035139],[-5.910946,43.3035422],[-5.9109692,43.3035799],[-5.9109792,43.303595],[-5.9110098,43.3036378],[-5.9110518,43.3037003],[-5.9110627,43.3037155],[-5.9110816,43.3037403],[-5.9111041,43.3037685],[-5.9111338,43.3038081],[-5.9111413,43.3038195],[-5.911149,43.3038341],[-5.9111556,43.3038492],[-5.9111614,43.3038634],[-5.9111665,43.3038778],[-5.9111705,43.3038922],[-5.9111727,43.3039046],[-5.9111737,43.303917],[-5.9111734,43.3039292],[-5.9111711,43.3039451],[-5.9111677,43.3039595],[-5.911163,43.303974],[-5.9111563,43.3039893],[-5.9111484,43.3040044],[-5.9111396,43.3040192],[-5.9111298,43.3040335],[-5.9111187,43.3040468],[-5.9111067,43.3040593],[-5.9110939,43.3040706],[-5.911087,43.3040761],[-5.9110729,43.3040864],[-5.91106,43.3040942],[-5.9110448,43.3041028],[-5.9109992,43.3041271],[-5.9109764,43.3041386],[-5.9109657,43.3041444],[-5.9109519,43.3041532],[-5.9109442,43.3041591],[-5.9109301,43.3041708],[-5.9109161,43.3041835],[-5.9109116,43.3041878],[-5.910906,43.304194],[-5.9109021,43.3041995],[-5.9108988,43.3042055],[-5.910891,43.3042225],[-5.9108882,43.3042278],[-5.910882,43.3042379],[-5.9108717,43.3042522],[-5.910868,43.3042566],[-5.910858,43.3042672],[-5.9108532,43.3042732],[-5.9108486,43.3042799],[-5.9108435,43.3042894],[-5.9108395,43.3042999],[-5.9108349,43.304315],[-5.9108318,43.3043277],[-5.9108279,43.3043514],[-5.9108222,43.3043998],[-5.9108215,43.3044116],[-5.9108218,43.3044253],[-5.910823,43.304439],[-5.910825,43.3044527],[-5.9108324,43.3044916],[-5.9108347,43.3045069],[-5.9108365,43.3045222],[-5.9108377,43.3045376],[-5.910838,43.3045529],[-5.9108374,43.304568],[-5.9108353,43.3045829],[-5.9108318,43.3045973],[-5.910827,43.3046114],[-5.9108222,43.304623],[-5.9108165,43.3046343],[-5.9108076,43.3046481],[-5.9107883,43.3046734],[-5.9107786,43.3046851],[-5.9107704,43.3046943],[-5.9107412,43.3047251],[-5.9107305,43.3047356],[-5.9107163,43.3047489],[-5.9107022,43.3047614],[-5.9106882,43.3047732],[-5.9106749,43.3047839],[-5.9106626,43.3047932],[-5.9106517,43.3048009],[-5.9106356,43.3048131],[-5.9106209,43.3048237],[-5.9106157,43.3048283],[-5.9106108,43.3048337],[-5.9105918,43.3048558],[-5.910583,43.3048665],[-5.9105766,43.3048756],[-5.9105692,43.3048886],[-5.9105646,43.3049004],[-5.9105615,43.3049126],[-5.9105582,43.3049313],[-5.910557,43.304946],[-5.9105567,43.3049614],[-5.9105578,43.3049708],[-5.9105596,43.3049798],[-5.9105618,43.3049858],[-5.910565,43.3049911],[-5.9105694,43.3049959],[-5.9105736,43.3049997],[-5.9105834,43.3050076],[-5.9105954,43.3050155],[-5.9106215,43.3050316],[-5.9106377,43.305043],[-5.9106485,43.3050511],[-5.9106702,43.305069],[-5.9107036,43.3050978],[-5.9107172,43.3051092],[-5.9107244,43.3051146],[-5.9107378,43.3051236],[-5.9107533,43.3051326],[-5.9107696,43.3051411],[-5.9107853,43.3051487],[-5.9108043,43.3051566],[-5.9108363,43.3051693],[-5.9108543,43.3051771],[-5.9108719,43.3051856],[-5.9108889,43.3051947],[-5.9109049,43.3052045],[-5.9109169,43.305213],[-5.9109283,43.3052218],[-5.9109496,43.3052401],[-5.9109678,43.305257],[-5.9109755,43.3052637],[-5.9109881,43.3052736],[-5.9110012,43.3052828],[-5.9110145,43.3052917],[-5.9110622,43.3053208],[-5.9110753,43.3053291],[-5.9110866,43.305337],[-5.911103,43.3053496],[-5.9111174,43.3053612],[-5.9111379,43.3053795],[-5.9111502,43.3053916],[-5.9111616,43.3054042],[-5.911172,43.3054183],[-5.9111812,43.3054329],[-5.91121,43.3054833],[-5.9112236,43.3055116],[-5.9112286,43.305523],[-5.911234,43.3055375],[-5.9112386,43.3055523],[-5.9112447,43.305577],[-5.9112471,43.3055894],[-5.911249,43.3056016],[-5.9112502,43.3056143],[-5.9112495,43.3056302],[-5.9112486,43.3056359],[-5.9112466,43.3056449],[-5.911244,43.3056539],[-5.9112188,43.3057288],[-5.911207,43.3057607],[-5.9111988,43.3057813],[-5.9111862,43.305811],[-5.9111794,43.3058256],[-5.9111686,43.3058458],[-5.9111598,43.3058597],[-5.911154,43.3058678],[-5.9111465,43.3058775],[-5.9111387,43.3058864],[-5.911123,43.3059035],[-5.9111147,43.3059148],[-5.9111112,43.3059204],[-5.9111083,43.3059261],[-5.9111047,43.3059362],[-5.9111035,43.3059448],[-5.9111027,43.3059793],[-5.9110996,43.305997],[-5.9110989,43.306004],[-5.9110991,43.3060147],[-5.9111006,43.3060255],[-5.9111039,43.3060412],[-5.9111045,43.3060465],[-5.9111044,43.3060519],[-5.9111025,43.3060627],[-5.9110999,43.306074],[-5.9110958,43.3060959],[-5.9110926,43.306107],[-5.9110889,43.3061153],[-5.9110806,43.3061301],[-5.9110723,43.3061426],[-5.9110635,43.3061545],[-5.9110587,43.3061602],[-5.9110481,43.3061708],[-5.9110337,43.3061827],[-5.9110192,43.3061935],[-5.9110086,43.3062],[-5.9109958,43.306207],[-5.9109834,43.3062152],[-5.9109741,43.306223],[-5.9109681,43.3062292],[-5.9109627,43.3062354],[-5.9109555,43.3062445],[-5.9109524,43.3062499],[-5.9109499,43.3062559],[-5.9109415,43.3062794],[-5.9109384,43.3062866],[-5.9109333,43.3062963],[-5.9109283,43.3063032],[-5.9109186,43.3063147],[-5.9109146,43.3063201],[-5.9109005,43.3063423],[-5.910894,43.3063512],[-5.9108723,43.3063747],[-5.9108648,43.3063819],[-5.9108564,43.3063894],[-5.9108522,43.3063937],[-5.9108401,43.3064083],[-5.9108269,43.3064227],[-5.9108246,43.3064261],[-5.9108232,43.3064293],[-5.9108229,43.3064331],[-5.9108245,43.3064365],[-5.9108278,43.3064396],[-5.910845,43.3064505],[-5.9108521,43.3064558],[-5.9108595,43.306463],[-5.9108654,43.3064713],[-5.9108692,43.3064797],[-5.9108716,43.3064883],[-5.910873,43.3064966],[-5.9108738,43.3065046],[-5.9108735,43.3065114],[-5.9108715,43.3065164],[-5.9108666,43.3065193],[-5.9108625,43.3065193],[-5.9108579,43.3065183],[-5.9108529,43.3065168],[-5.9108479,43.3065147],[-5.9108383,43.3065099],[-5.9108305,43.3065065],[-5.9108211,43.3065042],[-5.9108091,43.3065039],[-5.9107957,43.3065058],[-5.9107808,43.3065102],[-5.9107656,43.3065165],[-5.9107503,43.3065243],[-5.9107355,43.3065332],[-5.9107213,43.306543],[-5.9107096,43.306552],[-5.9106968,43.3065628],[-5.9106868,43.3065724],[-5.9106781,43.3065821],[-5.9106606,43.306604],[-5.9106506,43.3066135],[-5.9106393,43.3066223],[-5.9106272,43.3066304],[-5.9106148,43.306638],[-5.9105944,43.3066496],[-5.9105864,43.3066547],[-5.9105775,43.3066622],[-5.9105695,43.306671],[-5.9105621,43.3066819],[-5.9105555,43.3066937],[-5.9105308,43.3067464],[-5.9105192,43.3067695],[-5.9105141,43.3067788],[-5.9105087,43.3067874],[-5.910501,43.3067972],[-5.9104929,43.3068046],[-5.9104863,43.3068082],[-5.91048,43.3068104],[-5.9104568,43.3068167],[-5.9104522,43.3068184],[-5.9104481,43.3068202],[-5.9104436,43.3068233],[-5.9104409,43.3068273],[-5.9104399,43.3068314],[-5.9104393,43.3068396],[-5.9104374,43.3068439],[-5.910434,43.3068483],[-5.9104302,43.306852],[-5.910416,43.3068634],[-5.9104075,43.3068711],[-5.9103795,43.3068951],[-5.9103554,43.3069148],[-5.9103494,43.3069203],[-5.9103329,43.306937],[-5.9103265,43.3069428],[-5.9103171,43.3069507],[-5.9102988,43.3069649],[-5.9102787,43.3069794],[-5.9102207,43.3070181],[-5.9101474,43.3070682],[-5.9101368,43.3070758],[-5.9101304,43.3070809],[-5.9101193,43.3070912],[-5.910114,43.3070969],[-5.9101094,43.3071024],[-5.9101057,43.3071079],[-5.9101032,43.3071132],[-5.9101018,43.3071177],[-5.9101013,43.3071218],[-5.9101013,43.3071269],[-5.910103,43.3071383],[-5.9101032,43.3071456],[-5.9101022,43.3071538],[-5.9100988,43.3071719],[-5.9100982,43.3071807],[-5.9100988,43.3071891],[-5.9101019,43.3072015],[-5.9101029,43.3072072],[-5.9101028,43.3072102],[-5.9101013,43.307216],[-5.9100981,43.3072211],[-5.9100942,43.3072251],[-5.9100896,43.3072291],[-5.910086,43.3072317],[-5.91008,43.307235],[-5.9100703,43.3072388],[-5.9100639,43.3072396],[-5.9100609,43.3072387],[-5.9100583,43.3072369],[-5.9100561,43.3072342],[-5.9100544,43.3072306],[-5.9100534,43.3072265],[-5.9100527,43.3072195],[-5.9100524,43.3071974],[-5.9100518,43.3071901],[-5.9100503,43.3071831],[-5.9100475,43.3071747],[-5.9100444,43.3071677],[-5.9100423,43.3071645],[-5.9100401,43.3071625],[-5.9100366,43.3071619],[-5.9100325,43.307165],[-5.9100288,43.3071713],[-5.9100256,43.30718],[-5.910023,43.3071905],[-5.9100212,43.3072022],[-5.9100204,43.3072168],[-5.9100204,43.3072317],[-5.9100209,43.3072395],[-5.9100232,43.3072556],[-5.9100261,43.3072688],[-5.9100349,43.3073015],[-5.9100382,43.3073158],[-5.9100407,43.3073318],[-5.9100422,43.3073475],[-5.9100429,43.3073628],[-5.9100427,43.3073999],[-5.9100436,43.3074217],[-5.9100458,43.3074389],[-5.9100468,43.3074436],[-5.91005,43.3074533],[-5.9100544,43.3074628],[-5.9100552,43.3074664],[-5.910055,43.3074699],[-5.9100531,43.3074745],[-5.9100427,43.3074884],[-5.9100404,43.3074925],[-5.9100354,43.307505],[-5.9100317,43.3075123],[-5.9100273,43.3075186],[-5.9100243,43.307522],[-5.9099817,43.3075868],[-5.909984,43.3075873],[-5.9099905,43.3075901],[-5.9099913,43.3075911],[-5.9099904,43.3075936],[-5.9099886,43.3075962],[-5.9099774,43.3076103],[-5.9099211,43.3076838],[-5.9099152,43.3076914],[-5.909896,43.3077144],[-5.9098827,43.3077317],[-5.9098664,43.3077493],[-5.9098576,43.3077597],[-5.9098394,43.3077824],[-5.9098254,43.307798],[-5.9098108,43.3078133],[-5.909788,43.3078335],[-5.9097808,43.3078404],[-5.9097719,43.3078505],[-5.9097672,43.3078566],[-5.9097629,43.307863],[-5.9097594,43.307869],[-5.9097554,43.3078769],[-5.9097477,43.3078958],[-5.909744,43.3079066],[-5.909741,43.3079173],[-5.9097391,43.3079273],[-5.9097383,43.3079374],[-5.9097382,43.3079521],[-5.9097389,43.3079674],[-5.9097419,43.3079992],[-5.909744,43.3080153],[-5.909748,43.30804],[-5.9097576,43.3080922],[-5.909764,43.3081207],[-5.909768,43.3081351],[-5.909773,43.3081495],[-5.9097793,43.3081638],[-5.9097874,43.3081777],[-5.9097976,43.3081912],[-5.9098095,43.3082041],[-5.909823,43.3082163],[-5.9098376,43.3082277],[-5.9098517,43.3082374],[-5.9098947,43.3082647],[-5.9099076,43.3082739],[-5.9099146,43.3082794],[-5.9099275,43.3082907],[-5.9099724,43.3083338],[-5.9099826,43.3083447],[-5.9099872,43.3083506],[-5.9099979,43.3083665],[-5.9100072,43.3083789],[-5.910018,43.3083915],[-5.9100297,43.3084043],[-5.910041,43.3084159],[-5.9100526,43.3084272],[-5.9100647,43.3084381],[-5.9100771,43.3084483],[-5.9100947,43.3084615],[-5.910105,43.30847],[-5.9101148,43.3084801],[-5.9101234,43.308491],[-5.9101313,43.3085025],[-5.9101454,43.3085261],[-5.9101559,43.3085453],[-5.9101597,43.3085541],[-5.9101643,43.3085674],[-5.9101706,43.308589],[-5.9101742,43.3085992],[-5.9101767,43.3086085],[-5.9101769,43.3086162],[-5.9101742,43.3086231],[-5.9102584,43.3086648],[-5.9102819,43.30869],[-5.9102871,43.30868],[-5.9102953,43.3086687],[-5.9103267,43.3086322],[-5.9103328,43.3086249],[-5.910337,43.3086188],[-5.9103399,43.3086125],[-5.9103417,43.3086056],[-5.9103426,43.3085959],[-5.9103423,43.3085871],[-5.9103397,43.3085647],[-5.9103372,43.3085512],[-5.9103336,43.3085377],[-5.9103262,43.3085177],[-5.9103139,43.3084805],[-5.9103091,43.3084681],[-5.9103029,43.3084552],[-5.9102962,43.3084427],[-5.9102893,43.3084305],[-5.9102821,43.308419],[-5.9102746,43.3084085],[-5.9102586,43.3083877],[-5.9102538,43.3083804],[-5.9102519,43.3083762],[-5.9102477,43.3083615],[-5.9102459,43.308358],[-5.9102405,43.3083528],[-5.9102288,43.3083451],[-5.9102222,43.3083401],[-5.9102152,43.3083332],[-5.9101722,43.3082833],[-5.9101668,43.3082759],[-5.9101634,43.3082694],[-5.9101615,43.3082634],[-5.9101604,43.3082526],[-5.9101595,43.3082487],[-5.9101551,43.3082379],[-5.9101539,43.3082336],[-5.9101538,43.3082306],[-5.9101551,43.3082281],[-5.9101575,43.3082269],[-5.9101706,43.30823],[-5.9101709,43.3082292],[-5.9101703,43.3082286],[-5.9101682,43.308228],[-5.9101585,43.3082264],[-5.9101596,43.3082258],[-5.9101665,43.3082248],[-5.9101747,43.3082248],[-5.910183,43.308226],[-5.9101912,43.3082286],[-5.9101969,43.3082325],[-5.9102013,43.3082372],[-5.9102103,43.3082507],[-5.9102146,43.3082565],[-5.910233,43.3082795],[-5.9102481,43.3082992],[-5.9102812,43.3083329],[-5.9103012,43.3083546],[-5.9103113,43.3083662],[-5.9103233,43.3083818],[-5.9103268,43.3083872],[-5.9103324,43.3083974],[-5.9103344,43.3084024],[-5.9103411,43.3084252],[-5.9103444,43.3084431],[-5.9103465,43.3084519],[-5.9103517,43.3084683],[-5.9103609,43.3084949],[-5.9103651,43.3085097],[-5.9103687,43.308525],[-5.9103715,43.3085407],[-5.9103736,43.3085565],[-5.9103749,43.3085724],[-5.910375,43.3085883],[-5.9103746,43.3085968],[-5.9103733,43.3086095],[-5.9103707,43.3086258],[-5.9103672,43.3086417],[-5.9103627,43.3086568],[-5.910357,43.3086709],[-5.9103434,43.308696],[-5.9103384,43.3087071],[-5.9103366,43.3087142],[-5.910336,43.3087218],[-5.9103364,43.3087334],[-5.9103381,43.3087459],[-5.9103408,43.3087591],[-5.9103448,43.3087722],[-5.9103531,43.3087936],[-5.910361,43.3088095],[-5.9103678,43.3088204],[-5.9103738,43.3088289],[-5.9103868,43.3088452],[-5.9103938,43.3088528],[-5.910404,43.308863],[-5.910415,43.3088727],[-5.9104294,43.3088832],[-5.9104449,43.3088927],[-5.9104593,43.3089003],[-5.9104685,43.3089045],[-5.910493,43.3089145],[-5.910508,43.3089201],[-5.9105228,43.308925],[-5.9105372,43.308929],[-5.910568,43.3089351],[-5.9105756,43.3089369],[-5.9106025,43.3089436],[-5.9106131,43.3089468],[-5.9106218,43.3089505],[-5.9106282,43.3089545],[-5.910639,43.3089622],[-5.910647,43.3089664],[-5.9106566,43.3089707],[-5.9107431,43.3090069],[-5.9107538,43.3090111],[-5.9107945,43.3090257],[-5.910807,43.309031],[-5.9108187,43.3090377],[-5.9108502,43.309058],[-5.9108569,43.3090628],[-5.9108759,43.3090785],[-5.9108823,43.3090833],[-5.9108989,43.3090946],[-5.9109087,43.3091017],[-5.9109182,43.3091095],[-5.9109406,43.3091318],[-5.9109486,43.3091384],[-5.9109613,43.3091471],[-5.9109802,43.3091591],[-5.9109905,43.3091662],[-5.9110004,43.3091737],[-5.9110097,43.3091812],[-5.9110269,43.3091965],[-5.9110351,43.3092058],[-5.9110396,43.309215],[-5.9110403,43.3092237],[-5.9110367,43.3092312],[-5.9110276,43.3092374],[-5.9110144,43.3092417],[-5.9109986,43.3092447],[-5.910949,43.3092508],[-5.9109107,43.3092548],[-5.910891,43.3092564],[-5.9108206,43.30926],[-5.9108062,43.3092615],[-5.9107926,43.3092645],[-5.910785,43.3092667],[-5.9107554,43.3092776],[-5.9107415,43.3092823],[-5.9107272,43.3092861],[-5.910719,43.3092876],[-5.910696,43.3092912],[-5.9106618,43.3092973],[-5.9106445,43.3093005],[-5.910605,43.3093084],[-5.9105899,43.3093107],[-5.9105748,43.3093124],[-5.9105432,43.3093148],[-5.9105293,43.3093154],[-5.9104978,43.3093158],[-5.9104841,43.3093166],[-5.9104554,43.3093189],[-5.9104419,43.3093202],[-5.9103972,43.3093254],[-5.9103845,43.3093259],[-5.9104003,43.3093941],[-5.910425,43.3094719],[-5.9104372,43.3094784],[-5.9104499,43.3094845],[-5.9104645,43.3094905],[-5.9104825,43.309497],[-5.9105014,43.3095027],[-5.9105193,43.309507],[-5.9105377,43.3095106],[-5.9105564,43.3095137],[-5.9105943,43.3095189],[-5.9106174,43.3095218],[-5.9106404,43.309524],[-5.9106631,43.3095252],[-5.9106785,43.3095253],[-5.9106896,43.309525],[-5.9107055,43.3095239],[-5.9107418,43.3095199],[-5.9108066,43.3095141],[-5.9108256,43.3095108],[-5.9108451,43.3095064],[-5.910894,43.3094936],[-5.9109118,43.3094881],[-5.9109287,43.309482],[-5.9109556,43.3094716],[-5.910966,43.3094679],[-5.9109801,43.3094635],[-5.9109906,43.3094608],[-5.9110052,43.3094578],[-5.9110224,43.3094555],[-5.911038,43.309455],[-5.9110536,43.3094559],[-5.9110732,43.3094591],[-5.9110921,43.3094638],[-5.9111093,43.3094693],[-5.911125,43.3094756],[-5.9111332,43.3094794],[-5.9111492,43.3094876],[-5.9111577,43.3094915],[-5.911164,43.309494],[-5.9111703,43.309496],[-5.911181,43.3094982],[-5.9111914,43.3094985],[-5.9112018,43.309496],[-5.9112121,43.3094917],[-5.9112245,43.3094853],[-5.9112367,43.3094777],[-5.9112599,43.3094617],[-5.9112759,43.3094516],[-5.9112845,43.3094469],[-5.9112933,43.3094428],[-5.9113008,43.3094396],[-5.9113087,43.3094371],[-5.9113226,43.3094343],[-5.9113377,43.309433],[-5.9113537,43.3094329],[-5.9113701,43.3094335],[-5.9113893,43.3094351],[-5.911408,43.3094375],[-5.9114256,43.309441],[-5.9114414,43.309446],[-5.9114487,43.3094492],[-5.9114547,43.3094525],[-5.9114671,43.3094602],[-5.9114778,43.309469],[-5.9114853,43.3094773],[-5.9114912,43.3094857],[-5.9114952,43.3094941],[-5.9114967,43.3095034],[-5.9114962,43.3095193],[-5.9114977,43.309527],[-5.9115008,43.3095328],[-5.9115053,43.3095386],[-5.9115286,43.3095627],[-5.9115355,43.3095717],[-5.9115392,43.3095788],[-5.9115416,43.3095861],[-5.9115428,43.3095973],[-5.9115423,43.3096169],[-5.9115414,43.3096328],[-5.9115396,43.3096487],[-5.9115409,43.3096593],[-5.9115423,43.3096634],[-5.9115448,43.3096684],[-5.9115478,43.3096734],[-5.9115545,43.309682],[-5.9115603,43.3096873],[-5.9115694,43.3096937],[-5.9115802,43.3096991],[-5.9115921,43.3097035],[-5.9116031,43.3097066],[-5.9116146,43.3097086],[-5.911626,43.3097094],[-5.9116368,43.3097088],[-5.9116469,43.3097069],[-5.9116728,43.3096997],[-5.9116929,43.3096945],[-5.9117025,43.3096906],[-5.9117122,43.3096846],[-5.9117215,43.3096769],[-5.9117276,43.3096708],[-5.9117402,43.3096565],[-5.911755,43.3096381],[-5.9117629,43.3096273],[-5.9117704,43.3096163],[-5.9117845,43.3095943],[-5.9117907,43.3095834],[-5.9118021,43.3095605],[-5.9118086,43.3095495],[-5.9118169,43.3095387],[-5.9118254,43.3095293],[-5.9118323,43.3095224],[-5.9118397,43.3095156],[-5.9118524,43.3095047],[-5.9118659,43.3094943],[-5.9118877,43.3094794],[-5.9119122,43.3094641],[-5.9119247,43.309457],[-5.9119416,43.3094486],[-5.911959,43.3094417],[-5.911977,43.3094371],[-5.9119954,43.3094355],[-5.9120144,43.3094362],[-5.9120336,43.3094388],[-5.9120528,43.3094427],[-5.9120664,43.3094462],[-5.9120797,43.3094502],[-5.9120939,43.309455],[-5.9121074,43.3094602],[-5.9121201,43.3094659],[-5.9121557,43.3094851],[-5.9121673,43.3094907],[-5.9121882,43.3094999],[-5.9122007,43.309506],[-5.9122082,43.3095105],[-5.9122142,43.3095152],[-5.9122197,43.3095215],[-5.9122283,43.3095328],[-5.9122331,43.3095375],[-5.9122525,43.3095516],[-5.9122612,43.3095594],[-5.9122893,43.3095887],[-5.9123007,43.3095992],[-5.9123133,43.3096098],[-5.9123279,43.3096212],[-5.9123431,43.3096325],[-5.912359,43.3096435],[-5.9123753,43.3096539],[-5.9123976,43.3096674],[-5.9124171,43.3096804],[-5.9124915,43.3097331],[-5.912504,43.3097425],[-5.9125175,43.3097535],[-5.91253,43.3097647],[-5.9125413,43.3097759],[-5.9125512,43.309787],[-5.9125592,43.3097979],[-5.9125631,43.3098045],[-5.9125662,43.3098108],[-5.9125689,43.3098182],[-5.9125699,43.3098248],[-5.9125685,43.3098306],[-5.9125646,43.3098353],[-5.9125583,43.3098392],[-5.9125522,43.3098418],[-5.9125414,43.309845],[-5.9125291,43.3098476],[-5.9125159,43.3098499],[-5.912487,43.3098544],[-5.9124525,43.3098579],[-5.9124366,43.309859],[-5.9124204,43.3098597],[-5.9123762,43.3098604],[-5.912349,43.3098616],[-5.9123313,43.309862],[-5.9123224,43.3098618],[-5.9122853,43.3098593],[-5.9122516,43.3098578],[-5.9122165,43.3098575],[-5.912181,43.3098578],[-5.9121463,43.3098573],[-5.9120914,43.3098589],[-5.9120625,43.3098604],[-5.9119948,43.309865],[-5.9119799,43.3098657],[-5.9119655,43.3098657],[-5.9119558,43.3098652],[-5.9119384,43.309863],[-5.9119285,43.3098612],[-5.9119033,43.3098559],[-5.9118916,43.3098543],[-5.9118823,43.3098541],[-5.9118733,43.3098547],[-5.911868,43.3098555],[-5.9118669,43.3098557],[-5.9119148,43.3099496],[-5.9119528,43.3099981],[-5.9119623,43.3099996],[-5.9119722,43.3100008],[-5.9119887,43.3100018],[-5.9120055,43.3100018],[-5.9120364,43.3100011],[-5.9120477,43.3100011],[-5.912065,43.3100016],[-5.9121136,43.3100048],[-5.9121299,43.3100053],[-5.9121456,43.3100048],[-5.9121983,43.3100011],[-5.9122168,43.3100005],[-5.9122328,43.3100007],[-5.9122891,43.3100035],[-5.9123049,43.3100047],[-5.9123273,43.3100076],[-5.9123427,43.3100103],[-5.912357,43.3100135],[-5.9123658,43.3100157],[-5.9123747,43.3100185],[-5.9123824,43.3100216],[-5.9123883,43.3100249],[-5.9123931,43.3100281],[-5.9124062,43.3100411],[-5.9124112,43.3100446],[-5.9124181,43.3100478],[-5.9124225,43.3100494],[-5.9124345,43.3100527],[-5.9124487,43.3100553],[-5.9124645,43.3100572],[-5.9124815,43.3100586],[-5.9125218,43.3100605],[-5.9125682,43.3100619],[-5.9125917,43.310062],[-5.912615,43.3100615],[-5.9126379,43.3100602],[-5.9126671,43.3100575],[-5.9126864,43.3100562],[-5.9127059,43.3100559],[-5.9127252,43.3100569],[-5.9127404,43.3100587],[-5.9127553,43.3100615],[-5.912774,43.3100661],[-5.912792,43.3100718],[-5.912809,43.3100787],[-5.9128246,43.3100868],[-5.9128384,43.3100963],[-5.9128507,43.3101083],[-5.9128608,43.3101216],[-5.9128689,43.3101358],[-5.9128753,43.3101506],[-5.9128801,43.3101656],[-5.9128822,43.310175],[-5.9128841,43.3101874],[-5.9128846,43.3101994],[-5.9128835,43.3102107],[-5.9128806,43.3102214],[-5.9128763,43.3102306],[-5.9128718,43.3102377],[-5.9128666,43.3102441],[-5.9128617,43.3102492],[-5.9128431,43.3102659],[-5.9128381,43.3102715],[-5.9128337,43.3102776],[-5.9128247,43.3102926],[-5.9128206,43.3103006],[-5.9128068,43.31033],[-5.9128033,43.3103403],[-5.9127999,43.3103584],[-5.9127975,43.310369],[-5.9127941,43.3103797],[-5.9127896,43.3103902],[-5.9127838,43.3104003],[-5.9127765,43.3104096],[-5.912768,43.3104175],[-5.9127308,43.3104464],[-5.9127249,43.3104516],[-5.9127157,43.310461],[-5.9127104,43.3104674],[-5.9127022,43.3104794],[-5.9126974,43.3104877],[-5.9126882,43.310507],[-5.912676,43.3105254],[-5.9126701,43.3105335],[-5.9126199,43.3105948],[-5.9126115,43.3106078],[-5.9126064,43.3106181],[-5.9126025,43.3106288],[-5.9125996,43.3106397],[-5.9125986,43.3106456],[-5.9125979,43.3106567],[-5.9125987,43.3106762],[-5.9125996,43.3106845],[-5.9126026,43.3106992],[-5.9126083,43.3107161],[-5.9126122,43.3107257],[-5.9126171,43.3107363],[-5.9126244,43.3107499],[-5.9126327,43.3107628],[-5.9126371,43.310769],[-5.9126444,43.310778],[-5.9126525,43.3107861],[-5.9126596,43.3107919],[-5.9126925,43.3108161],[-5.9127242,43.3108379],[-5.9127439,43.3108509],[-5.9127612,43.3108617],[-5.9127775,43.3108713],[-5.9127928,43.3108798],[-5.912823,43.3108955],[-5.9128337,43.3109014],[-5.9128434,43.3109078],[-5.9128492,43.3109125],[-5.9128592,43.3109228],[-5.9128723,43.3109389],[-5.9128801,43.3109495],[-5.9128924,43.3109701],[-5.9128989,43.3109818],[-5.9129037,43.3109918],[-5.9129079,43.3110022],[-5.9129118,43.311014],[-5.9129138,43.3110242],[-5.9129155,43.3110414],[-5.9129167,43.3110598],[-5.9129173,43.3110755],[-5.9129187,43.3110927],[-5.9129196,43.3111011],[-5.9129227,43.3111212],[-5.9129251,43.3111417],[-5.9129282,43.3111543],[-5.912932,43.3111672],[-5.9129353,43.3111803],[-5.9129366,43.3111872],[-5.91294,43.3112123],[-5.912941,43.3112232],[-5.9129414,43.3112341],[-5.9129407,43.3112853],[-5.9129393,43.3112992],[-5.9129368,43.3113128],[-5.9129332,43.3113261],[-5.9129306,43.3113333],[-5.9129112,43.3113851],[-5.9129062,43.3114003],[-5.9129015,43.311416],[-5.9128974,43.3114321],[-5.9128938,43.3114485],[-5.9128911,43.311465],[-5.9128893,43.3114815],[-5.9128888,43.3114961],[-5.9128889,43.311548],[-5.9128894,43.3115591],[-5.9128902,43.3115675],[-5.9128926,43.311583],[-5.9128945,43.3115904],[-5.9128978,43.3115997],[-5.9129022,43.3116087],[-5.9129068,43.3116162],[-5.9129151,43.3116264],[-5.9129249,43.3116359],[-5.9129353,43.3116444],[-5.9129465,43.3116521],[-5.9129587,43.3116588],[-5.9129717,43.3116639],[-5.9129902,43.311668],[-5.9130052,43.3116695],[-5.9130204,43.3116696],[-5.9130314,43.3116691],[-5.9130423,43.3116679],[-5.9130607,43.3116642],[-5.9130695,43.3116616],[-5.9130779,43.3116587],[-5.9130953,43.3116514],[-5.9131161,43.3116418],[-5.9131303,43.311637],[-5.9131453,43.3116334],[-5.9131605,43.311631],[-5.913175,43.3116298],[-5.9131879,43.3116301],[-5.9131966,43.3116316],[-5.9132012,43.3116334],[-5.9134031,43.3117151],[-5.9134112,43.3117148],[-5.9134166,43.3117157],[-5.9134188,43.3117176],[-5.9134321,43.3117253],[-5.9134388,43.3117296],[-5.913446,43.3117348],[-5.913583,43.3117977],[-5.913598,43.3117902],[-5.9136128,43.3117834],[-5.913628,43.3117769],[-5.9136435,43.3117709],[-5.913653,43.3117676],[-5.9136725,43.3117617],[-5.9136926,43.3117568],[-5.913723,43.3117502],[-5.9137425,43.3117455],[-5.9137701,43.3117376],[-5.9137921,43.3117305],[-5.9138049,43.3117259],[-5.9138388,43.3117121],[-5.9138509,43.3117077],[-5.913857,43.3117059],[-5.9138654,43.3117039],[-5.9138824,43.3117014],[-5.9139081,43.3116997],[-5.9139258,43.3116982],[-5.9139408,43.3116961],[-5.9139556,43.3116926],[-5.9139642,43.31169],[-5.9139787,43.3116843],[-5.91402,43.3116646],[-5.9140497,43.3116497],[-5.914077,43.3116353],[-5.9140904,43.3116279],[-5.9141032,43.3116203],[-5.9141151,43.3116122],[-5.9141256,43.3116038],[-5.9141344,43.311595],[-5.9141591,43.3115685],[-5.9141669,43.3115594],[-5.9141763,43.3115465],[-5.914184,43.3115331],[-5.9141957,43.3115083],[-5.9142127,43.3114741],[-5.9142239,43.3114493],[-5.9142306,43.3114329],[-5.9142352,43.3114189],[-5.9142436,43.3113904],[-5.9142485,43.3113762],[-5.914255,43.3113612],[-5.9142626,43.3113463],[-5.9142854,43.311304],[-5.914301,43.3112736],[-5.9143129,43.311248],[-5.9143179,43.3112351],[-5.9143227,43.3112194],[-5.9143266,43.3112035],[-5.9143311,43.3111818],[-5.914333,43.3111697],[-5.9143363,43.3111411],[-5.9143437,43.3110587],[-5.9143463,43.3110345],[-5.9143549,43.3109725],[-5.9143577,43.310957],[-5.9143614,43.3109408],[-5.9143671,43.3109212],[-5.9143711,43.3109097],[-5.9143774,43.3108947],[-5.9143832,43.3108845],[-5.9143898,43.3108742],[-5.9143968,43.3108644],[-5.9144042,43.3108552],[-5.9144086,43.31085],[-5.9144141,43.3108445],[-5.9144241,43.3108361],[-5.914435,43.3108285],[-5.9144595,43.3108134],[-5.9144669,43.3108096],[-5.9144747,43.310806],[-5.9144874,43.3108012],[-5.9145012,43.310797],[-5.9145155,43.3107933],[-5.9145302,43.3107898],[-5.9145458,43.3107865],[-5.9145556,43.3107848],[-5.9145751,43.3107821],[-5.9145975,43.3107797],[-5.9146257,43.3107762],[-5.9146945,43.3107687],[-5.9147092,43.3107664],[-5.9147234,43.3107631],[-5.9147339,43.3107597],[-5.9147441,43.3107557],[-5.9147536,43.3107515],[-5.9147625,43.310747],[-5.9147758,43.3107391],[-5.9147869,43.3107305],[-5.9148029,43.3107137],[-5.9148149,43.3107019],[-5.9148219,43.3106958],[-5.9148305,43.3106896],[-5.9148405,43.3106839],[-5.9148542,43.3106778],[-5.9148978,43.3106612],[-5.9149072,43.3106567],[-5.9149138,43.3106531],[-5.9149261,43.3106451],[-5.9149374,43.310636],[-5.9149426,43.3106311],[-5.9149476,43.310626],[-5.9149564,43.3106148],[-5.9149637,43.3106026],[-5.9149761,43.3105765],[-5.9149844,43.3105606],[-5.9149897,43.3105513],[-5.9149936,43.3105454],[-5.9149978,43.3105398],[-5.9150023,43.3105345],[-5.9150211,43.3105145],[-5.9150253,43.3105094],[-5.9150325,43.3104991],[-5.9150354,43.3104938],[-5.915039,43.3104844],[-5.9150407,43.3104749],[-5.915042,43.310458],[-5.9150438,43.3104465],[-5.9150452,43.310441],[-5.9150477,43.3104338],[-5.9150507,43.310427],[-5.9150536,43.3104222],[-5.9150572,43.3104177],[-5.9150614,43.3104133],[-5.9150662,43.3104092],[-5.9150715,43.3104053],[-5.9150773,43.3104017],[-5.9150902,43.310395],[-5.9151171,43.3103837],[-5.9151575,43.3103682],[-5.9151734,43.3103612],[-5.9151988,43.3103487],[-5.9152229,43.3103355],[-5.9152527,43.3103199],[-5.9152662,43.310312],[-5.9152788,43.3103035],[-5.915291,43.3102945],[-5.9153025,43.310285],[-5.9153079,43.3102799],[-5.9153338,43.3102536],[-5.9153505,43.3102382],[-5.915361,43.3102274],[-5.9153755,43.3102101],[-5.9153834,43.3101995],[-5.9153915,43.3101879],[-5.9153988,43.3101763],[-5.9154095,43.3101583],[-5.9154165,43.310149],[-5.9154206,43.3101451],[-5.9154252,43.3101417],[-5.9154302,43.310139],[-5.9154418,43.3101359],[-5.9154482,43.3101354],[-5.915455,43.3101354],[-5.9154621,43.3101358],[-5.9154776,43.3101373],[-5.9155112,43.310142],[-5.9155203,43.3101429],[-5.9155345,43.3101439],[-5.9155588,43.3101445],[-5.9155718,43.3101441],[-5.9155846,43.3101431],[-5.915597,43.3101412],[-5.9156073,43.3101391],[-5.9156175,43.3101366],[-5.9156582,43.3101246],[-5.9156669,43.3101224],[-5.9156851,43.3101189],[-5.9157159,43.3101139],[-5.9157498,43.3101073],[-5.9158048,43.3100996],[-5.9158207,43.3100965],[-5.9158391,43.3100922],[-5.9158667,43.3100846],[-5.9159353,43.3100636],[-5.9159538,43.3100567],[-5.9159687,43.3100504],[-5.9159966,43.3100375],[-5.9160127,43.3100305],[-5.9160306,43.3100236],[-5.9160612,43.3100126],[-5.9161272,43.3099908],[-5.9161452,43.3099853],[-5.9161526,43.3099833],[-5.9161594,43.309982],[-5.916166,43.3099842],[-5.9161751,43.3099865],[-5.9162371,43.3099991],[-5.9163001,43.3100126],[-5.9163342,43.3100193],[-5.9163692,43.310028],[-5.916387,43.3100316],[-5.9164058,43.3100345],[-5.9164253,43.310037],[-5.9164453,43.310039],[-5.9164847,43.3100421],[-5.9165037,43.3100431],[-5.9165224,43.3100435],[-5.9165388,43.3100433],[-5.9165697,43.3100419],[-5.9165838,43.3100407],[-5.9166611,43.3100295],[-5.9166748,43.3100285],[-5.9166898,43.3100289],[-5.9167052,43.3100307],[-5.9167211,43.3100334],[-5.9167371,43.3100369],[-5.9167516,43.3100406],[-5.9168085,43.3100556],[-5.9168256,43.3100609],[-5.9168371,43.3100654],[-5.9168482,43.3100704],[-5.9168616,43.3100772],[-5.9168744,43.3100844],[-5.916909,43.3101064],[-5.9169237,43.3101151],[-5.9169312,43.310119],[-5.9169388,43.3101226],[-5.9169543,43.3101289],[-5.9169621,43.3101317],[-5.9169778,43.3101366],[-5.9169859,43.3101385],[-5.9169942,43.31014],[-5.9170386,43.3101458],[-5.9170652,43.3101498],[-5.9170879,43.3101526],[-5.917106,43.3101551],[-5.9171248,43.3101582],[-5.9171869,43.3101709],[-5.9172476,43.3101819],[-5.9172785,43.3101882],[-5.9172987,43.3101928],[-5.9173131,43.3101969],[-5.9173255,43.3102011],[-5.917337,43.3102058],[-5.9173526,43.3102141],[-5.9173601,43.3102186],[-5.9173921,43.3102405],[-5.9174198,43.3102606],[-5.9174498,43.310285],[-5.9174602,43.310293],[-5.9174677,43.3102981],[-5.9174858,43.3103091],[-5.9174988,43.310316],[-5.9175217,43.310327],[-5.9175387,43.3103343],[-5.9175559,43.3103407],[-5.9175729,43.3103462],[-5.9176038,43.3103544],[-5.9176272,43.3103601],[-5.9176441,43.3103652],[-5.9176611,43.3103709],[-5.9176776,43.3103769],[-5.9176938,43.3103835],[-5.9177074,43.3103898],[-5.917738,43.310405],[-5.9177595,43.3104171],[-5.9177805,43.3104298],[-5.9178308,43.3104619],[-5.9178618,43.3104812],[-5.917874,43.3104885],[-5.91789,43.3104975],[-5.9179065,43.3105062],[-5.9179232,43.3105143],[-5.9179402,43.3105219],[-5.9179571,43.3105286],[-5.9179795,43.3105367],[-5.917995,43.3105427],[-5.9180144,43.3105506],[-5.9180308,43.3105578],[-5.9180672,43.3105746],[-5.9180789,43.3105797],[-5.9180921,43.3105859],[-5.9181036,43.3105921],[-5.9181131,43.3105976],[-5.9181223,43.3106036],[-5.9181598,43.3106308],[-5.9181845,43.3106477],[-5.9182466,43.3106873],[-5.9182739,43.3107035],[-5.9183025,43.3107218],[-5.9183203,43.3107327],[-5.9183334,43.3107395],[-5.9183453,43.3107436],[-5.9183659,43.3107488],[-5.9184012,43.310756],[-5.9184108,43.3107584],[-5.9184194,43.3107609],[-5.9184279,43.3107638],[-5.9184407,43.3107687],[-5.9184534,43.3107743],[-5.918463,43.3107789],[-5.9184724,43.3107839],[-5.9184823,43.3107899],[-5.9184917,43.3107964],[-5.9185025,43.3108047],[-5.9185107,43.3108118],[-5.9185185,43.3108192],[-5.9185276,43.3108284],[-5.9185363,43.3108382],[-5.918544,43.3108481],[-5.9185508,43.3108579],[-5.918561,43.310874],[-5.9185652,43.3108797],[-5.9185739,43.3108889],[-5.9185843,43.3108972],[-5.9185963,43.3109041],[-5.9186093,43.3109094],[-5.9186445,43.3109209],[-5.9186685,43.3109295],[-5.9186915,43.3109372],[-5.9187009,43.3109409],[-5.9187101,43.3109451],[-5.9187562,43.3109698],[-5.9187721,43.3109791],[-5.9187869,43.3109893],[-5.9188238,43.3110157],[-5.9188579,43.3110387],[-5.9188734,43.311048],[-5.9188871,43.3110554],[-5.9189018,43.3110618],[-5.9189309,43.3110737],[-5.9189443,43.3110798],[-5.9189673,43.3110927],[-5.9189822,43.3111005],[-5.918998,43.3111078],[-5.9190144,43.3111146],[-5.9190284,43.3111213],[-5.9190355,43.3111256],[-5.919045,43.3111325],[-5.9190539,43.3111401],[-5.919074,43.311158],[-5.9190857,43.3111676],[-5.9190918,43.3111721],[-5.9191034,43.3111797],[-5.9191227,43.3111898],[-5.9191664,43.3112101],[-5.9192026,43.311228],[-5.9192237,43.3112397],[-5.919288,43.3112774],[-5.9193031,43.3112866],[-5.919324,43.3112998],[-5.9193383,43.3113083],[-5.9193534,43.3113164],[-5.9193613,43.3113203],[-5.9194042,43.3113399],[-5.9194164,43.3113461],[-5.9194285,43.3113529],[-5.9194404,43.31136],[-5.9194681,43.3113775],[-5.9195362,43.3114218],[-5.9195667,43.3114407],[-5.9196022,43.3114633],[-5.9196278,43.3114806],[-5.9196576,43.3115001],[-5.9196959,43.311526],[-5.9197142,43.3115378],[-5.9197394,43.3115526],[-5.9197769,43.3115738],[-5.9198236,43.3116017],[-5.9198579,43.3116203],[-5.9198753,43.3116309],[-5.9199111,43.3116561],[-5.9199793,43.3117029],[-5.9199951,43.3117131],[-5.9200139,43.311724],[-5.9200316,43.3117328],[-5.9200502,43.3117407],[-5.920069,43.3117479],[-5.9200948,43.3117567],[-5.9201317,43.3117673],[-5.9201754,43.3117789],[-5.9201839,43.3117809],[-5.9202175,43.3117874],[-5.9202255,43.3117893],[-5.9202332,43.3117915],[-5.9202442,43.3117955],[-5.9202546,43.3118002],[-5.920261,43.3118036],[-5.9202669,43.3118073],[-5.9202723,43.3118112],[-5.9202771,43.3118154],[-5.9202998,43.3118385],[-5.9203103,43.3118478],[-5.9203224,43.3118563],[-5.9203291,43.3118602],[-5.9203451,43.3118682],[-5.9203673,43.3118775],[-5.9203789,43.3118811],[-5.9204064,43.3118879],[-5.9204181,43.3118913],[-5.9204291,43.3118955],[-5.920436,43.3118989],[-5.9204425,43.3119027],[-5.920453,43.3119107],[-5.9204618,43.3119197],[-5.9204681,43.3119287],[-5.9204724,43.3119367],[-5.9204792,43.3119543],[-5.9204824,43.3119604],[-5.9204866,43.3119662],[-5.9204915,43.3119718],[-5.9204977,43.311978],[-5.9205048,43.311984],[-5.920517,43.3119924],[-5.9205388,43.3120057],[-5.9205474,43.3120108],[-5.9205615,43.3120185],[-5.9206019,43.3120393],[-5.9206319,43.3120536],[-5.9206521,43.3120637],[-5.9206989,43.3120888],[-5.920716,43.3120975],[-5.920733,43.3121053],[-5.9207504,43.3121126],[-5.9207864,43.3121268],[-5.9208048,43.3121337],[-5.9208731,43.3121573],[-5.9208896,43.3121621],[-5.9209337,43.3121739],[-5.920956,43.3121811],[-5.9209705,43.3121864],[-5.9209871,43.3121929],[-5.9210172,43.3122052],[-5.9210302,43.3122112],[-5.9210507,43.3122217],[-5.921088,43.3122437],[-5.9211164,43.3122582],[-5.9211334,43.3122656],[-5.9211617,43.3122762],[-5.9211752,43.312282],[-5.9211829,43.3122859],[-5.9212226,43.3123092],[-5.9212339,43.3123149],[-5.9212667,43.3123288],[-5.9212742,43.3123325],[-5.921319,43.3123556],[-5.9213576,43.3123736],[-5.9214257,43.3124079],[-5.9214375,43.3124144],[-5.9214491,43.3124215],[-5.9214847,43.3124438],[-5.921497,43.3124511],[-5.9215058,43.3124559],[-5.921515,43.3124605],[-5.9215331,43.3124686],[-5.9215521,43.3124762],[-5.9216116,43.3124982],[-5.9216258,43.3125041],[-5.9216743,43.3125251],[-5.9216911,43.312532],[-5.9217076,43.3125381],[-5.9217462,43.3125512],[-5.9217689,43.3125593],[-5.9217865,43.3125651],[-5.921806,43.31257],[-5.9218267,43.312574],[-5.9218916,43.3125846],[-5.9219127,43.3125889],[-5.9219279,43.3125928],[-5.9219424,43.3125973],[-5.921956,43.3126022],[-5.9219646,43.3126057],[-5.9220094,43.3126264],[-5.9220218,43.3126323],[-5.9220288,43.3126362],[-5.9220356,43.3126403],[-5.9220421,43.3126447],[-5.9220482,43.3126495],[-5.9220815,43.3126795],[-5.9220946,43.3126895],[-5.9221092,43.3126992],[-5.9221251,43.3127084],[-5.9221422,43.312717],[-5.9221575,43.3127237],[-5.9221733,43.3127299],[-5.9221895,43.3127356],[-5.9222066,43.312741],[-5.9222271,43.3127463],[-5.9222432,43.3127501],[-5.9222593,43.3127534],[-5.9222753,43.3127561],[-5.9223059,43.3127601],[-5.9223207,43.3127625],[-5.9223364,43.3127663],[-5.9223507,43.3127711],[-5.9223645,43.3127769],[-5.9224175,43.3128027],[-5.9224315,43.3128086],[-5.9224459,43.3128131],[-5.9224586,43.3128157],[-5.9224682,43.3128169],[-5.9224841,43.3128176],[-5.9225151,43.3128174],[-5.9225388,43.3128178],[-5.9225561,43.312819],[-5.9225809,43.3128219],[-5.9225968,43.3128242],[-5.9226058,43.3128258],[-5.9226145,43.3128278],[-5.9226231,43.3128301],[-5.92264,43.3128358],[-5.9226521,43.3128411],[-5.9226774,43.3128538],[-5.9226926,43.3128623],[-5.9227156,43.3128759],[-5.9227298,43.3128829],[-5.9227448,43.3128889],[-5.9227603,43.3128934],[-5.9227761,43.3128963],[-5.922792,43.3128986],[-5.9228075,43.3129016],[-5.9228229,43.3129064],[-5.9228377,43.3129124],[-5.9228518,43.3129192],[-5.922865,43.3129262],[-5.9228766,43.3129338],[-5.9228859,43.3129422],[-5.9228938,43.3129513],[-5.9228972,43.3129565],[-5.9229014,43.3129647],[-5.9229042,43.3129729],[-5.9229058,43.3129806],[-5.9229069,43.3129941],[-5.9229078,43.3129994],[-5.9229097,43.313005],[-5.9229125,43.3130117],[-5.9229161,43.3130182],[-5.9229213,43.3130256],[-5.922931,43.313037],[-5.9229347,43.3130399],[-5.9229391,43.3130424],[-5.922945,43.3130445],[-5.9229506,43.3130459],[-5.922957,43.3130468],[-5.9229674,43.3130473],[-5.9229932,43.3130456],[-5.9230075,43.3130453],[-5.9230218,43.3130462],[-5.9230366,43.3130483],[-5.9230518,43.3130513],[-5.9230881,43.3130602],[-5.9231027,43.3130643],[-5.9231169,43.313069],[-5.9231304,43.3130746],[-5.9231453,43.3130825],[-5.9231588,43.3130917],[-5.9231709,43.3131017],[-5.9231817,43.3131123],[-5.9231856,43.3131168],[-5.9231945,43.3131281],[-5.9232101,43.3131496],[-5.9232171,43.3131587],[-5.9232367,43.3131801],[-5.9232474,43.31319],[-5.9232593,43.3131992],[-5.9232686,43.3132052],[-5.923285,43.313215],[-5.9233023,43.3132247],[-5.9233118,43.3132307],[-5.9233212,43.3132382],[-5.9233282,43.3132451],[-5.9233446,43.3132629],[-5.9233535,43.3132702],[-5.9233637,43.3132774],[-5.9233901,43.3132952],[-5.9234025,43.3133047],[-5.9234095,43.3133109],[-5.9234179,43.3133192],[-5.9234223,43.3133246],[-5.9234259,43.3133303],[-5.9234289,43.3133362],[-5.9234337,43.3133491],[-5.9234383,43.3133641],[-5.9234528,43.3134076],[-5.9234561,43.3134197],[-5.9234573,43.313427],[-5.923458,43.3134405],[-5.923457,43.313454],[-5.923451,43.3134839],[-5.9230714,43.3137708],[-5.923037,43.3137973],[-5.9224938,43.3142166],[-5.9224901,43.3142049],[-5.9224802,43.3141817],[-5.9224761,43.3141702],[-5.9224717,43.314154],[-5.9224506,43.3140634],[-5.9224472,43.3140508],[-5.9224431,43.3140374],[-5.922439,43.3140258],[-5.9224344,43.3140147],[-5.9224272,43.3140003],[-5.9224174,43.3139835],[-5.9223904,43.3139434],[-5.9223849,43.3139366],[-5.9223698,43.3139191],[-5.9223363,43.3138818],[-5.9223223,43.3138668],[-5.9223126,43.3138579],[-5.9223032,43.3138502],[-5.9222918,43.313842],[-5.9222583,43.3138218],[-5.922243,43.3138134],[-5.9222279,43.3138056],[-5.9222216,43.313802],[-5.9222093,43.313794],[-5.9222035,43.3137895],[-5.922198,43.3137847],[-5.9221928,43.3137795],[-5.92218,43.3137641],[-5.9221642,43.3137436],[-5.9221416,43.3137168],[-5.9221336,43.3137066],[-5.9221301,43.3137015],[-5.9221273,43.3136963],[-5.9221238,43.3136879],[-5.9221188,43.3136721],[-5.9221153,43.3136652],[-5.9221108,43.3136603],[-5.9221049,43.3136561],[-5.9220998,43.3136533],[-5.922094,43.3136511],[-5.922087,43.3136491],[-5.92207,43.3136457],[-5.9220262,43.3136403],[-5.9220137,43.3136385],[-5.9220024,43.3136364],[-5.9219914,43.313634],[-5.9219755,43.3136295],[-5.9219679,43.3136271],[-5.9219502,43.3136201],[-5.9219408,43.3136154],[-5.9219352,43.3136118],[-5.9219302,43.313608],[-5.9219122,43.3135933],[-5.9219064,43.3135886],[-5.9219002,43.3135843],[-5.9218719,43.3135679],[-5.9218598,43.3135597],[-5.9218541,43.3135552],[-5.9218469,43.3135487],[-5.9218256,43.3135278],[-5.9218193,43.3135223],[-5.9217834,43.3134945],[-5.9217755,43.3134878],[-5.9217525,43.3134658],[-5.9217432,43.3134587],[-5.9217352,43.3134538],[-5.9217266,43.3134498],[-5.9217119,43.313444],[-5.9216789,43.313434],[-5.9216717,43.3134313],[-5.9216578,43.3134254],[-5.9216372,43.3134179],[-5.921605,43.3134049],[-5.9215965,43.313401],[-5.9215887,43.313396],[-5.9215813,43.31339],[-5.921562,43.3133729],[-5.921547,43.3133579],[-5.9215334,43.3133423],[-5.921525,43.3133336],[-5.9215155,43.3133253],[-5.9215055,43.3133179],[-5.9214986,43.3133135],[-5.9214839,43.3133057],[-5.9214762,43.3133022],[-5.9214616,43.3132964],[-5.9214466,43.3132917],[-5.9214314,43.3132884],[-5.9214177,43.3132867],[-5.9213943,43.3132851],[-5.921379,43.3132832],[-5.9213611,43.3132796],[-5.9213512,43.3132769],[-5.9213457,43.313275],[-5.9213388,43.3132722],[-5.9213262,43.3132651],[-5.9213202,43.3132609],[-5.9213145,43.3132564],[-5.9213089,43.3132515],[-5.9213003,43.3132427],[-5.9212828,43.3132237],[-5.921277,43.3132182],[-5.9212646,43.3132075],[-5.921253,43.3131991],[-5.9212404,43.3131916],[-5.921227,43.3131851],[-5.9212097,43.3131783],[-5.9211942,43.3131728],[-5.9211783,43.3131676],[-5.9211621,43.3131632],[-5.9211494,43.3131605],[-5.9211367,43.3131584],[-5.9211287,43.3131575],[-5.9211176,43.3131566],[-5.9210877,43.3131554],[-5.9210764,43.3131543],[-5.9210673,43.3131526],[-5.9210619,43.3131504],[-5.9210587,43.3131471],[-5.9210558,43.3131372],[-5.9210536,43.3131325],[-5.9210487,43.3131258],[-5.921044,43.3131212],[-5.9210381,43.3131166],[-5.9210308,43.3131115],[-5.9210201,43.3131053],[-5.9210082,43.3130991],[-5.9209548,43.313073],[-5.9209346,43.3130638],[-5.9209163,43.3130559],[-5.9208973,43.313049],[-5.920886,43.3130459],[-5.9208744,43.3130435],[-5.9208533,43.3130405],[-5.9208334,43.313039],[-5.9208138,43.3130383],[-5.9207764,43.3130375],[-5.9207594,43.313036],[-5.9207452,43.3130328],[-5.9207311,43.3130279],[-5.9207185,43.3130221],[-5.9207127,43.313019],[-5.9207073,43.3130158],[-5.9206917,43.3130057],[-5.9206854,43.3130024],[-5.9206405,43.3129847],[-5.9206258,43.3129779],[-5.9206109,43.31297],[-5.9205989,43.3129627],[-5.9205875,43.3129548],[-5.9205769,43.3129461],[-5.9205687,43.3129384],[-5.92055,43.312918],[-5.9205352,43.3129007],[-5.9205253,43.3128903],[-5.9205167,43.3128828],[-5.9205075,43.3128764],[-5.9204958,43.3128705],[-5.9204833,43.3128666],[-5.9204704,43.3128638],[-5.9204462,43.3128596],[-5.9203899,43.312853],[-5.9203408,43.3128495],[-5.9203161,43.3128473],[-5.9202898,43.3128442],[-5.9202681,43.3128412],[-5.9202456,43.3128371],[-5.9202162,43.3128309],[-5.9202018,43.3128275],[-5.920188,43.3128237],[-5.9201726,43.3128183],[-5.920159,43.3128121],[-5.9201523,43.3128085],[-5.9201462,43.3128048],[-5.920125,43.3127901],[-5.9201167,43.3127853],[-5.9201033,43.312779],[-5.9200985,43.3127764],[-5.9200941,43.3127735],[-5.9200775,43.3127607],[-5.920061,43.3127453],[-5.9200541,43.312738],[-5.9200511,43.3127337],[-5.9200484,43.312729],[-5.9200392,43.3127091],[-5.9200366,43.3127042],[-5.9200336,43.3126995],[-5.92003,43.3126951],[-5.9200211,43.3126874],[-5.9200162,43.3126839],[-5.9200109,43.3126808],[-5.9200039,43.3126773],[-5.9199965,43.3126746],[-5.9199848,43.3126722],[-5.9199605,43.3126696],[-5.9199503,43.3126674],[-5.9199399,43.3126644],[-5.9199168,43.3126573],[-5.9199103,43.3126549],[-5.9198977,43.3126491],[-5.9198677,43.3126335],[-5.9198385,43.3126191],[-5.9198256,43.3126145],[-5.9198167,43.312612],[-5.9198076,43.3126103],[-5.9197918,43.3126081],[-5.9197491,43.3126047],[-5.9197413,43.3126036],[-5.9197344,43.3126021],[-5.9197277,43.3126001],[-5.9197145,43.3125949],[-5.9197013,43.3125889],[-5.9196948,43.3125855],[-5.9196824,43.3125781],[-5.9196707,43.3125699],[-5.9196599,43.3125611],[-5.9196453,43.3125469],[-5.9196322,43.3125328],[-5.9196257,43.3125269],[-5.9196194,43.3125225],[-5.9196125,43.3125184],[-5.9196039,43.3125141],[-5.9195628,43.3124974],[-5.9195348,43.3124846],[-5.9195243,43.3124802],[-5.9195173,43.3124774],[-5.9194965,43.3124703],[-5.9194919,43.3124682],[-5.9194838,43.312463],[-5.9194747,43.3124548],[-5.9194659,43.3124452],[-5.9194476,43.3124244],[-5.9194427,43.3124194],[-5.9194316,43.3124102],[-5.9194188,43.312402],[-5.9194119,43.3123983],[-5.9194045,43.3123949],[-5.9193967,43.3123919],[-5.9193801,43.3123866],[-5.9193674,43.3123832],[-5.9193546,43.3123802],[-5.9193407,43.3123775],[-5.9193252,43.3123749],[-5.9193058,43.3123721],[-5.9192974,43.3123703],[-5.9192891,43.312368],[-5.9192819,43.3123656],[-5.9192678,43.3123602],[-5.9192544,43.3123537],[-5.9192283,43.3123399],[-5.9192071,43.3123277],[-5.9191769,43.3123129],[-5.9191653,43.3123068],[-5.9191536,43.3123002],[-5.9190516,43.3122383],[-5.9190398,43.3122315],[-5.9190316,43.312227],[-5.9190233,43.312223],[-5.9189741,43.3122013],[-5.9189591,43.3121938],[-5.9189519,43.3121899],[-5.9189319,43.3121772],[-5.9188936,43.312151],[-5.9188876,43.3121465],[-5.9188763,43.3121367],[-5.9188656,43.3121264],[-5.9188198,43.3120772],[-5.9187903,43.3120442],[-5.9187763,43.31203],[-5.9187641,43.3120193],[-5.9187378,43.3119989],[-5.9187203,43.3119862],[-5.9187093,43.3119788],[-5.9186774,43.3119588],[-5.91866,43.3119461],[-5.9186405,43.3119306],[-5.9186177,43.3119109],[-5.918598,43.3118952],[-5.9185795,43.3118795],[-5.9185715,43.3118733],[-5.9185601,43.3118652],[-5.9185381,43.3118513],[-5.9185247,43.3118422],[-5.9185116,43.3118326],[-5.9184922,43.3118172],[-5.9184745,43.3118045],[-5.9184632,43.3117971],[-5.9184061,43.3117637],[-5.9183955,43.3117571],[-5.918384,43.3117492],[-5.9183719,43.3117393],[-5.9183666,43.3117342],[-5.9183531,43.3117195],[-5.9183276,43.3116905],[-5.9183166,43.3116787],[-5.9183042,43.3116674],[-5.9182927,43.3116585],[-5.9182803,43.3116501],[-5.9182693,43.3116431],[-5.918258,43.3116364],[-5.9182497,43.3116318],[-5.918232,43.3116237],[-5.9181852,43.3116046],[-5.9181716,43.3115989],[-5.9181545,43.311591],[-5.9181128,43.31157],[-5.9180851,43.3115545],[-5.918058,43.3115388],[-5.9180405,43.3115291],[-5.9180254,43.3115215],[-5.91801,43.3115156],[-5.9180023,43.3115132],[-5.9179869,43.31151],[-5.9179765,43.3115089],[-5.9179661,43.3115088],[-5.9179577,43.3115094],[-5.917939,43.3115115],[-5.9179214,43.3115149],[-5.9178903,43.3115226],[-5.9178651,43.3115314],[-5.9178538,43.3115343],[-5.9178473,43.3115352],[-5.9178382,43.3115354],[-5.9178289,43.3115348],[-5.917822,43.3115337],[-5.9178098,43.3115301],[-5.9177974,43.3115248],[-5.9177857,43.3115181],[-5.9177754,43.3115104],[-5.9177661,43.3115007],[-5.9177575,43.3114906],[-5.9177477,43.3114811],[-5.9177363,43.3114733],[-5.9176995,43.3114518],[-5.917689,43.3114453],[-5.9176788,43.3114385],[-5.9176693,43.3114311],[-5.9176604,43.3114226],[-5.9176529,43.3114134],[-5.9176469,43.3114037],[-5.9176413,43.3113903],[-5.9176379,43.3113766],[-5.917636,43.311363],[-5.9176353,43.3113538],[-5.9176355,43.311347],[-5.9176375,43.3113296],[-5.9176381,43.3113187],[-5.9176372,43.3113076],[-5.9176343,43.3112961],[-5.9176299,43.3112847],[-5.9176244,43.3112735],[-5.9176132,43.3112541],[-5.9176079,43.3112461],[-5.9176026,43.3112388],[-5.9175975,43.311233],[-5.9175917,43.311228],[-5.9175849,43.3112236],[-5.9175195,43.3111864],[-5.9175114,43.3111808],[-5.9175009,43.3111709],[-5.917493,43.3111597],[-5.9174882,43.3111489],[-5.9174804,43.311127],[-5.9174743,43.3111166],[-5.9174646,43.3111066],[-5.9174522,43.3110974],[-5.9174393,43.3110895],[-5.9174251,43.311082],[-5.9174099,43.311075],[-5.9173995,43.3110708],[-5.9173852,43.3110654],[-5.9173705,43.3110603],[-5.9173515,43.3110544],[-5.9173323,43.3110492],[-5.9173187,43.311046],[-5.9172882,43.3110399],[-5.9172533,43.3110346],[-5.9172198,43.3110274],[-5.9172026,43.3110245],[-5.9171835,43.3110229],[-5.9171641,43.3110224],[-5.9171447,43.3110227],[-5.9171202,43.3110237],[-5.9170816,43.3110275],[-5.9170631,43.3110285],[-5.9170238,43.3110294],[-5.9169901,43.3110297],[-5.9169588,43.3110305],[-5.9169223,43.3110305],[-5.9168999,43.31103],[-5.9168776,43.311029],[-5.9168611,43.3110278],[-5.9168451,43.3110261],[-5.9168347,43.3110247],[-5.9168015,43.311019],[-5.9167907,43.3110175],[-5.9167812,43.3110166],[-5.9167717,43.3110161],[-5.9167587,43.3110164],[-5.9167458,43.3110177],[-5.9167362,43.3110194],[-5.9167269,43.3110214],[-5.916712,43.3110256],[-5.9167041,43.3110282],[-5.9166967,43.3110312],[-5.9166829,43.3110377],[-5.9166768,43.3110413],[-5.9166691,43.3110464],[-5.9166536,43.3110585],[-5.9166454,43.311064],[-5.9166394,43.3110674],[-5.916633,43.3110702],[-5.9166261,43.3110727],[-5.9166148,43.311076],[-5.9165942,43.3110815],[-5.9165365,43.311095],[-5.9165169,43.3110992],[-5.9164918,43.311104],[-5.9164476,43.3111109],[-5.9164326,43.3111136],[-5.9164182,43.3111173],[-5.9164009,43.3111244],[-5.9163848,43.3111337],[-5.9163739,43.3111414],[-5.9163638,43.3111501],[-5.9163534,43.3111608],[-5.9163439,43.3111722],[-5.9163359,43.311183],[-5.9163284,43.311194],[-5.9163214,43.3112053],[-5.9163134,43.3112202],[-5.9163067,43.3112351],[-5.9163015,43.3112498],[-5.9162986,43.3112623],[-5.9162976,43.3112744],[-5.9162989,43.3112855],[-5.9163007,43.3112921],[-5.9163032,43.3112983],[-5.9163062,43.3113043],[-5.9163129,43.3113163],[-5.9163166,43.3113221],[-5.9163285,43.3113387],[-5.9163357,43.3113499],[-5.9163444,43.3113661],[-5.916352,43.3113789],[-5.916364,43.3114021],[-5.9163733,43.3114183],[-5.9163753,43.3114231],[-5.9163767,43.3114278],[-5.9163772,43.311434],[-5.9163761,43.3114399],[-5.9163736,43.311445],[-5.916371,43.3114481],[-5.9163679,43.3114507],[-5.9163653,43.3114523],[-5.916359,43.3114548],[-5.9163441,43.3114597],[-5.9163398,43.3114617],[-5.9163363,43.3114645],[-5.9163335,43.3114682],[-5.9163214,43.311491],[-5.9163079,43.3115203],[-5.9162916,43.3115508],[-5.9162785,43.3115737],[-5.9162748,43.3115814],[-5.9162717,43.3115894],[-5.916263,43.3116208],[-5.916259,43.3116307],[-5.9162529,43.311642],[-5.9162466,43.3116517],[-5.9162395,43.3116607],[-5.9162293,43.3116707],[-5.916224,43.3116753],[-5.9162026,43.3116922],[-5.9161893,43.3117016],[-5.9161811,43.3117086],[-5.9161741,43.3117161],[-5.9161572,43.3117403],[-5.9161536,43.3117448],[-5.916145,43.3117536],[-5.9161354,43.3117625],[-5.9161243,43.3117712],[-5.9161124,43.3117797],[-5.9161025,43.3117855],[-5.916092,43.3117908],[-5.9160844,43.3117937],[-5.9160694,43.3117977],[-5.9160533,43.3118],[-5.9160068,43.3118038],[-5.9159828,43.3118064],[-5.9159567,43.3118105],[-5.9159337,43.3118149],[-5.9159247,43.3118168],[-5.9159168,43.3118192],[-5.9158844,43.3118316],[-5.9158708,43.3118364],[-5.9158355,43.3118468],[-5.9157567,43.3118682],[-5.9157438,43.3118722],[-5.9157351,43.3118755],[-5.9157187,43.3118826],[-5.9157038,43.3118901],[-5.9156792,43.3119033],[-5.9156686,43.3119081],[-5.9156579,43.3119121],[-5.915623,43.3119239],[-5.9156135,43.3119262],[-5.9156038,43.3119279],[-5.9155754,43.3119311],[-5.9155694,43.3119315],[-5.915556,43.3119312],[-5.9155414,43.3119293],[-5.9155101,43.3119224],[-5.9154874,43.3119185],[-5.9154728,43.3119166],[-5.915458,43.3119151],[-5.9154332,43.3119131],[-5.9154127,43.3119122],[-5.915402,43.3119123],[-5.9153925,43.3119128],[-5.9153738,43.3119151],[-5.9153553,43.3119187],[-5.9153393,43.3119232],[-5.9153246,43.3119289],[-5.9153157,43.3119336],[-5.9153079,43.3119386],[-5.9153006,43.3119442],[-5.9152946,43.31195],[-5.9152863,43.3119594],[-5.9152823,43.3119644],[-5.9152725,43.3119799],[-5.9152692,43.3119844],[-5.9152663,43.3119876],[-5.9152594,43.3119941],[-5.9152514,43.3120005],[-5.9152419,43.3120073],[-5.9152359,43.3120111],[-5.9152299,43.3120147],[-5.9152173,43.3120212],[-5.9152107,43.312024],[-5.9152039,43.3120264],[-5.9151969,43.3120284],[-5.9151897,43.3120299],[-5.9151468,43.3120376],[-5.9151306,43.3120402],[-5.9150804,43.312047],[-5.9150609,43.3120501],[-5.9150122,43.3120591],[-5.9149938,43.312063],[-5.9149698,43.3120694],[-5.9149549,43.3120738],[-5.9149423,43.3120783],[-5.9149303,43.3120834],[-5.9149169,43.3120902],[-5.914908,43.3120957],[-5.9149001,43.3121016],[-5.9148925,43.3121088],[-5.9148877,43.3121139],[-5.91487,43.3121337],[-5.9148623,43.3121418],[-5.9148568,43.3121469],[-5.9148508,43.3121517],[-5.9148373,43.3121602],[-5.9148225,43.3121677],[-5.9147998,43.3121785],[-5.9147687,43.3121924],[-5.9147299,43.3122103],[-5.9147053,43.3122207],[-5.914675,43.3122329],[-5.9146622,43.3122389],[-5.9146479,43.3122467],[-5.9146362,43.3122537],[-5.9146214,43.3122631],[-5.9145879,43.3122861],[-5.9145717,43.3122967],[-5.914559,43.3123043],[-5.9145458,43.3123116],[-5.9145321,43.3123187],[-5.9145158,43.3123261],[-5.9144882,43.3123374],[-5.9144704,43.3123443],[-5.9144343,43.3123573],[-5.9144164,43.312363],[-5.9143987,43.3123682],[-5.9143818,43.3123725],[-5.9143627,43.3123767],[-5.9143533,43.3123783],[-5.9143158,43.3123834],[-5.9142493,43.3123932],[-5.9141958,43.3124057],[-5.9141793,43.3124104],[-5.9141588,43.3124175],[-5.9141456,43.3124212],[-5.9141336,43.3124231],[-5.9141209,43.3124241],[-5.914108,43.3124241],[-5.9140944,43.3124235],[-5.9140628,43.3124213],[-5.9140477,43.3124208],[-5.914031,43.3124214],[-5.9140161,43.3124229],[-5.9140069,43.3124243],[-5.9139984,43.3124265],[-5.913991,43.312429],[-5.9139831,43.3124322],[-5.9139767,43.312436],[-5.9139736,43.3124393],[-5.9139716,43.312443],[-5.9139707,43.312448],[-5.9139712,43.3124591],[-5.9139708,43.3124656],[-5.9139699,43.31247],[-5.9139684,43.3124746],[-5.913962,43.3124909],[-5.9139568,43.3125157],[-5.9139553,43.3125208],[-5.9139532,43.3125257],[-5.9139504,43.3125304],[-5.9139426,43.3125392],[-5.9139238,43.312556],[-5.9139001,43.3125782],[-5.913891,43.3125891],[-5.9138873,43.312593],[-5.9138785,43.3126004],[-5.9138686,43.3126074],[-5.9138631,43.3126105],[-5.9138573,43.3126133],[-5.913852,43.3126153],[-5.9138546,43.3126133],[-5.9138568,43.3126114],[-5.9138573,43.3126102],[-5.9138567,43.3126096],[-5.9138546,43.312609],[-5.9138436,43.3126072],[-5.9138472,43.3126156],[-5.9138482,43.3126167],[-5.9138479,43.3126168],[-5.9138381,43.3126196],[-5.9138316,43.3126211],[-5.9138251,43.3126221],[-5.9138121,43.3126232],[-5.9137952,43.3126241],[-5.9137839,43.3126259],[-5.913777,43.3126282],[-5.9137645,43.3126335],[-5.9137407,43.3126445],[-5.9137344,43.312647],[-5.913706,43.3126578],[-5.9136668,43.312672],[-5.9136318,43.3126859],[-5.9136175,43.3126906],[-5.913603,43.3126943],[-5.9135825,43.3126977],[-5.9135669,43.3126993],[-5.9135317,43.3127014],[-5.9135237,43.3127015],[-5.9135156,43.3127013],[-5.9135075,43.3127006],[-5.9134751,43.3126958],[-5.9134651,43.3126946],[-5.9134474,43.3126931],[-5.9134384,43.3126929],[-5.9134204,43.3126937],[-5.9134116,43.3126947],[-5.913403,43.3126961],[-5.9133901,43.3126987],[-5.9133776,43.3127019],[-5.9133617,43.312707],[-5.9133308,43.3127181],[-5.913323,43.3127206],[-5.9133069,43.3127247],[-5.9132906,43.3127278],[-5.9132823,43.3127288],[-5.9132709,43.3127295],[-5.9132592,43.3127298],[-5.9132503,43.3127295],[-5.9132289,43.3127275],[-5.9132056,43.3127245],[-5.9131912,43.3127221],[-5.9131766,43.3127191],[-5.913162,43.3127155],[-5.913147,43.3127111],[-5.9131247,43.3127034],[-5.9131101,43.3126978],[-5.9130959,43.3126919],[-5.9130762,43.3126825],[-5.9130682,43.3126781],[-5.9130608,43.3126734],[-5.9130541,43.3126686],[-5.9130495,43.3126648],[-5.9130416,43.3126567],[-5.913036,43.312648],[-5.9130357,43.3126471],[-5.9128952,43.3125979],[-5.9128845,43.3125957],[-5.9128779,43.3125939],[-5.9128688,43.3125904],[-5.9122481,43.3124158],[-5.9122362,43.3124188],[-5.9122148,43.3124236],[-5.9121802,43.3124306],[-5.9121722,43.312432],[-5.9121568,43.3124339],[-5.9121498,43.3124344],[-5.9121432,43.3124346],[-5.9121369,43.3124341],[-5.9121304,43.3124328],[-5.9121245,43.3124307],[-5.9121168,43.3124257],[-5.9121125,43.31242],[-5.9121105,43.3124136],[-5.9121105,43.3124087],[-5.9121124,43.3123944],[-5.9121124,43.312391],[-5.9121117,43.3123871],[-5.9121095,43.3123833],[-5.9121056,43.3123794],[-5.9120981,43.3123747],[-5.9120918,43.3123719],[-5.9120794,43.3123679],[-5.9120655,43.3123643],[-5.9120516,43.3123615],[-5.9120375,43.3123591],[-5.9120206,43.3123567],[-5.9120066,43.3123552],[-5.9119924,43.3123545],[-5.9119793,43.3123553],[-5.9119679,43.3123578],[-5.9119572,43.3123615],[-5.9119472,43.3123653],[-5.9119379,43.3123699],[-5.911928,43.3123771],[-5.9119097,43.3123922],[-5.9118981,43.3123998],[-5.9118918,43.3124031],[-5.9118849,43.312406],[-5.9118776,43.3124085],[-5.9118338,43.3124203],[-5.9118176,43.3124253],[-5.9118094,43.3124285],[-5.9118021,43.3124317],[-5.9117823,43.3124427],[-5.9117739,43.3124482],[-5.9117659,43.3124546],[-5.9117619,43.3124583],[-5.9117525,43.3124683],[-5.9117339,43.3124903],[-5.9117154,43.3125112],[-5.9117066,43.3125219],[-5.9116983,43.3125333],[-5.9116943,43.3125403],[-5.9116888,43.3125518],[-5.9116846,43.3125636],[-5.9116775,43.3125923],[-5.9116748,43.3126064],[-5.9116703,43.3126346],[-5.9116629,43.3126597],[-5.9116583,43.3126835],[-5.9116541,43.3127133],[-5.9116515,43.3127443],[-5.911649,43.3127673],[-5.9116476,43.312773],[-5.9116391,43.3127952],[-5.9116369,43.312803],[-5.9116318,43.3128324],[-5.9116246,43.3128673],[-5.9116226,43.3128792],[-5.9116219,43.3128893],[-5.9116221,43.3128995],[-5.9116229,43.3129098],[-5.9116264,43.3129417],[-5.9116292,43.3129557],[-5.9116365,43.3129835],[-5.9116378,43.3129901],[-5.9116388,43.313],[-5.9116383,43.3130097],[-5.9116372,43.3130161],[-5.911631,43.3130423],[-5.9116269,43.3130556],[-5.9116191,43.3130748],[-5.9116129,43.3130871],[-5.9116061,43.3130989],[-5.9115883,43.3131259],[-5.9115796,43.3131377],[-5.9115275,43.3131988],[-5.91152,43.3132071],[-5.9115112,43.3132162],[-5.9115002,43.3132259],[-5.9114938,43.3132308],[-5.911472,43.3132459],[-5.9114614,43.3132537],[-5.9114327,43.3132769],[-5.9114257,43.3132816],[-5.9114075,43.3132924],[-5.9114022,43.3132952],[-5.9113897,43.3133006],[-5.9113828,43.3133032],[-5.911353,43.3133125],[-5.9113165,43.3133243],[-5.911274,43.3133364],[-5.9112642,43.3133394],[-5.911255,43.313343],[-5.911244,43.3133482],[-5.9112345,43.313354],[-5.9112261,43.3133616],[-5.9112182,43.3133698],[-5.911213,43.3133758],[-5.9112001,43.3133928],[-5.9111896,43.3134058],[-5.9111663,43.3134293],[-5.9111545,43.313443],[-5.9111429,43.3134573],[-5.9111377,43.3134629],[-5.9111286,43.3134711],[-5.9111194,43.3134786],[-5.9111126,43.3134837],[-5.9111055,43.313488],[-5.9110989,43.3134909],[-5.9110917,43.313493],[-5.9110812,43.3134948],[-5.9110588,43.3134967],[-5.9110472,43.3134985],[-5.9110323,43.3135029],[-5.9110179,43.3135095],[-5.9110049,43.3135178],[-5.9109954,43.3135256],[-5.910987,43.3135339],[-5.9109807,43.3135409],[-5.9109685,43.3135561],[-5.9109607,43.3135649],[-5.9109537,43.3135711],[-5.9109462,43.3135767],[-5.9109385,43.3135818],[-5.9109312,43.313586],[-5.9109234,43.3135894],[-5.910915,43.3135917],[-5.9109058,43.313593],[-5.9108907,43.3135936],[-5.9108774,43.3135927],[-5.9108611,43.3135912],[-5.910834,43.3135897],[-5.9108197,43.3135892],[-5.9108068,43.3135896],[-5.9107945,43.3135914],[-5.9107832,43.3135948],[-5.9107758,43.3135985],[-5.910769,43.313603],[-5.9107639,43.3136074],[-5.910755,43.3136174],[-5.9107435,43.3136342],[-5.9107361,43.3136441],[-5.9107285,43.3136527],[-5.91072,43.3136614],[-5.9107106,43.31367],[-5.9106936,43.3136843],[-5.910639,43.3137239],[-5.9106286,43.3137322],[-5.9106198,43.3137404],[-5.9106133,43.3137487],[-5.910609,43.3137584],[-5.910606,43.3137685],[-5.9105999,43.3137851],[-5.9105959,43.3137942],[-5.9105929,43.3137995],[-5.9105889,43.3138051],[-5.9105841,43.3138101],[-5.9105751,43.3138163],[-5.9105669,43.31382],[-5.9105577,43.3138231],[-5.9105428,43.3138263],[-5.9105268,43.3138282],[-5.9105108,43.3138289],[-5.9104889,43.3138295],[-5.9104804,43.3138305],[-5.9104727,43.3138324],[-5.9104652,43.3138353],[-5.9104542,43.3138409],[-5.910431,43.3138542],[-5.9104196,43.3138612],[-5.9103975,43.3138765],[-5.9103636,43.3138984],[-5.9103431,43.3139106],[-5.9103284,43.3139175],[-5.9103156,43.3139227],[-5.9102952,43.3139305],[-5.9102863,43.3139336],[-5.9102797,43.3139356],[-5.9102702,43.3139376],[-5.9102603,43.3139391],[-5.9102329,43.3139422],[-5.9102252,43.3139439],[-5.9102179,43.3139462],[-5.9102069,43.313952],[-5.9101855,43.3139676],[-5.9101726,43.3139764],[-5.9101638,43.3139815],[-5.9101521,43.3139873],[-5.9101396,43.3139924],[-5.9101333,43.3139946],[-5.9101178,43.3139992],[-5.9101021,43.3140027],[-5.9100756,43.3140078],[-5.9100601,43.3140123],[-5.9100442,43.3140181],[-5.909994,43.3140387],[-5.9099459,43.3140571],[-5.9099171,43.3140672],[-5.909901,43.3140719],[-5.9098591,43.3140818],[-5.9098343,43.3140883],[-5.909825,43.3140905],[-5.9097666,43.3141021],[-5.9097499,43.3141049],[-5.9097387,43.3141063],[-5.909722,43.3141079],[-5.9097122,43.3141085],[-5.9096832,43.3141093],[-5.9096324,43.3141101],[-5.9096245,43.3141104],[-5.9096182,43.3141111],[-5.9096143,43.3141123],[-5.9096116,43.314114],[-5.9096097,43.3141162],[-5.9096077,43.3141234],[-5.909607,43.3141302],[-5.909606,43.3141329],[-5.9096044,43.3141342],[-5.9096018,43.3141353],[-5.9095961,43.3141363],[-5.9095888,43.3141365],[-5.9095807,43.3141359],[-5.9095712,43.3141341],[-5.9095629,43.314131],[-5.9095592,43.3141285],[-5.9095561,43.3141256],[-5.909554,43.3141223],[-5.9095522,43.3141161],[-5.9095503,43.314098],[-5.9095493,43.3140939],[-5.9095461,43.314089],[-5.9095418,43.3140861],[-5.9095376,43.3140857],[-5.9095351,43.3140875],[-5.9095331,43.3140907],[-5.9095309,43.3140967],[-5.9095301,43.3141036],[-5.9095306,43.3141084],[-5.9095337,43.3141269],[-5.9095352,43.3141335],[-5.9095376,43.3141403],[-5.909546,43.314159],[-5.9095483,43.3141651],[-5.9095502,43.3141725],[-5.9095508,43.31418],[-5.9095496,43.3141872],[-5.9095459,43.3141949],[-5.9095424,43.3141989],[-5.9095364,43.3142041],[-5.9095292,43.3142092],[-5.9095232,43.3142129],[-5.9095029,43.3142244],[-5.9094719,43.3142438],[-5.9094594,43.3142511],[-5.9094442,43.3142591],[-5.9094292,43.3142664],[-5.9094147,43.3142723],[-5.9093889,43.3142816],[-5.9093735,43.3142864],[-5.9093476,43.3142931],[-5.9093352,43.3142973],[-5.9093252,43.3143028],[-5.9093159,43.3143092],[-5.9093058,43.3143156],[-5.9092948,43.3143208],[-5.9092842,43.3143247],[-5.9092523,43.3143338],[-5.9092074,43.3143499],[-5.9091992,43.3143525],[-5.9091822,43.3143573],[-5.9091707,43.3143599],[-5.9091429,43.3143647],[-5.9091286,43.3143667],[-5.9091142,43.3143678],[-5.9090998,43.314368],[-5.9090904,43.3143677],[-5.9090811,43.3143669],[-5.9090664,43.3143643],[-5.9090516,43.3143605],[-5.9090371,43.3143557],[-5.909005,43.3143438],[-5.9089871,43.3143375],[-5.9089734,43.3143332],[-5.9089578,43.3143289],[-5.9089427,43.314325],[-5.9089301,43.3143221],[-5.9089161,43.3143198],[-5.9088739,43.3143166],[-5.9088633,43.3143168],[-5.9088578,43.3143177],[-5.9088534,43.3143194],[-5.90885,43.314322],[-5.9088423,43.3143309],[-5.9088387,43.3143344],[-5.908834,43.3143372],[-5.9088282,43.3143394],[-5.9088216,43.3143412],[-5.9088163,43.3143422],[-5.9087939,43.3143444],[-5.9087829,43.3143462],[-5.9087742,43.3143486],[-5.9087653,43.3143516],[-5.9087388,43.3143615],[-5.9087247,43.3143661],[-5.90871,43.3143705],[-5.9086681,43.3143815],[-5.9086573,43.3143848],[-5.9086477,43.3143885],[-5.9086391,43.3143927],[-5.9086284,43.314399],[-5.908592,43.3144217],[-5.9085844,43.3144268],[-5.9085733,43.3144358],[-5.9085531,43.3144547],[-5.908546,43.3144627],[-5.9085398,43.314471],[-5.9085343,43.3144793],[-5.9085288,43.3144895],[-5.9085263,43.3144976],[-5.908525,43.3145058],[-5.9085238,43.3145194],[-5.9085228,43.3145248],[-5.9085212,43.3145298],[-5.9085187,43.3145346],[-5.9085117,43.3145441],[-5.9085043,43.3145507],[-5.9084895,43.3145615],[-5.9084772,43.3145692],[-5.9084641,43.3145766],[-5.9084463,43.3145861],[-5.9084335,43.3145938],[-5.9084209,43.3146023],[-5.9083748,43.3146348],[-5.9083602,43.3146437],[-5.9083522,43.3146478],[-5.9083439,43.3146516],[-5.9083299,43.3146567],[-5.9083106,43.3146627],[-5.9082765,43.3146723],[-5.9082276,43.3146893],[-5.9082121,43.3146939],[-5.9081857,43.3147002],[-5.90817,43.3147036],[-5.9081572,43.3147057],[-5.9081509,43.3147064],[-5.9081423,43.314707],[-5.9081277,43.3147067],[-5.9081136,43.3147059],[-5.9081005,43.3147055],[-5.9080883,43.3147063],[-5.9080766,43.3147086],[-5.9080648,43.3147116],[-5.9080408,43.3147169],[-5.9080282,43.31472],[-5.9080175,43.3147233],[-5.9080074,43.314727],[-5.907996,43.3147319],[-5.9079864,43.314737],[-5.9079711,43.3147483],[-5.9079665,43.3147509],[-5.9079612,43.314753],[-5.9079493,43.3147552],[-5.9079377,43.3147555],[-5.9079248,43.3147552],[-5.9079091,43.3147554],[-5.9078918,43.3147563],[-5.9078393,43.3147601],[-5.9078095,43.3147631],[-5.9077866,43.3147666],[-5.9077455,43.3147748],[-5.907717,43.314781],[-5.9077024,43.3147837],[-5.9076865,43.3147856],[-5.9074134,43.3148151],[-5.907399,43.3148176],[-5.9073917,43.3148184],[-5.9071879,43.3148493],[-5.9071865,43.314854],[-5.9071848,43.3148568],[-5.9071791,43.3148614],[-5.9071748,43.3148628],[-5.907167,43.3148637],[-5.9071279,43.314864],[-5.907118,43.3148647],[-5.9070854,43.3148679],[-5.9070556,43.3148694],[-5.9069178,43.314883],[-5.9067836,43.3148935],[-5.9066999,43.3149039],[-5.9066311,43.3149135],[-5.906611,43.3149168],[-5.9065976,43.3149195],[-5.9065754,43.3149246],[-5.9065588,43.3149275],[-5.9065303,43.3149311],[-5.9064215,43.3149437],[-5.9063892,43.314948],[-5.9063333,43.3149569],[-5.9062718,43.3149686],[-5.9062434,43.3149724],[-5.9061725,43.3149863],[-5.9061346,43.3149913],[-5.9061108,43.3149951],[-5.9060986,43.3149979],[-5.9060314,43.3150144],[-5.9059998,43.3150218],[-5.9059793,43.3150263],[-5.9059586,43.3150304],[-5.9059376,43.3150342],[-5.9058819,43.3150429],[-5.90586,43.3150459],[-5.9057922,43.3150543],[-5.9057723,43.3150575],[-5.9056921,43.3150749],[-5.9056641,43.3150826],[-5.9056371,43.3150919],[-5.9056223,43.3150966],[-5.9055892,43.3151059],[-5.9055534,43.3151149],[-5.9055235,43.3151221],[-5.9054956,43.3151279],[-5.9054793,43.3151304],[-5.9054662,43.3151319],[-5.9054549,43.3151329],[-5.9054212,43.3151349],[-5.9054039,43.3151354],[-5.9053871,43.3151349],[-5.9053419,43.315132],[-5.9053285,43.3151322],[-5.9053163,43.3151342],[-5.9052956,43.31514],[-5.905266,43.3151494],[-5.9052247,43.3151614],[-5.9051906,43.3151719],[-5.905183,43.3151739],[-5.9051529,43.3151804],[-5.9051451,43.3151827],[-5.9051028,43.3151988],[-5.9050944,43.3152017],[-5.9050871,43.3152038],[-5.9050632,43.3152095],[-5.9050314,43.3152193],[-5.9050183,43.3152228],[-5.9049958,43.3152284],[-5.904964,43.3152349],[-5.9049223,43.3152443],[-5.9049098,43.3152476],[-5.904887,43.3152545],[-5.904878,43.3152577],[-5.9048699,43.3152613],[-5.9048622,43.3152654],[-5.9048376,43.3152797],[-5.9048257,43.3152877],[-5.9047963,43.3153114],[-5.9047852,43.3153187],[-5.9047745,43.315324],[-5.9047584,43.3153295],[-5.9047417,43.315333],[-5.9047253,43.315335],[-5.9047104,43.3153356],[-5.9046879,43.3153354],[-5.9046796,43.3153358],[-5.9046524,43.3153377],[-5.9046444,43.3153387],[-5.904637,43.3153403],[-5.9045464,43.3153662],[-5.9045305,43.3153702],[-5.9044978,43.3153774],[-5.904482,43.3153813],[-5.9044648,43.315386],[-5.9044369,43.3153929],[-5.9043941,43.3154043],[-5.9043789,43.315409],[-5.9043641,43.3154139],[-5.9043491,43.3154193],[-5.9043047,43.3154369],[-5.9042909,43.315442],[-5.9042678,43.3154495],[-5.9042495,43.3154546],[-5.9042309,43.3154586],[-5.9042149,43.3154617],[-5.9041876,43.3154677],[-5.9041694,43.3154713],[-5.9041566,43.3154731],[-5.9041199,43.315477],[-5.9041096,43.3154783],[-5.904079,43.3154839],[-5.9040689,43.315486],[-5.9040081,43.3155007],[-5.9039929,43.3155038],[-5.9039711,43.3155075],[-5.9039498,43.3155121],[-5.9039264,43.3155181],[-5.9039033,43.315525],[-5.9038756,43.3155348],[-5.903866,43.3155386],[-5.9038568,43.3155428],[-5.9038458,43.3155488],[-5.9038355,43.3155555],[-5.903826,43.3155626],[-5.9038048,43.3155797],[-5.9037862,43.3155932],[-5.9037683,43.3156052],[-5.9037446,43.3156189],[-5.9037386,43.3156228],[-5.9037235,43.3156347],[-5.9037046,43.3156513],[-5.903694,43.3156593],[-5.9036826,43.315667],[-5.9036697,43.3156739],[-5.9036627,43.3156769],[-5.9036553,43.3156796],[-5.9036464,43.3156822],[-5.9036105,43.3156903],[-5.9036009,43.3156928],[-5.9035502,43.315706],[-5.9035211,43.3157144],[-5.9035076,43.315719],[-5.9034715,43.3157325],[-5.9034266,43.3157504],[-5.9034079,43.3157586],[-5.9034016,43.3157608],[-5.9033842,43.3157658],[-5.9033549,43.3157727],[-5.9033267,43.3157816],[-5.9032758,43.3157927],[-5.9032651,43.3157955],[-5.9032548,43.3157991],[-5.9032449,43.3158032],[-5.9032351,43.3158079],[-5.9032262,43.3158132],[-5.9032159,43.3158214],[-5.9032005,43.315835],[-5.9031883,43.3158439],[-5.9031743,43.3158517],[-5.9031585,43.315858],[-5.9031439,43.315862],[-5.9031289,43.3158645],[-5.9031194,43.3158654],[-5.9031031,43.3158658],[-5.9030876,43.3158645],[-5.9030793,43.3158629],[-5.9030681,43.3158593],[-5.9030579,43.3158548],[-5.903051,43.3158511],[-5.9030448,43.3158472],[-5.9030309,43.3158368],[-5.9030235,43.3158322],[-5.9030146,43.3158285],[-5.9030043,43.3158253],[-5.902981,43.315819],[-5.9029469,43.3158094],[-5.9029073,43.3157997],[-5.9028593,43.3157861],[-5.9028454,43.3157832],[-5.9028334,43.3157818],[-5.9028255,43.3157814],[-5.9028177,43.3157813],[-5.9028099,43.3157817],[-5.9028022,43.3157827],[-5.9027947,43.3157842],[-5.9027875,43.3157862],[-5.9027698,43.3157924],[-5.9027596,43.3157969],[-5.9027217,43.3158168],[-5.9027146,43.3158196],[-5.9027034,43.3158216],[-5.9026978,43.3158216],[-5.9026868,43.3158202],[-5.9026768,43.3158174],[-5.9026649,43.3158137],[-5.9026585,43.3158125],[-5.9026537,43.3158128],[-5.9026498,43.3158144],[-5.9026471,43.3158173],[-5.9026426,43.3158259],[-5.9026388,43.3158317],[-5.9026159,43.3158588],[-5.9026062,43.3158682],[-5.9025954,43.3158777],[-5.9025894,43.3158824],[-5.9025753,43.3158925],[-5.9025632,43.3159004],[-5.9025537,43.3159056],[-5.9025371,43.3159131],[-5.9025253,43.3159174],[-5.902513,43.3159212],[-5.9025006,43.3159246],[-5.9024852,43.3159282],[-5.9024704,43.3159307],[-5.902456,43.3159325],[-5.9024214,43.315935],[-5.9023917,43.3159389],[-5.9023845,43.3159393],[-5.9023772,43.3159392],[-5.9023571,43.3159382],[-5.9023278,43.31594],[-5.9022715,43.3159383],[-5.9022515,43.3159373],[-5.9022272,43.3159376],[-5.9022078,43.3159373],[-5.9021739,43.3159393],[-5.9021172,43.3159441],[-5.9020047,43.3159502],[-5.9019874,43.3159515],[-5.9019711,43.315953],[-5.901955,43.3159556],[-5.9019411,43.3159582],[-5.9019273,43.3159614],[-5.9019002,43.3159685],[-5.9018524,43.3159803],[-5.9018289,43.3159869],[-5.901794,43.3159961],[-5.9017758,43.3160007],[-5.9017631,43.3160031],[-5.9017501,43.3160049],[-5.9017354,43.3160061],[-5.9017255,43.3160064],[-5.9017112,43.316006],[-5.901681,43.3160043],[-5.9016692,43.3160039],[-5.9016428,43.3160038],[-5.9016285,43.3160045],[-5.9016145,43.3160063],[-5.9016009,43.3160088],[-5.9015844,43.316013],[-5.9015726,43.316017],[-5.9015453,43.3160273],[-5.9015333,43.3160313],[-5.9015225,43.3160345],[-5.9014923,43.3160422],[-5.9014824,43.3160457],[-5.9014725,43.3160498],[-5.9014555,43.3160577],[-5.9014466,43.3160624],[-5.9014275,43.316074],[-5.9014167,43.31608],[-5.9014098,43.3160829],[-5.9014025,43.3160854],[-5.9013863,43.3160886],[-5.9013686,43.3160895],[-5.9013594,43.3160891],[-5.9013477,43.3160878],[-5.9013357,43.316086],[-5.9012687,43.3160743],[-5.901258,43.3160728],[-5.9012129,43.3160675],[-5.9011822,43.3160647],[-5.9011622,43.3160623],[-5.9011317,43.3160597],[-5.901086,43.3160542],[-5.9010512,43.3160508],[-5.9009925,43.3160431],[-5.9009507,43.316038],[-5.9008806,43.3160291],[-5.9008462,43.3160234],[-5.9008186,43.3160192],[-5.9007766,43.3160122],[-5.9007022,43.3160002],[-5.900667,43.3159947],[-5.9006574,43.3159929],[-5.9006261,43.3159858],[-5.9006103,43.3159826],[-5.9005952,43.3159798],[-5.9005615,43.315975],[-5.9005415,43.3159728],[-5.9005263,43.3159715],[-5.9005098,43.3159709],[-5.9004955,43.3159708],[-5.9004811,43.3159713],[-5.9004667,43.3159725],[-5.9004519,43.3159747],[-5.9004375,43.3159778],[-5.9004236,43.3159817],[-5.9004076,43.3159874],[-5.9003453,43.3160132],[-5.9002976,43.3160365],[-5.9002725,43.3160484],[-5.9002548,43.3160552],[-5.900227,43.3160646],[-5.9001805,43.3160786],[-5.9001645,43.316083],[-5.9001481,43.3160871],[-5.9001261,43.3160918],[-5.9001038,43.3160957],[-5.9000594,43.3161021],[-5.9000215,43.3161067],[-5.9000059,43.3161083],[-5.8999722,43.3161103],[-5.8999436,43.3161131],[-5.8999137,43.3161155],[-5.8998989,43.3161181],[-5.8998913,43.3161205],[-5.8998839,43.3161235],[-5.8998575,43.3161373],[-5.899846,43.3161429],[-5.8998368,43.3161469],[-5.8998218,43.316153],[-5.8998061,43.3161588],[-5.89979,43.3161639],[-5.8997737,43.3161681],[-5.899758,43.3161709],[-5.8997428,43.3161728],[-5.8997338,43.3161735],[-5.8997253,43.3161736],[-5.8997121,43.3161725],[-5.8997005,43.31617],[-5.8995426,43.316127],[-5.8995264,43.3161355],[-5.8995118,43.3161424],[-5.8994931,43.3161497],[-5.8994516,43.3161642],[-5.8994413,43.3161671],[-5.8994187,43.3161727],[-5.8994092,43.3161747],[-5.8993998,43.3161764],[-5.899374,43.3161799],[-5.8993602,43.3161834],[-5.8993475,43.3161884],[-5.8993364,43.3161944],[-5.8993149,43.3162067],[-5.8993035,43.3162113],[-5.8992916,43.3162131],[-5.8992786,43.3162128],[-5.8992653,43.3162104],[-5.8992525,43.3162059],[-5.8992406,43.3161992],[-5.8992305,43.3161908],[-5.899227,43.3161872],[-5.899219,43.3161762],[-5.8992059,43.3161506],[-5.8992004,43.3161408],[-5.8991961,43.3161349],[-5.8991913,43.31613],[-5.8991859,43.3161263],[-5.899178,43.3161237],[-5.8991564,43.3161209],[-5.8991488,43.3161202],[-5.8991194,43.3161199],[-5.8990991,43.316119],[-5.8990884,43.3161193],[-5.8990756,43.316121],[-5.8990622,43.3161238],[-5.8990483,43.3161275],[-5.8990376,43.3161307],[-5.8989981,43.3161435],[-5.8989793,43.3161491],[-5.89896,43.3161543],[-5.8989405,43.3161592],[-5.8989213,43.3161635],[-5.8989015,43.3161671],[-5.8988856,43.3161689],[-5.8988749,43.3161694],[-5.8988644,43.3161694],[-5.8988476,43.3161684],[-5.8988186,43.316166],[-5.8987686,43.3161635],[-5.898756,43.3161622],[-5.8987442,43.3161596],[-5.8987334,43.3161556],[-5.8987239,43.3161502],[-5.8987179,43.3161452],[-5.898713,43.3161398],[-5.8987086,43.3161338],[-5.8987046,43.3161272],[-5.898701,43.3161203],[-5.898696,43.3161088],[-5.8986911,43.3160937],[-5.8986873,43.3160773],[-5.8986829,43.3160515],[-5.8986722,43.3159825],[-5.8986636,43.3159061],[-5.898655,43.315847],[-5.8986469,43.3157767],[-5.8986441,43.315759],[-5.8986405,43.3157415],[-5.8986364,43.3157264],[-5.8986317,43.3157121],[-5.8986281,43.3157026],[-5.8986242,43.3156938],[-5.8986205,43.3156869],[-5.8986165,43.3156807],[-5.8986111,43.3156742],[-5.8986055,43.3156692],[-5.8985997,43.3156663],[-5.8985942,43.3156657],[-5.8985887,43.3156666],[-5.8985835,43.3156687],[-5.8985784,43.3156718],[-5.898573,43.3156767],[-5.8985678,43.3156827],[-5.8985599,43.3156934],[-5.8985452,43.3157154],[-5.8985395,43.3157261],[-5.8985347,43.3157374],[-5.8985305,43.3157489],[-5.8985152,43.3157948],[-5.8985142,43.3158002],[-5.8985141,43.3158056],[-5.8985149,43.3158152],[-5.8985148,43.3158294],[-5.8985155,43.3158336],[-5.8985171,43.3158381],[-5.8985237,43.315853],[-5.8985268,43.315863],[-5.8985309,43.3158803],[-5.8985385,43.3159172],[-5.8985393,43.3159251],[-5.898539,43.3159332],[-5.8985373,43.3159423],[-5.8985316,43.3159611],[-5.8985297,43.315965],[-5.8985246,43.315973],[-5.8985191,43.31598],[-5.8985075,43.3159935],[-5.8984907,43.3160127],[-5.8984874,43.3160182],[-5.8984855,43.3160235],[-5.898485,43.3160282],[-5.8984862,43.3160336],[-5.8984879,43.3160387],[-5.8984882,43.3160433],[-5.8984878,43.3160456],[-5.8984863,43.3160492],[-5.8984839,43.3160529],[-5.8984714,43.316067],[-5.8984668,43.3160731],[-5.898453,43.3160933],[-5.8984474,43.3161033],[-5.8984423,43.3161139],[-5.8984274,43.3161497],[-5.8984241,43.3161562],[-5.8984175,43.316166],[-5.8984094,43.3161743],[-5.8984016,43.3161795],[-5.8983929,43.3161837],[-5.8983823,43.3161876],[-5.8983685,43.3161907],[-5.8983408,43.3161953],[-5.8983276,43.3161971],[-5.898308,43.3161978],[-5.8982984,43.3161986],[-5.8982903,43.3162002],[-5.8982617,43.316208],[-5.8982059,43.3162214],[-5.8981946,43.3162232],[-5.8981834,43.3162231],[-5.898173,43.3162211],[-5.8981591,43.3162176],[-5.8981099,43.3162069],[-5.8980726,43.3161981],[-5.8980564,43.316194],[-5.8980341,43.3161874],[-5.8980219,43.316183],[-5.8979925,43.3161703],[-5.8979863,43.3161678],[-5.8979801,43.3161659],[-5.8979722,43.3161642],[-5.897947,43.3161617],[-5.8979407,43.3161602],[-5.8979348,43.316158],[-5.8979268,43.316153],[-5.8979203,43.3161466],[-5.8977214,43.3161506],[-5.897698,43.3161182],[-5.8976903,43.316117],[-5.8976835,43.3161135],[-5.8976773,43.3161084],[-5.8976719,43.316102],[-5.8976669,43.3160929],[-5.897664,43.3160831],[-5.8976635,43.3160733],[-5.8976659,43.3160642],[-5.8976691,43.3160595],[-5.8976321,43.3159591],[-5.8976216,43.3159544],[-5.8976107,43.3159503],[-5.8975901,43.3159433],[-5.8975812,43.3159401],[-5.8975737,43.3159364],[-5.8975686,43.3159327],[-5.8975649,43.3159286],[-5.8975621,43.3159237],[-5.8975607,43.3159186],[-5.8975609,43.3159137],[-5.8975629,43.3159089],[-5.8975676,43.3159036],[-5.8975744,43.3158987],[-5.8975899,43.3158897],[-5.8975975,43.3158849],[-5.8976035,43.31588],[-5.8976093,43.3158744],[-5.8976145,43.3158682],[-5.8976193,43.3158615],[-5.8976261,43.3158491],[-5.8976305,43.3158358],[-5.8976316,43.3158243],[-5.8976306,43.3158128],[-5.8976274,43.3158014],[-5.8976242,43.3157944],[-5.8976183,43.3157851],[-5.897611,43.3157762],[-5.8976028,43.3157679],[-5.8975942,43.3157602],[-5.897576,43.315745],[-5.897568,43.3157372],[-5.8975625,43.3157296],[-5.8975609,43.3157223],[-5.8975635,43.3157159],[-5.8975694,43.3157099],[-5.8975779,43.3157041],[-5.8975884,43.3156987],[-5.8975991,43.315694],[-5.8976084,43.3156904],[-5.8976182,43.315687],[-5.8976277,43.3156842],[-5.8976373,43.3156819],[-5.8976473,43.3156798],[-5.8976644,43.3156767],[-5.8976814,43.3156744],[-5.8976979,43.3156728],[-5.8977075,43.3156723],[-5.8977217,43.3156723],[-5.8977341,43.3156736],[-5.8977632,43.3156337],[-5.8977494,43.3156299],[-5.8977347,43.3156279],[-5.8976776,43.3156227],[-5.8976678,43.3156216],[-5.8976589,43.3156204],[-5.8976509,43.315619],[-5.8976344,43.3156151],[-5.8976257,43.315614],[-5.8976085,43.315613],[-5.8976005,43.3156121],[-5.8975969,43.3156114],[-5.8975977,43.3156108],[-5.8975998,43.3156089],[-5.8976004,43.3156077],[-5.8975997,43.3156071],[-5.8975977,43.3156065],[-5.8975867,43.3156046],[-5.8975887,43.3156092],[-5.8975848,43.315608],[-5.8975776,43.3156045],[-5.897571,43.3156003],[-5.8974878,43.3156288],[-5.8973545,43.31564],[-5.8973337,43.3156745],[-5.8973369,43.3156752],[-5.8973396,43.3156781],[-5.8973367,43.3156819],[-5.8973331,43.3156837],[-5.8973269,43.3156857],[-5.8972897,43.3156958],[-5.8972809,43.3156987],[-5.8972658,43.3157047],[-5.8972517,43.3157122],[-5.8972395,43.3157207],[-5.8972167,43.3157387],[-5.8972041,43.3157465],[-5.8971986,43.3157491],[-5.8971881,43.315753],[-5.8971768,43.3157558],[-5.8971634,43.3157578],[-5.8971435,43.3157594],[-5.8971332,43.3157598],[-5.8971174,43.31576],[-5.8970739,43.31576],[-5.8970575,43.315761],[-5.8970459,43.3157627],[-5.8970171,43.3157675],[-5.8969802,43.3157723],[-5.8969611,43.3157742],[-5.8969421,43.3157756],[-5.8969256,43.3157764],[-5.8968982,43.3157769],[-5.8968833,43.3157767],[-5.8968679,43.3157761],[-5.8968425,43.3157743],[-5.8968032,43.3157702],[-5.8967817,43.3157688],[-5.8967597,43.3157681],[-5.8967359,43.3157679],[-5.8966996,43.3157684],[-5.8966751,43.3157691],[-5.8966373,43.315771],[-5.8965941,43.3157744],[-5.8965138,43.3157825],[-5.8964953,43.315784],[-5.896438,43.315787],[-5.8964188,43.3157885],[-5.8964001,43.3157903],[-5.8963596,43.3157949],[-5.8963182,43.3157986],[-5.8963043,43.3158012],[-5.8962957,43.3158034],[-5.896292,43.3158047],[-5.8962898,43.3158062],[-5.896289,43.3158078],[-5.8962894,43.3158095],[-5.8962923,43.3158134],[-5.8962929,43.3158152],[-5.8962929,43.3158189],[-5.8962914,43.3158232],[-5.8962883,43.3158272],[-5.8962835,43.3158302],[-5.8962765,43.3158316],[-5.8962683,43.3158317],[-5.8962577,43.3158314],[-5.896251,43.3158318],[-5.8962456,43.3158331],[-5.896241,43.3158357],[-5.8962369,43.3158396],[-5.8962317,43.315847],[-5.896227,43.3158562],[-5.8962233,43.315867],[-5.8962212,43.3158775],[-5.8962199,43.3158886],[-5.8962196,43.3159],[-5.89622,43.3159117],[-5.8962214,43.3159233],[-5.8962271,43.3159511],[-5.8962291,43.3159643],[-5.8962299,43.316003],[-5.8962307,43.3160171],[-5.8962319,43.3160304],[-5.8962347,43.3160516],[-5.8962342,43.3160579],[-5.8962321,43.3160628],[-5.8962283,43.3160657],[-5.8962234,43.3160671],[-5.8962185,43.3160676],[-5.8962133,43.3160666],[-5.8962077,43.3160632],[-5.8962017,43.3160568],[-5.8961959,43.3160483],[-5.8961834,43.3160282],[-5.8961761,43.3160179],[-5.8961674,43.3160082],[-5.896157,43.3159997],[-5.896143,43.3159924],[-5.8961272,43.3159866],[-5.8960901,43.3159755],[-5.8960586,43.3159672],[-5.8960455,43.3159625],[-5.8960413,43.3159605],[-5.896033,43.3159548],[-5.8960208,43.3159422],[-5.8960133,43.3159352],[-5.8960054,43.3159287],[-5.8959888,43.315917],[-5.8959858,43.3159138],[-5.8959836,43.3159102],[-5.8959827,43.3159057],[-5.8959829,43.315903],[-5.8958948,43.3158022],[-5.8958889,43.3157977],[-5.8958815,43.3157905],[-5.8958744,43.3157822],[-5.8958651,43.3157702],[-5.8958384,43.3157332],[-5.895811,43.3156919],[-5.8957962,43.3156703],[-5.8957871,43.3156576],[-5.895755,43.3156148],[-5.8957452,43.3156002],[-5.8957371,43.3155865],[-5.8957299,43.3155725],[-5.8957237,43.3155584],[-5.8957183,43.3155442],[-5.895714,43.3155299],[-5.8957108,43.3155157],[-5.8957087,43.3154994],[-5.8957058,43.3154535],[-5.8957036,43.3154303],[-5.8957034,43.3154243],[-5.8957037,43.3154186],[-5.8957052,43.3154121],[-5.8957091,43.3154043],[-5.8957153,43.3153974],[-5.8957239,43.315392],[-5.8957363,43.3153878],[-5.895751,43.3153855],[-5.8957673,43.3153845],[-5.8957855,43.3153845],[-5.8958424,43.3153864],[-5.8958607,43.3153863],[-5.8958781,43.315385],[-5.8959304,43.3153766],[-5.8959393,43.3153756],[-5.8959883,43.315371],[-5.8960033,43.315369],[-5.8960175,43.3153664],[-5.8960305,43.315363],[-5.8960537,43.3153563],[-5.8960634,43.3153532],[-5.8960781,43.3153469],[-5.8960822,43.3153462],[-5.8960862,43.3153468],[-5.8960919,43.3153515],[-5.8960964,43.3153597],[-5.8960984,43.3153656],[-5.8961,43.3153721],[-5.8961024,43.3153855],[-5.8961041,43.3154014],[-5.8961045,43.31541],[-5.8961041,43.3154199],[-5.8961032,43.3154301],[-5.8961016,43.315444],[-5.8960995,43.315457],[-5.8960962,43.3154719],[-5.8960902,43.3154907],[-5.8960867,43.3155038],[-5.8960841,43.3155172],[-5.8960826,43.3155308],[-5.8960821,43.3155443],[-5.896083,43.3155576],[-5.8960855,43.3155704],[-5.8960901,43.3155823],[-5.8960954,43.3155911],[-5.8961174,43.3156211],[-5.896126,43.3156347],[-5.8961424,43.3156623],[-5.8961506,43.3156744],[-5.8961599,43.315686],[-5.8961721,43.3156986],[-5.896186,43.31571],[-5.8962015,43.3157199],[-5.8962181,43.3157283],[-5.8962356,43.315735],[-5.8962531,43.3157401],[-5.8962668,43.3157432],[-5.8962808,43.3157455],[-5.8962948,43.3157466],[-5.8963677,43.3157478],[-5.8964402,43.3157474],[-5.8964834,43.3157468],[-5.8965862,43.3157445],[-5.8966264,43.3157428],[-5.896663,43.3157405],[-5.896687,43.3157383],[-5.8967106,43.3157354],[-5.8967224,43.3157336],[-5.8967388,43.3157305],[-5.8967604,43.3157257],[-5.8967707,43.3157229],[-5.8967869,43.3157181],[-5.8968062,43.3157115],[-5.8968241,43.3157042],[-5.89684,43.3156963],[-5.896853,43.3156879],[-5.8968596,43.3156822],[-5.896868,43.3156734],[-5.8968731,43.3156671],[-5.8968767,43.3156608],[-5.8968781,43.3156537],[-5.896878,43.315638],[-5.8968786,43.3156194],[-5.8968778,43.3156042],[-5.8968773,43.3155835],[-5.8968766,43.315571],[-5.8968737,43.315537],[-5.8968736,43.315524],[-5.896878,43.315495],[-5.8968779,43.315487],[-5.896876,43.3154774],[-5.8968724,43.3154674],[-5.89686,43.3154378],[-5.8968543,43.3154224],[-5.8968514,43.3154097],[-5.89685,43.3153969],[-5.8968502,43.3153819],[-5.896853,43.3153675],[-5.8968074,43.315177],[-5.8968009,43.3151745],[-5.8967905,43.3151698],[-5.8967866,43.3151683],[-5.8967778,43.3151663],[-5.8967671,43.3151652],[-5.8967441,43.3151646],[-5.8967363,43.3151639],[-5.8967117,43.3151603],[-5.8966973,43.3151588],[-5.8966822,43.3151581],[-5.8966671,43.3151583],[-5.8966286,43.3151599],[-5.8965862,43.3151624],[-5.8965672,43.315162],[-5.896554,43.3151603],[-5.8965409,43.3151575],[-5.8965276,43.3151538],[-5.8964979,43.3151448],[-5.8964517,43.3151318],[-5.8964392,43.3151278],[-5.8964088,43.3151163],[-5.8963932,43.3151108],[-5.8963766,43.3151061],[-5.8963396,43.3150974],[-5.8963189,43.3150921],[-5.8962982,43.315086],[-5.8962793,43.3150797],[-5.8962361,43.3150639],[-5.8961616,43.3150346],[-5.896146,43.3150292],[-5.8961329,43.3150259],[-5.8961211,43.3150241],[-5.8961131,43.3150238],[-5.8961063,43.3150246],[-5.8961001,43.3150265],[-5.8960967,43.3150279],[-5.89609,43.3150314],[-5.8960737,43.3150411],[-5.896065,43.3150439],[-5.8960581,43.3150441],[-5.896051,43.3150429],[-5.8960422,43.3150401],[-5.896025,43.3150333],[-5.8960174,43.315031],[-5.8960091,43.3150293],[-5.8959998,43.3150283],[-5.8959897,43.315028],[-5.8959735,43.3150283],[-5.8959563,43.3150293],[-5.8959063,43.3150333],[-5.8958761,43.3150349],[-5.8958491,43.3150368],[-5.8958189,43.3150381],[-5.8958021,43.3150383],[-5.8957817,43.3150381],[-5.8957615,43.3150374],[-5.8957197,43.3150354],[-5.8956732,43.3150312],[-5.8956592,43.3150294],[-5.8956456,43.3150263],[-5.8956313,43.3150219],[-5.8956167,43.3150164],[-5.8955992,43.3150089],[-5.8955718,43.3149962],[-5.8955584,43.3149893],[-5.8955457,43.3149819],[-5.8955166,43.3149623],[-5.8955016,43.3149531],[-5.895488,43.3149462],[-5.89546,43.3149336],[-5.8954461,43.3149277],[-5.8954288,43.3149211],[-5.8954109,43.3149148],[-5.8953947,43.3149096],[-5.8953783,43.3149048],[-5.8953615,43.3149004],[-5.8953419,43.3148961],[-5.8952426,43.3148777],[-5.8952278,43.3148746],[-5.8952101,43.31487],[-5.8951752,43.3148601],[-5.8951598,43.3148569],[-5.8951337,43.3148528],[-5.8950954,43.3148479],[-5.8950834,43.3148467],[-5.8950667,43.3148459],[-5.8950496,43.3148457],[-5.8950167,43.3148461],[-5.8949783,43.314847],[-5.8949598,43.3148471],[-5.8949469,43.3148466],[-5.8949346,43.3148457],[-5.8949232,43.3148444],[-5.8948983,43.3148409],[-5.8948763,43.3148381],[-5.8948637,43.314836],[-5.8948341,43.3148292],[-5.8948183,43.3148262],[-5.8947985,43.3148241],[-5.8947804,43.3148235],[-5.8947635,43.314824],[-5.8947463,43.3148251],[-5.894729,43.3148268],[-5.8947084,43.3148292],[-5.8946924,43.3148316],[-5.8946767,43.3148344],[-5.8946616,43.3148376],[-5.8946472,43.3148412],[-5.8946266,43.3148472],[-5.8945794,43.3148589],[-5.8945521,43.3148663],[-5.8945369,43.31487],[-5.8944973,43.3148782],[-5.8944876,43.3148805],[-5.8944451,43.3148912],[-5.8944213,43.3148977],[-5.8943804,43.3149096],[-5.8943594,43.3149163],[-5.8943299,43.3149267],[-5.8942984,43.3149386],[-5.8942818,43.3149452],[-5.8942655,43.3149521],[-5.8942497,43.3149594],[-5.8942359,43.3149663],[-5.8942148,43.3149781],[-5.8942024,43.3149858],[-5.8941906,43.3149937],[-5.894168,43.3150098],[-5.8941573,43.3150178],[-5.8941296,43.3150396],[-5.8941095,43.3150525],[-5.8941,43.3150593],[-5.8940905,43.3150669],[-5.8940814,43.3150749],[-5.8940492,43.3151053],[-5.8940047,43.315145],[-5.8939691,43.315178],[-5.8939392,43.3152038],[-5.8939327,43.3152103],[-5.8939267,43.3152169],[-5.893913,43.3152328],[-5.8939057,43.3152426],[-5.8939006,43.3152516],[-5.893898,43.3152572],[-5.8938903,43.3152769],[-5.893889,43.3152821],[-5.8938877,43.3152935],[-5.8938864,43.3152994],[-5.8938834,43.3153049],[-5.8938789,43.3153093],[-5.8938728,43.3153132],[-5.8938402,43.3153291],[-5.8938332,43.3153328],[-5.8938194,43.3153412],[-5.8938049,43.3153513],[-5.8937665,43.3153793],[-5.8937547,43.3153887],[-5.8937436,43.3153984],[-5.8937337,43.3154084],[-5.8937253,43.3154187],[-5.8937191,43.315429],[-5.8937146,43.3154414],[-5.8937117,43.3154535],[-5.893708,43.315465],[-5.8937033,43.3154735],[-5.893697,43.315481],[-5.8936904,43.3154866],[-5.8936832,43.3154915],[-5.8936746,43.3154967],[-5.8936659,43.3155011],[-5.8936573,43.3155041],[-5.8936519,43.3155051],[-5.8936418,43.3155053],[-5.8935988,43.3155022],[-5.8935531,43.3155012],[-5.8935407,43.3155012],[-5.8935283,43.3155018],[-5.8935173,43.315503],[-5.8934925,43.3155061],[-5.8934673,43.3155085],[-5.893451,43.3155091],[-5.893425,43.3155076],[-5.8934119,43.3155075],[-5.8934024,43.3155083],[-5.8933928,43.31551],[-5.8933791,43.3155134],[-5.8933657,43.3155179],[-5.8933555,43.3155223],[-5.8933374,43.3155311],[-5.8933294,43.3155354],[-5.8933208,43.3155406],[-5.8932824,43.3155662],[-5.8932736,43.3155725],[-5.8932544,43.3155879],[-5.8932445,43.3155951],[-5.8932289,43.3156061],[-5.8932182,43.3156133],[-5.8931986,43.3156255],[-5.8931899,43.3156305],[-5.8931632,43.315645],[-5.8931537,43.3156507],[-5.8931296,43.3156674],[-5.893116,43.3156755],[-5.8931012,43.3156833],[-5.8930551,43.3157055],[-5.8930419,43.3157128],[-5.8930293,43.3157207],[-5.8930179,43.3157283],[-5.8930069,43.315736],[-5.8929679,43.3157651],[-5.8929588,43.3157714],[-5.8929399,43.3157835],[-5.8929061,43.315807],[-5.8928968,43.3158142],[-5.8928891,43.3158214],[-5.8928605,43.3158498],[-5.8928479,43.3158637],[-5.892836,43.315878],[-5.8928261,43.3158921],[-5.8928167,43.3159071],[-5.8928094,43.3159164],[-5.8928035,43.3159228],[-5.8927926,43.3159326],[-5.892768,43.3159521],[-5.8927596,43.3159592],[-5.8927517,43.3159667],[-5.8927257,43.315995],[-5.8926845,43.3160379],[-5.8926751,43.3160472],[-5.892662,43.3160593],[-5.8926579,43.3160637],[-5.892652,43.3160719],[-5.8926438,43.3160923],[-5.8926379,43.316101],[-5.8926278,43.3161143],[-5.8926231,43.3161215],[-5.8926151,43.3161361],[-5.8926105,43.3161436],[-5.8926016,43.3161544],[-5.8925746,43.3161836],[-5.8925649,43.3161925],[-5.8925543,43.3162013],[-5.8925191,43.3162283],[-5.892495,43.3162453],[-5.8924592,43.3162693],[-5.892441,43.3162819],[-5.8924236,43.3162948],[-5.8924038,43.3163111],[-5.892393,43.3163209],[-5.8923829,43.3163307],[-5.8923736,43.3163403],[-5.8923472,43.3163693],[-5.8923406,43.3163757],[-5.8923317,43.3163825],[-5.8923167,43.3163925],[-5.8923104,43.316397],[-5.8923018,43.3164036],[-5.8922849,43.3164179],[-5.8922616,43.3164389],[-5.8922304,43.3164696],[-5.8922067,43.3164923],[-5.8921824,43.3165147],[-5.8921534,43.3165405],[-5.8921232,43.3165658],[-5.8921076,43.3165782],[-5.8920915,43.3165902],[-5.8920646,43.3166087],[-5.8920341,43.3166285],[-5.8920172,43.3166391],[-5.892001,43.3166486],[-5.8919845,43.3166576],[-5.8919677,43.3166662],[-5.8919506,43.3166743],[-5.8919248,43.3166857],[-5.8918329,43.3167276],[-5.8918037,43.3167403],[-5.891771,43.316754],[-5.8917412,43.3167673],[-5.891728,43.3167739],[-5.8917112,43.3167829],[-5.8916773,43.3168025],[-5.8916604,43.3168127],[-5.8916447,43.316823],[-5.8916344,43.3168304],[-5.8916254,43.316838],[-5.8916179,43.316846],[-5.891612,43.3168539],[-5.8916079,43.3168614],[-5.8916005,43.3168772],[-5.8915963,43.3168849],[-5.8915927,43.3168902],[-5.8915886,43.3168946],[-5.8915814,43.3168986],[-5.8915775,43.3168999],[-5.8915705,43.3169011],[-5.8915506,43.3169014],[-5.8915383,43.3169022],[-5.8915278,43.3169033],[-5.8915156,43.3169053],[-5.8914982,43.3169092],[-5.8914743,43.3169159],[-5.8914249,43.3169319],[-5.8913933,43.316943],[-5.8913777,43.3169489],[-5.8913059,43.3169787],[-5.8912917,43.3169841],[-5.891278,43.3169888],[-5.8912234,43.3170054],[-5.891162,43.3170214],[-5.8911495,43.317025],[-5.8911374,43.3170289],[-5.891094,43.3170458],[-5.8910792,43.31705],[-5.8910627,43.3170526],[-5.8910453,43.3170535],[-5.8910274,43.3170531],[-5.8910092,43.3170516],[-5.8909914,43.3170492],[-5.890972,43.3170457],[-5.8909199,43.3170349],[-5.8909094,43.3170334],[-5.8908987,43.3170325],[-5.890883,43.3170323],[-5.8908673,43.3170329],[-5.8908528,43.3170343],[-5.8908375,43.317037],[-5.8908225,43.317041],[-5.8908058,43.3170472],[-5.8907955,43.3170523],[-5.8907855,43.3170582],[-5.890774,43.3170659],[-5.8907508,43.3170825],[-5.8907358,43.3170925],[-5.8907201,43.3171022],[-5.8907039,43.3171113],[-5.8906797,43.317124],[-5.8906637,43.3171329],[-5.8906295,43.3171526],[-5.8906116,43.3171615],[-5.8905922,43.3171692],[-5.8905719,43.3171753],[-5.890551,43.31718],[-5.89053,43.3171832],[-5.8905093,43.3171844],[-5.8904919,43.3171838],[-5.8904754,43.3171817],[-5.8904602,43.3171784],[-5.8904486,43.3171747],[-5.8904402,43.3171712],[-5.89043,43.3171652],[-5.8904232,43.3171588],[-5.8904204,43.3171528],[-5.8902983,43.3170895],[-5.8902949,43.3170905],[-5.8902853,43.3170916],[-5.8902776,43.3170904],[-5.890273,43.3170873],[-5.8902725,43.3170827],[-5.8902739,43.3170859],[-5.8902749,43.3170871],[-5.8902759,43.3170872],[-5.8902776,43.3170864],[-5.8902813,43.3170836],[-5.8902834,43.3170817],[-5.890284,43.3170805],[-5.8902833,43.3170799],[-5.8902812,43.3170793],[-5.890275,43.3170782],[-5.8902754,43.3170773],[-5.8902792,43.3170735],[-5.8902841,43.3170697],[-5.890291,43.3170651],[-5.89032,43.3170485],[-5.8903438,43.3170364],[-5.890348,43.3170332],[-5.8903497,43.3170296],[-5.8903492,43.3170253],[-5.8903456,43.3170203],[-5.8903395,43.3170153],[-5.8903314,43.3170106],[-5.8903213,43.3170064],[-5.8903077,43.3170029],[-5.8902793,43.316998],[-5.8902644,43.3169951],[-5.8902563,43.3169939],[-5.890248,43.3169933],[-5.8902389,43.3169934],[-5.8902232,43.3169946],[-5.8902011,43.3169968],[-5.890187,43.3169979],[-5.8901447,43.3170006],[-5.8901303,43.3170011],[-5.8901181,43.3170007],[-5.8901095,43.3169997],[-5.890106,43.316998],[-5.8901082,43.316996],[-5.8901138,43.3169942],[-5.8901317,43.3169899],[-5.8901573,43.316983],[-5.8901684,43.3169797],[-5.8901781,43.3169764],[-5.890185,43.3169735],[-5.8901897,43.3169708],[-5.8901912,43.3169684],[-5.8901882,43.316966],[-5.8901804,43.3169641],[-5.8901692,43.3169627],[-5.8901556,43.3169621],[-5.8901105,43.3169616],[-5.8900889,43.3169623],[-5.8900665,43.3169636],[-5.8900212,43.3169673],[-5.8899623,43.316973],[-5.8899478,43.316974],[-5.8899313,43.3169747],[-5.8899227,43.3169757],[-5.8899165,43.316978],[-5.8899132,43.3169818],[-5.8899136,43.3169866],[-5.8899179,43.3169914],[-5.8899249,43.3169952],[-5.8899345,43.3169985],[-5.8899458,43.3170015],[-5.8899933,43.3170115],[-5.890008,43.3170148],[-5.8900205,43.3170183],[-5.8900296,43.317022],[-5.8900339,43.317026],[-5.8900326,43.31703],[-5.8900268,43.317034],[-5.8900175,43.3170377],[-5.890006,43.3170406],[-5.8899908,43.3170433],[-5.889974,43.3170455],[-5.8899562,43.3170471],[-5.8899379,43.3170478],[-5.8899249,43.3170477],[-5.889912,43.3170471],[-5.8898995,43.3170461],[-5.8898875,43.3170446],[-5.8898766,43.3170425],[-5.8898431,43.3170334],[-5.8898306,43.317031],[-5.8898117,43.3170288],[-5.8898027,43.3170282],[-5.8897854,43.3170273],[-5.8897675,43.3170271],[-5.8897429,43.3170279],[-5.8897211,43.3170295],[-5.8897098,43.3170307],[-5.8896785,43.3170349],[-5.8896178,43.3170408],[-5.8896029,43.3170432],[-5.8895915,43.3170463],[-5.889585,43.3170497],[-5.8895841,43.3170515],[-5.8895845,43.3170534],[-5.8895873,43.3170564],[-5.8895911,43.3170593],[-5.8895939,43.317062],[-5.8895938,43.3170647],[-5.8895888,43.3170674],[-5.8895796,43.3170697],[-5.8895674,43.3170711],[-5.8895556,43.3170713],[-5.8895431,43.3170706],[-5.8895308,43.317069],[-5.8895192,43.3170667],[-5.889507,43.3170629],[-5.8894984,43.3170582],[-5.8894963,43.3170562],[-5.8894939,43.3170527],[-5.8894913,43.3170456],[-5.8894892,43.3170418],[-5.8894862,43.3170385],[-5.889483,43.3170363],[-5.8894787,43.3170349],[-5.8894733,43.3170344],[-5.8894418,43.3170358],[-5.8894229,43.3170371],[-5.8894148,43.3170383],[-5.8893961,43.3170418],[-5.8893843,43.3170436],[-5.8893234,43.3170495],[-5.8892413,43.3170554],[-5.8892069,43.317057],[-5.8890827,43.3170594],[-5.8890504,43.3170604],[-5.8890377,43.3170606],[-5.889025,43.3170602],[-5.8890025,43.3170587],[-5.8889823,43.3170576],[-5.888961,43.3170572],[-5.8889469,43.3170575],[-5.888915,43.317059],[-5.8888475,43.3170646],[-5.8888282,43.3170656],[-5.8888095,43.3170661],[-5.8887919,43.3170658],[-5.8887756,43.3170645],[-5.8887439,43.3170597],[-5.8887352,43.3170589],[-5.8887272,43.3170586],[-5.8887202,43.3170588],[-5.8887125,43.3170594],[-5.8887089,43.3170604],[-5.8887072,43.3170622],[-5.8887076,43.3170648],[-5.8887097,43.3170683],[-5.8887136,43.3170721],[-5.8887177,43.3170751],[-5.8887387,43.3170889],[-5.8887458,43.317094],[-5.8887539,43.3171014],[-5.888759,43.317107],[-5.8887636,43.3171128],[-5.8887741,43.3171288],[-5.8887801,43.3171362],[-5.8887856,43.3171413],[-5.888792,43.3171458],[-5.888801,43.3171508],[-5.8888104,43.3171554],[-5.8888266,43.3171627],[-5.8888375,43.3171662],[-5.8888478,43.3171678],[-5.8888546,43.3171677],[-5.888867,43.317166],[-5.8888732,43.3171655],[-5.8888809,43.3171657],[-5.8889032,43.3171675],[-5.8889444,43.3171682],[-5.888962,43.317169],[-5.8889793,43.3171704],[-5.8889954,43.3171725],[-5.8890183,43.3171771],[-5.8890274,43.3171784],[-5.8890375,43.3171792],[-5.8890604,43.3171803],[-5.8891022,43.3171812],[-5.8891155,43.3171819],[-5.8891575,43.3171846],[-5.889177,43.3171865],[-5.8891917,43.3171885],[-5.8892155,43.317193],[-5.8892247,43.3171942],[-5.8892321,43.3171943],[-5.8892384,43.3171939],[-5.8892456,43.3171944],[-5.8892499,43.3171959],[-5.8892536,43.3171985],[-5.8892558,43.3172011],[-5.8892569,43.3172043],[-5.8892566,43.3172079],[-5.8892549,43.3172114],[-5.8892519,43.317215],[-5.8892459,43.3172202],[-5.889239,43.3172248],[-5.8892193,43.3172358],[-5.8892064,43.3172418],[-5.889198,43.317245],[-5.8891861,43.3172486],[-5.8891719,43.3172516],[-5.8891577,43.3172536],[-5.889144,43.3172547],[-5.8891109,43.3172554],[-5.8891048,43.317256],[-5.8890912,43.3172589],[-5.8890851,43.3172598],[-5.8890782,43.3172603],[-5.8890699,43.31726],[-5.8890511,43.3172585],[-5.8890364,43.3172582],[-5.8890213,43.3172594],[-5.888966,43.3172696],[-5.8889033,43.3172818],[-5.8888724,43.317289],[-5.8888378,43.3172988],[-5.8888228,43.3173024],[-5.8887909,43.3173087],[-5.8887744,43.3173113],[-5.8887578,43.3173129],[-5.8887405,43.3173132],[-5.8887084,43.317313],[-5.8886677,43.3173143],[-5.8885758,43.31732],[-5.8884705,43.3173332],[-5.8884169,43.3173395],[-5.8883244,43.317348],[-5.8882246,43.3173583],[-5.8881998,43.3173619],[-5.8881428,43.3173689],[-5.888123,43.3173718],[-5.8880709,43.3173804],[-5.8880345,43.3173857],[-5.8880107,43.3173885],[-5.88792,43.3173976],[-5.8878643,43.3174036],[-5.8878457,43.3174052],[-5.8878272,43.3174063],[-5.8878115,43.3174067],[-5.8877958,43.3174067],[-5.8877651,43.3174059],[-5.8877501,43.317405],[-5.8877391,43.3174038],[-5.8876948,43.3173974],[-5.8876748,43.3173955],[-5.8876544,43.3173943],[-5.8876338,43.3173937],[-5.8875925,43.3173928],[-5.8875718,43.3173931],[-5.8875558,43.3173941],[-5.8875396,43.3173956],[-5.8875039,43.3173998],[-5.8874202,43.317411],[-5.8873991,43.3174135],[-5.8873417,43.3174192],[-5.8872941,43.3174249],[-5.8872215,43.317435],[-5.8870255,43.3174644],[-5.8869777,43.3174708],[-5.8869548,43.3174735],[-5.886933,43.3174755],[-5.8869127,43.3174767],[-5.8868948,43.3174766],[-5.8868819,43.3174751],[-5.8868717,43.3174714],[-5.886867,43.3174681],[-5.8868633,43.3174642],[-5.8868595,43.3174562],[-5.8868594,43.3174474],[-5.8868633,43.3174389],[-5.8868705,43.3174304],[-5.8868807,43.3174225],[-5.8868935,43.3174156],[-5.8869096,43.3174095],[-5.8869277,43.3174044],[-5.8869461,43.3174002],[-5.8869853,43.3173925],[-5.8870261,43.3173854],[-5.8871491,43.317365],[-5.8871927,43.3173583],[-5.8872128,43.3173557],[-5.8872526,43.3173513],[-5.8873311,43.3173445],[-5.8873522,43.3173418],[-5.8873948,43.3173356],[-5.8874171,43.3173335],[-5.8874628,43.3173304],[-5.8874815,43.3173288],[-5.8875003,43.3173267],[-5.8875144,43.3173249],[-5.887576,43.3173151],[-5.8876396,43.3173058],[-5.8877947,43.3172846],[-5.8878777,43.3172715],[-5.8878948,43.3172685],[-5.88791,43.3172653],[-5.887924,43.3172616],[-5.8879314,43.3172588],[-5.887938,43.3172556],[-5.8879464,43.3172509],[-5.8879591,43.3172434],[-5.8879743,43.3172315],[-5.8879815,43.3172265],[-5.8879898,43.317222],[-5.8880026,43.3172174],[-5.8880174,43.317214],[-5.8880334,43.3172113],[-5.8880651,43.3172075],[-5.8880819,43.3172064],[-5.8881153,43.3172051],[-5.8881357,43.3172049],[-5.8881567,43.3172052],[-5.8882599,43.317208],[-5.8883008,43.3172087],[-5.8883333,43.3172083],[-5.8883633,43.3172071],[-5.8884622,43.3171999],[-5.8885464,43.3171965],[-5.8885689,43.317195],[-5.8885903,43.317193],[-5.8886052,43.3171912],[-5.888619,43.317189],[-5.8886529,43.3171813],[-5.8886739,43.3171788],[-5.8886828,43.317177],[-5.88869,43.3171744],[-5.8886943,43.3171709],[-5.8886952,43.3171674],[-5.8886941,43.3171634],[-5.8886909,43.3171585],[-5.8886843,43.3171531],[-5.8886751,43.3171481],[-5.888664,43.3171438],[-5.888638,43.3171368],[-5.8886274,43.3171335],[-5.8886168,43.3171296],[-5.8886066,43.3171253],[-5.8885952,43.3171195],[-5.8885852,43.3171132],[-5.8885618,43.3170934],[-5.8885528,43.3170873],[-5.8885428,43.317082],[-5.8885317,43.3170783],[-5.8885184,43.3170765],[-5.8885044,43.3170768],[-5.8884903,43.317079],[-5.8884765,43.3170827],[-5.8884638,43.3170878],[-5.8884527,43.3170942],[-5.8884457,43.3170999],[-5.8884396,43.317106],[-5.8884281,43.3171188],[-5.8884234,43.3171232],[-5.8884135,43.3171301],[-5.8883997,43.3171358],[-5.8883834,43.3171399],[-5.8883657,43.3171432],[-5.8883326,43.3171481],[-5.8883181,43.31715],[-5.8883041,43.317151],[-5.8882906,43.3171509],[-5.8882779,43.3171493],[-5.8882659,43.3171468],[-5.8882442,43.3171415],[-5.888225,43.3171382],[-5.8882162,43.3171356],[-5.8882104,43.3171321],[-5.8882084,43.3171272],[-5.8882107,43.3171224],[-5.8882143,43.3171196],[-5.8882279,43.3171126],[-5.8882379,43.3171084],[-5.8882558,43.3171026],[-5.8882631,43.3170997],[-5.8882679,43.3170967],[-5.8882693,43.3170946],[-5.8882685,43.3170926],[-5.8882619,43.3170901],[-5.8882499,43.3170884],[-5.8882292,43.3170867],[-5.8880995,43.317079],[-5.8880852,43.3170783],[-5.888066,43.3170777],[-5.888047,43.3170778],[-5.8880283,43.3170786],[-5.88801,43.3170803],[-5.8879901,43.3170832],[-5.8879398,43.3170917],[-5.8879229,43.317094],[-5.8879066,43.3170957],[-5.8878903,43.3170964],[-5.8878813,43.3170963],[-5.8878679,43.3170956],[-5.887855,43.3170944],[-5.8878335,43.3170916],[-5.8878228,43.3170907],[-5.8878115,43.3170902],[-5.8877977,43.3170901],[-5.8877454,43.3170917],[-5.8876615,43.3170949],[-5.8876123,43.3170973],[-5.8869212,43.3172407],[-5.8868944,43.3172491],[-5.8868801,43.3172539],[-5.8868667,43.317259],[-5.8868523,43.3172661],[-5.8868401,43.317274],[-5.8868307,43.3172827],[-5.886825,43.3172907],[-5.8868173,43.3173046],[-5.8868111,43.3173148],[-5.8868057,43.317322],[-5.8867994,43.3173286],[-5.8867893,43.3173358],[-5.8867775,43.3173412],[-5.8867645,43.3173444],[-5.8867559,43.3173453],[-5.8867472,43.3173453],[-5.8867282,43.3173439],[-5.8867165,43.3173427],[-5.8867046,43.3173412],[-5.8866928,43.3173388],[-5.8866811,43.3173352],[-5.8866702,43.3173306],[-5.886477,43.3173116],[-5.8864689,43.3173137],[-5.886461,43.3173152],[-5.8864532,43.317316],[-5.8864454,43.3173155],[-5.8864381,43.317314],[-5.8864315,43.3173115],[-5.8864261,43.3173082],[-5.8864227,43.3173048],[-5.8864204,43.3173009],[-5.8864195,43.3172963],[-5.8864199,43.3172926],[-5.8863806,43.3171197],[-5.8862844,43.3169736],[-5.8861626,43.31681],[-5.8859921,43.3167265],[-5.8859833,43.3167222],[-5.8859491,43.3167019],[-5.8859405,43.3166972],[-5.8859272,43.3166912],[-5.8859136,43.3166865],[-5.8859028,43.3166843],[-5.8857392,43.3167478],[-5.8857324,43.3167563],[-5.8857195,43.316769],[-5.8857134,43.3167757],[-5.885699,43.3167939],[-5.8856912,43.316803],[-5.8856707,43.316823],[-5.8856611,43.3168332],[-5.8856555,43.3168409],[-5.8856514,43.3168487],[-5.8856492,43.3168553],[-5.8856481,43.3168618],[-5.885648,43.3168686],[-5.8856492,43.316875],[-5.8856543,43.3168851],[-5.8856633,43.3168926],[-5.8856732,43.3168962],[-5.8856847,43.3168976],[-5.8856971,43.3168973],[-5.8857096,43.3168955],[-5.8857219,43.3168923],[-5.8857455,43.3168839],[-5.8857544,43.3168813],[-5.8857631,43.3168791],[-5.8857718,43.3168775],[-5.8857793,43.3168767],[-5.8857869,43.3168775],[-5.8857916,43.3168804],[-5.8857931,43.3168854],[-5.8857922,43.3168913],[-5.8857899,43.3168969],[-5.8857871,43.3169012],[-5.8857857,43.3169026],[-5.8857852,43.3169011],[-5.8857843,43.3169001],[-5.8857828,43.3168998],[-5.885781,43.3169006],[-5.8857701,43.3169125],[-5.885765,43.3169171],[-5.8857565,43.3169237],[-5.8857464,43.3169306],[-5.8857349,43.3169374],[-5.8857224,43.3169433],[-5.8857091,43.3169478],[-5.8856948,43.3169504],[-5.8856807,43.3169509],[-5.8856668,43.3169499],[-5.885653,43.316948],[-5.8856226,43.3169423],[-5.8856053,43.3169395],[-5.885588,43.3169375],[-5.8855748,43.3169368],[-5.8855578,43.3169378],[-5.8855422,43.3169413],[-5.8855269,43.3169464],[-5.8854955,43.3169575],[-5.8854793,43.3169624],[-5.8854629,43.3169666],[-5.8854466,43.3169697],[-5.8854074,43.3169747],[-5.8853849,43.3169794],[-5.8853625,43.3169849],[-5.8853451,43.3169905],[-5.885329,43.316997],[-5.8853166,43.3170035],[-5.8853057,43.3170111],[-5.8852774,43.3170334],[-5.8852659,43.3170417],[-5.8852536,43.3170491],[-5.8852402,43.3170557],[-5.8852274,43.3170607],[-5.8852063,43.3170678],[-5.8851894,43.3170727],[-5.8851731,43.3170765],[-5.8851578,43.3170786],[-5.8851455,43.3170788],[-5.885134,43.3170784],[-5.8851228,43.3170785],[-5.8851149,43.3170794],[-5.8851072,43.3170812],[-5.8850975,43.3170847],[-5.8850876,43.3170889],[-5.8850688,43.3170959],[-5.8850041,43.3171174],[-5.8849858,43.3171225],[-5.8849665,43.3171271],[-5.8849062,43.3171409],[-5.8848373,43.3171585],[-5.8848184,43.3171637],[-5.8848,43.3171692],[-5.8847893,43.3171727],[-5.8847651,43.3171816],[-5.8847138,43.3172023],[-5.8846655,43.3172208],[-5.8846238,43.3172348],[-5.8845875,43.3172462],[-5.8845688,43.3172512],[-5.8845498,43.3172554],[-5.8845371,43.3172576],[-5.8845126,43.3172607],[-5.884489,43.3172624],[-5.8844669,43.3172631],[-5.8844449,43.3172626],[-5.884423,43.3172609],[-5.8844037,43.3172581],[-5.8843845,43.3172543],[-5.8843655,43.3172498],[-5.8843455,43.3172445],[-5.8843259,43.3172385],[-5.8843068,43.3172319],[-5.8842881,43.3172248],[-5.8842516,43.3172098],[-5.8842318,43.317201],[-5.884218,43.3171941],[-5.8841956,43.3171813],[-5.8841793,43.3171709],[-5.884133,43.3171394],[-5.8841187,43.3171293],[-5.8840992,43.3171147],[-5.8840843,43.3171041],[-5.8840686,43.3170939],[-5.8840524,43.3170841],[-5.8840358,43.3170746],[-5.8840189,43.3170657],[-5.884002,43.3170575],[-5.8839551,43.3170368],[-5.8839427,43.3170305],[-5.8839346,43.3170254],[-5.8839291,43.3170206],[-5.8839268,43.3170163],[-5.8839276,43.3170136],[-5.8839305,43.3170117],[-5.8839397,43.3170103],[-5.8839529,43.3170112],[-5.883969,43.3170141],[-5.8839868,43.3170187],[-5.8839995,43.3170228],[-5.8840125,43.3170276],[-5.8840237,43.3170322],[-5.8840348,43.3170373],[-5.8840486,43.3170443],[-5.8840621,43.3170519],[-5.8840777,43.3170615],[-5.8841378,43.3171011],[-5.884161,43.3171157],[-5.8841898,43.3171326],[-5.8842052,43.317141],[-5.8842343,43.317156],[-5.8842505,43.3171631],[-5.8842673,43.3171697],[-5.8843045,43.3171828],[-5.8843407,43.3171945],[-5.8843725,43.3172037],[-5.8844145,43.3172144],[-5.8844325,43.3172182],[-5.8844505,43.3172206],[-5.8844689,43.3172209],[-5.8844874,43.3172195],[-5.8845058,43.3172166],[-5.8845241,43.3172127],[-5.8845419,43.317208],[-5.884575,43.3171981],[-5.8846512,43.317174],[-5.8846689,43.3171674],[-5.8847211,43.3171456],[-5.8847967,43.3171147],[-5.8848115,43.317109],[-5.8848287,43.3171032],[-5.8848463,43.3170979],[-5.8848973,43.317083],[-5.8849145,43.3170775],[-5.8849315,43.3170716],[-5.8850048,43.3170446],[-5.8850225,43.3170378],[-5.8850395,43.3170309],[-5.8850558,43.3170237],[-5.8850826,43.3170111],[-5.8850956,43.317006],[-5.8851093,43.3170014],[-5.8851236,43.3169971],[-5.8852613,43.3169584],[-5.8852825,43.3169525],[-5.8853349,43.3169393],[-5.8853523,43.3169345],[-5.8854147,43.3169159],[-5.8854305,43.3169108],[-5.8854437,43.3169059],[-5.8854563,43.3169006],[-5.8854683,43.3168951],[-5.8854817,43.3168881],[-5.8854935,43.3168809],[-5.8855032,43.3168733],[-5.88551,43.3168652],[-5.8855137,43.3168558],[-5.8855137,43.3168462],[-5.8855106,43.3168374],[-5.885505,43.3168298],[-5.8854984,43.3168247],[-5.8854802,43.3168148],[-5.8854751,43.3168102],[-5.8854745,43.3168078],[-5.885477,43.3168023],[-5.8854836,43.3167963],[-5.8854989,43.316785],[-5.8855075,43.3167774],[-5.8855156,43.3167689],[-5.8855227,43.3167599],[-5.8855291,43.316749],[-5.8855317,43.3167403],[-5.885533,43.3167309],[-5.8855365,43.3166739],[-5.8855378,43.3166645],[-5.8855399,43.3166547],[-5.8855431,43.3166462],[-5.8855461,43.316641],[-5.8855497,43.3166369],[-5.8855517,43.3166356],[-5.8854764,43.3165183],[-5.8854277,43.3165132],[-5.8854021,43.3165097],[-5.8853277,43.3164966],[-5.8852461,43.3164831],[-5.8852008,43.316476],[-5.8851535,43.3164678],[-5.8851287,43.316464],[-5.8851101,43.3164616],[-5.8850924,43.3164602],[-5.8850753,43.3164595],[-5.8850588,43.3164595],[-5.8850426,43.3164611],[-5.8850282,43.3164643],[-5.8850215,43.3164666],[-5.8850156,43.3164693],[-5.88501,43.3164724],[-5.8850054,43.316476],[-5.8850012,43.3164812],[-5.884998,43.3164866],[-5.884994,43.3164922],[-5.8849915,43.3164948],[-5.8849867,43.3164989],[-5.8849809,43.316503],[-5.8849713,43.3165085],[-5.8849593,43.3165133],[-5.8849454,43.3165176],[-5.8849301,43.3165213],[-5.8849137,43.3165246],[-5.8848966,43.3165276],[-5.8848658,43.3165325],[-5.8848459,43.316535],[-5.884826,43.3165365],[-5.8848146,43.3165368],[-5.8848036,43.3165366],[-5.8847927,43.3165359],[-5.884782,43.3165347],[-5.8847709,43.3165328],[-5.8847601,43.3165302],[-5.8847468,43.3165256],[-5.8847342,43.31652],[-5.8847221,43.3165133],[-5.8847079,43.3165037],[-5.8846949,43.3164932],[-5.8846831,43.3164823],[-5.8846758,43.3164746],[-5.8846693,43.3164668],[-5.884652,43.3164426],[-5.8846419,43.3164322],[-5.8846357,43.3164277],[-5.8846287,43.3164237],[-5.8846207,43.31642],[-5.8846076,43.3164152],[-5.8845935,43.3164111],[-5.8845746,43.3164068],[-5.884557,43.3164036],[-5.8845422,43.3164011],[-5.8845299,43.3163994],[-5.8845176,43.3163985],[-5.8845087,43.3163984],[-5.8844886,43.3163991],[-5.8844463,43.3164018],[-5.8843911,43.3164064],[-5.8843688,43.3164077],[-5.8843463,43.3164079],[-5.8843236,43.3164068],[-5.8843009,43.3164045],[-5.8842783,43.3164015],[-5.8842288,43.3163942],[-5.8842094,43.3163923],[-5.8841898,43.3163911],[-5.8841501,43.3163901],[-5.8840874,43.3163895],[-5.8840486,43.3163887],[-5.8840279,43.3163886],[-5.883988,43.31639],[-5.8839762,43.3163898],[-5.8839491,43.3163882],[-5.8839339,43.3163866],[-5.8839176,43.3163843],[-5.8838867,43.3163792],[-5.8838719,43.3163772],[-5.8838542,43.3163758],[-5.8837813,43.316374],[-5.8837635,43.3163743],[-5.8837457,43.3163756],[-5.8837292,43.3163777],[-5.883719,43.3163794],[-5.8837095,43.3163815],[-5.8836718,43.3163921],[-5.8836181,43.3164065],[-5.8836075,43.316409],[-5.8835809,43.3164145],[-5.8835698,43.3164163],[-5.8835472,43.3164192],[-5.8835328,43.3164205],[-5.8835035,43.3164224],[-5.8834716,43.3164234],[-5.8834174,43.3164233],[-5.8833523,43.3164244],[-5.8832824,43.3164235],[-5.8832474,43.3164225],[-5.8832307,43.3164213],[-5.8832146,43.3164193],[-5.883204,43.3164173],[-5.8831942,43.3164149],[-5.8831567,43.3164037],[-5.8831226,43.3163945],[-5.8830672,43.3163787],[-5.8830487,43.3163741],[-5.8830304,43.3163707],[-5.882992,43.3163657],[-5.8829731,43.3163618],[-5.882954,43.3163567],[-5.8829156,43.3163457],[-5.8829055,43.3163431],[-5.8828889,43.3163393],[-5.8828724,43.3163364],[-5.8828581,43.3163351],[-5.8828296,43.3163338],[-5.8828035,43.3163318],[-5.8827822,43.3163294],[-5.882759,43.3163255],[-5.8827451,43.3163239],[-5.8827306,43.3163244],[-5.8826997,43.3163285],[-5.8826837,43.3163301],[-5.8826677,43.31633],[-5.8826548,43.3163281],[-5.8826419,43.3163249],[-5.8826152,43.316317],[-5.8825822,43.3163079],[-5.8825656,43.3163029],[-5.8825318,43.3162908],[-5.8825186,43.3162864],[-5.8825053,43.3162827],[-5.8824918,43.3162798],[-5.8824735,43.3162777],[-5.8824411,43.316276],[-5.8824272,43.3162749],[-5.8824074,43.3162727],[-5.8823672,43.3162668],[-5.8823469,43.3162645],[-5.8823264,43.3162634],[-5.8823066,43.3162639],[-5.8822867,43.3162657],[-5.882267,43.3162684],[-5.8822158,43.3162767],[-5.8822002,43.3162784],[-5.8821896,43.3162791],[-5.8821784,43.3162792],[-5.8821643,43.3162786],[-5.8821361,43.3162765],[-5.8821168,43.3162759],[-5.8821015,43.3162767],[-5.8820861,43.3162784],[-5.8820744,43.31628],[-5.8820313,43.3162872],[-5.8820155,43.3162895],[-5.8819746,43.3162943],[-5.8818955,43.3163046],[-5.8818737,43.3163071],[-5.881824,43.3163118],[-5.8817935,43.3163163],[-5.8817714,43.3163202],[-5.881754,43.3163238],[-5.8816525,43.3163456],[-5.8816343,43.316349],[-5.8815617,43.3163602],[-5.8815443,43.3163632],[-5.8815272,43.3163666],[-5.8814859,43.3163761],[-5.8814736,43.3163786],[-5.8814584,43.3163812],[-5.881443,43.3163832],[-5.8814235,43.3163847],[-5.8813641,43.3163859],[-5.8813411,43.3163871],[-5.8813244,43.3163885],[-5.881308,43.3163905],[-5.8812954,43.3163926],[-5.8812831,43.316395],[-5.8812601,43.3164004],[-5.8812481,43.3164039],[-5.8812145,43.3164159],[-5.8812007,43.3164202],[-5.8811865,43.316424],[-5.881172,43.3164269],[-5.8811585,43.3164288],[-5.8811449,43.3164301],[-5.8811342,43.3164307],[-5.8811201,43.316431],[-5.8811064,43.3164309],[-5.8810674,43.3164297],[-5.881053,43.31643],[-5.8810423,43.3164315],[-5.8810154,43.3164369],[-5.8810014,43.3164391],[-5.8809458,43.3164466],[-5.8809343,43.3164478],[-5.8808854,43.3164503],[-5.8808694,43.3164521],[-5.8808572,43.3164545],[-5.8808454,43.3164578],[-5.8808304,43.3164633],[-5.8808165,43.3164699],[-5.8807846,43.3164895],[-5.880771,43.3164966],[-5.8807568,43.3165031],[-5.8807101,43.3165231],[-5.8806962,43.316528],[-5.8806708,43.3165355],[-5.8806574,43.3165388],[-5.8806433,43.3165414],[-5.8806275,43.3165433],[-5.8805791,43.3165474],[-5.8805395,43.3165517],[-5.8805297,43.3165525],[-5.8805146,43.3165531],[-5.8804705,43.3165534],[-5.8804603,43.3165538],[-5.8804482,43.3165553],[-5.8804371,43.3165582],[-5.8804243,43.3165641],[-5.8803809,43.3165901],[-5.8803696,43.3165975],[-5.8803621,43.3166028],[-5.8803424,43.3166188],[-5.8803322,43.3166265],[-5.8803211,43.3166334],[-5.880309,43.3166387],[-5.8802957,43.3166429],[-5.8802817,43.3166459],[-5.8802674,43.316648],[-5.8802579,43.3166487],[-5.880248,43.3166491],[-5.8802064,43.3166485],[-5.8801943,43.3166494],[-5.8801867,43.316651],[-5.8801797,43.3166531],[-5.8801728,43.3166558],[-5.8801367,43.3166709],[-5.8801285,43.3166736],[-5.8801129,43.316678],[-5.880106,43.3166804],[-5.8800894,43.3166873],[-5.8800797,43.316691],[-5.8800693,43.3166945],[-5.8800584,43.3166977],[-5.8800325,43.3167045],[-5.879985,43.3167205],[-5.8799743,43.3167245],[-5.8799672,43.3167279],[-5.8799609,43.3167318],[-5.8799552,43.3167364],[-5.8799432,43.3167474],[-5.8799341,43.3167548],[-5.8798999,43.3167814],[-5.8798762,43.3167989],[-5.8798651,43.3168077],[-5.8798552,43.3168165],[-5.8798414,43.3168319],[-5.8798341,43.3168393],[-5.8798243,43.3168472],[-5.8798131,43.3168546],[-5.8798052,43.3168591],[-5.879795,43.316864],[-5.8797839,43.3168685],[-5.8797675,43.316874],[-5.8797222,43.3168874],[-5.879707,43.3168929],[-5.8796937,43.3168987],[-5.8796809,43.3169052],[-5.8796685,43.3169123],[-5.8796574,43.3169191],[-5.879637,43.316933],[-5.8796077,43.3169542],[-5.8795968,43.3169634],[-5.8795866,43.3169736],[-5.8795694,43.3169917],[-5.8795613,43.3169991],[-5.8795509,43.317007],[-5.8795108,43.3170338],[-5.8794648,43.3170634],[-5.8794288,43.3170851],[-5.8793866,43.317109],[-5.8793737,43.3171172],[-5.8793627,43.3171256],[-5.8793537,43.3171347],[-5.8793454,43.3171437],[-5.8793375,43.317151],[-5.8793281,43.3171575],[-5.879318,43.3171625],[-5.8793067,43.3171669],[-5.8792951,43.3171707],[-5.8792828,43.3171741],[-5.8792464,43.3171823],[-5.8792344,43.3171855],[-5.8792226,43.3171892],[-5.8792063,43.3171952],[-5.8791946,43.3172007],[-5.879184,43.3172066],[-5.8791669,43.317218],[-5.8791502,43.3172305],[-5.8791448,43.3172341],[-5.879134,43.31724],[-5.8791283,43.3172421],[-5.8791226,43.3172435],[-5.8791167,43.317244],[-5.8791099,43.3172438],[-5.8791028,43.3172428],[-5.8790766,43.317238],[-5.879067,43.3172367],[-5.8790593,43.3172364],[-5.8790522,43.317237],[-5.8790453,43.3172385],[-5.8790336,43.3172424],[-5.8790264,43.3172452],[-5.8790192,43.3172484],[-5.8790081,43.3172543],[-5.8789957,43.3172618],[-5.8789789,43.3172746],[-5.8789534,43.3172969],[-5.8789382,43.3173083],[-5.8789223,43.3173213],[-5.8789137,43.3173278],[-5.8789011,43.3173356],[-5.8788722,43.3173522],[-5.8788588,43.3173588],[-5.8788385,43.3173673],[-5.8788222,43.3173728],[-5.878805,43.3173769],[-5.8787603,43.3173846],[-5.8787075,43.3173954],[-5.8786723,43.3174033],[-5.8786545,43.3174078],[-5.878637,43.3174128],[-5.8786201,43.3174181],[-5.8785766,43.3174338],[-5.8785587,43.3174389],[-5.8785313,43.3174449],[-5.8785133,43.317448],[-5.8784879,43.3174513],[-5.8783937,43.3174605],[-5.878354,43.3174638],[-5.8783007,43.3174676],[-5.8782784,43.3174695],[-5.8782616,43.3174714],[-5.8782455,43.3174736],[-5.8782094,43.3174797],[-5.8781817,43.3174831],[-5.8781596,43.3174851],[-5.878094,43.3174897],[-5.878079,43.3174906],[-5.8780642,43.317491],[-5.8780457,43.3174904],[-5.8780096,43.3174884],[-5.8779919,43.3174886],[-5.8779728,43.3174906],[-5.8779331,43.3174965],[-5.8779124,43.3174991],[-5.8778917,43.3175011],[-5.8778606,43.3175029],[-5.87785,43.3175029],[-5.8778341,43.3175019],[-5.8778186,43.3174996],[-5.8778074,43.3174973],[-5.8777967,43.3174944],[-5.8777862,43.3174903],[-5.8777769,43.3174854],[-5.8777689,43.3174797],[-5.8777626,43.3174736],[-5.8777576,43.317467],[-5.8777498,43.317453],[-5.8777455,43.317446],[-5.8777377,43.317437],[-5.8777275,43.3174285],[-5.8777153,43.3174209],[-5.8776992,43.3174137],[-5.8776524,43.3173966],[-5.8776242,43.3173856],[-5.87761,43.3173797],[-5.8775712,43.3173627],[-5.8775509,43.3173548],[-5.8775085,43.3173399],[-5.8774866,43.3173328],[-5.8774672,43.3173269],[-5.8774282,43.3173161],[-5.8773756,43.317303],[-5.877344,43.3172961],[-5.8773066,43.3172898],[-5.8772896,43.3172877],[-5.8772551,43.3172847],[-5.8770938,43.3172739],[-5.8770276,43.3172674],[-5.87701,43.317266],[-5.8769764,43.3172643],[-5.876961,43.317264],[-5.8769484,43.3172642],[-5.8769365,43.3172651],[-5.8768859,43.3172703],[-5.8768755,43.3172716],[-5.876852,43.3172757],[-5.8768439,43.3172769],[-5.8768328,43.3172775],[-5.8767837,43.3172786],[-5.8767657,43.3172793],[-5.8766794,43.3172843],[-5.8766513,43.3172867],[-5.876635,43.3172872],[-5.8766131,43.3172867],[-5.8765971,43.3172853],[-5.8765632,43.3172798],[-5.8765528,43.3172786],[-5.8765439,43.3172784],[-5.8765188,43.3172786],[-5.8764841,43.3172774],[-5.8764294,43.3172765],[-5.8763765,43.3172745],[-5.8763663,43.3172738],[-5.8763507,43.3172723],[-5.8763325,43.31727],[-5.8762952,43.3172646],[-5.8762558,43.3172599],[-5.8762151,43.3172558],[-5.8761945,43.3172541],[-5.876146,43.3172508],[-5.8760746,43.3172468],[-5.8760278,43.3172446],[-5.8759908,43.3172435],[-5.8759769,43.3172436],[-5.875959,43.3172444],[-5.8759482,43.3172453],[-5.8759179,43.3172488],[-5.8758989,43.3172514],[-5.8758811,43.3172546],[-5.8758656,43.3172583],[-5.8758533,43.317263],[-5.8758454,43.3172692],[-5.8758438,43.3172731],[-5.8758439,43.3172773],[-5.8758487,43.3172861],[-5.8758584,43.3172954],[-5.8758713,43.3173052],[-5.8758866,43.3173153],[-5.8759565,43.3173571],[-5.8759734,43.3173679],[-5.875989,43.3173789],[-5.8760027,43.3173902],[-5.876014,43.3174018],[-5.8760222,43.3174133],[-5.8760299,43.3174252],[-5.876037,43.3174348],[-5.8760448,43.3174442],[-5.8760535,43.3174537],[-5.8760632,43.317463],[-5.8760712,43.3174698],[-5.8760916,43.3174857],[-5.8761042,43.3174945],[-5.8761196,43.317504],[-5.8761358,43.3175132],[-5.8761686,43.3175311],[-5.8762016,43.3175484],[-5.8762186,43.3175566],[-5.8762352,43.3175641],[-5.8763065,43.3175935],[-5.8763239,43.3176018],[-5.8763363,43.3176087],[-5.8763478,43.3176159],[-5.8763588,43.3176232],[-5.8763721,43.3176326],[-5.8763839,43.3176418],[-5.8763897,43.3176468],[-5.8763968,43.3176537],[-5.8766188,43.3177088],[-5.876627,43.3177044],[-5.8766404,43.3177024],[-5.8766567,43.3177031],[-5.8766743,43.3177063],[-5.8766913,43.3177111],[-5.8767062,43.3177165],[-5.8767175,43.3177214],[-5.8767235,43.3177247],[-5.876724,43.3177254],[-5.8767214,43.3177254],[-5.8767204,43.3177259],[-5.876723,43.3177279],[-5.8767283,43.3177302],[-5.8767668,43.3177455],[-5.876802,43.3177594],[-5.8768347,43.3177714],[-5.876848,43.3177758],[-5.8768578,43.3177787],[-5.8768921,43.3177859],[-5.8769031,43.3177887],[-5.8769159,43.3177926],[-5.8769619,43.3178087],[-5.8769774,43.3178144],[-5.8769927,43.3178205],[-5.8770368,43.3178407],[-5.8770715,43.3178552],[-5.8770872,43.3178624],[-5.8770957,43.3178668],[-5.8771103,43.3178753],[-5.8771165,43.3178793],[-5.877122,43.3178832],[-5.8771279,43.3178879],[-5.8771311,43.3178924],[-5.8771306,43.317898],[-5.8771263,43.3179033],[-5.8771221,43.3179062],[-5.8771171,43.3179084],[-5.8771073,43.3179103],[-5.8770959,43.3179114],[-5.8770628,43.3179152],[-5.8770543,43.3179157],[-5.8770477,43.3179156],[-5.8770411,43.317915],[-5.877028,43.3179127],[-5.8770093,43.3179078],[-5.8770029,43.3179066],[-5.8769965,43.3179057],[-5.8769868,43.3179055],[-5.8769773,43.3179065],[-5.8769714,43.317908],[-5.8769658,43.3179099],[-5.8769588,43.3179133],[-5.8769528,43.3179174],[-5.8769471,43.3179222],[-5.8769359,43.3179323],[-5.8769306,43.3179376],[-5.876926,43.3179434],[-5.8769219,43.3179499],[-5.8769187,43.3179559],[-5.8769161,43.3179622],[-5.8769131,43.3179729],[-5.876912,43.3179833],[-5.8769127,43.3179926],[-5.8769169,43.3180055],[-5.8769179,43.3180103],[-5.8769183,43.3180147],[-5.8769177,43.3180187],[-5.8769157,43.3180215],[-5.8769091,43.3180245],[-5.8768992,43.3180254],[-5.8768917,43.3180245],[-5.8768803,43.3180212],[-5.876871,43.3180165],[-5.8768616,43.3180104],[-5.8768364,43.3179921],[-5.8768054,43.3179671],[-5.8767966,43.3179607],[-5.8767874,43.3179556],[-5.8767769,43.3179524],[-5.8767657,43.3179513],[-5.8767518,43.3179529],[-5.8767374,43.3179567],[-5.8767287,43.3179597],[-5.8767164,43.3179649],[-5.8767044,43.3179713],[-5.8766909,43.3179805],[-5.8766778,43.3179909],[-5.8766598,43.3180059],[-5.8766393,43.3180238],[-5.8766037,43.3180535],[-5.8765732,43.3180803],[-5.8765274,43.3181192],[-5.8765175,43.3181279],[-5.8764864,43.3181582],[-5.8764616,43.3181813],[-5.8764549,43.3181879],[-5.8764325,43.3182147],[-5.8764186,43.3182275],[-5.8764135,43.3182342],[-5.876409,43.3182431],[-5.8764046,43.3182473],[-5.8763981,43.3182497],[-5.8763899,43.3182503],[-5.8763812,43.318249],[-5.8763762,43.3182472],[-5.8763714,43.3182448],[-5.8763669,43.3182417],[-5.8763644,43.3182395],[-5.876369,43.318238],[-5.876377,43.3182348],[-5.8763786,43.3182339],[-5.8763792,43.3182332],[-5.8763784,43.3182327],[-5.8763754,43.3182321],[-5.8763569,43.3182303],[-5.8763549,43.3182266],[-5.8763529,43.3182176],[-5.876353,43.3182078],[-5.8763549,43.3181974],[-5.8763575,43.3181885],[-5.8763614,43.3181796],[-5.876368,43.3181685],[-5.8763849,43.3181457],[-5.8763944,43.3181339],[-5.8764045,43.3181221],[-5.8764154,43.3181105],[-5.8764429,43.318085],[-5.8764706,43.3180583],[-5.8765054,43.318023],[-5.8765188,43.3180102],[-5.8765298,43.3180007],[-5.8765524,43.317982],[-5.8765767,43.3179608],[-5.8766121,43.3179315],[-5.8766236,43.3179216],[-5.8766335,43.3179126],[-5.8766657,43.3178818],[-5.876678,43.3178695],[-5.8766888,43.3178574],[-5.876697,43.3178453],[-5.8767014,43.3178333],[-5.8767017,43.3178258],[-5.8767003,43.3178184],[-5.876695,43.3178068],[-5.8763046,43.3176717],[-5.8763071,43.3176793],[-5.8763077,43.317688],[-5.8763061,43.3176959],[-5.876298,43.3177119],[-5.8762957,43.3177179],[-5.8762945,43.3177236],[-5.8762945,43.3177329],[-5.8762926,43.3177366],[-5.8762885,43.3177392],[-5.8762824,43.3177406],[-5.8762738,43.3177406],[-5.8762674,43.3177398],[-5.8762606,43.3177386],[-5.8762523,43.3177365],[-5.876235,43.3177314],[-5.8761916,43.3177171],[-5.8761528,43.3177056],[-5.8760722,43.3176799],[-5.8760602,43.3176753],[-5.8760482,43.3176691],[-5.8760363,43.317662],[-5.8760085,43.3176439],[-5.8759796,43.3176239],[-5.8759527,43.3176064],[-5.8759067,43.3175778],[-5.8758645,43.3175511],[-5.8758324,43.3175323],[-5.8758097,43.3175182],[-5.8757509,43.3174795],[-5.8757386,43.3174706],[-5.8757303,43.3174639],[-5.8757226,43.317457],[-5.8757132,43.3174469],[-5.8757048,43.3174363],[-5.8756622,43.3173772],[-5.8756536,43.3173669],[-5.8756478,43.3173611],[-5.8756414,43.3173558],[-5.8756336,43.3173503],[-5.8756026,43.317331],[-5.875587,43.3173219],[-5.8755751,43.317316],[-5.8755624,43.3173103],[-5.8755165,43.3172914],[-5.8754886,43.3172808],[-5.8754543,43.3172685],[-5.8754372,43.3172629],[-5.8753903,43.3172493],[-5.8753593,43.3172407],[-5.8753466,43.3172376],[-5.8753209,43.3172307],[-5.8753145,43.3172293],[-5.8753067,43.317228],[-5.8752994,43.3172276],[-5.8752622,43.317229],[-5.8752237,43.3172293],[-5.8752089,43.3172282],[-5.8752033,43.3172272],[-5.8751921,43.3172242],[-5.8751805,43.3172199],[-5.8751231,43.3171949],[-5.8750706,43.3171732],[-5.8750588,43.317168],[-5.8750312,43.317155],[-5.874971,43.3171258],[-5.8749018,43.3170944],[-5.8748795,43.317084],[-5.8748291,43.3170581],[-5.8748121,43.3170497],[-5.8747771,43.3170333],[-5.8747592,43.3170254],[-5.8747411,43.3170178],[-5.8747114,43.3170064],[-5.8746201,43.3169747],[-5.8746017,43.3169675],[-5.8745841,43.3169597],[-5.8745683,43.3169517],[-5.8745531,43.3169432],[-5.8745107,43.3169179],[-5.8744408,43.3168749],[-5.8744286,43.3168673],[-5.8744135,43.3168572],[-5.874399,43.3168468],[-5.874385,43.3168362],[-5.8743715,43.3168255],[-5.8742969,43.3167623],[-5.8742824,43.3167507],[-5.8742754,43.3167453],[-5.874268,43.3167405],[-5.87425,43.3167306],[-5.8742284,43.3167193],[-5.8742194,43.3167147],[-5.8742046,43.3167076],[-5.8741889,43.316701],[-5.8741528,43.316687],[-5.8741273,43.3166755],[-5.8741148,43.3166691],[-5.8741014,43.3166616],[-5.8740882,43.3166535],[-5.8740524,43.3166307],[-5.8740238,43.3166131],[-5.87396,43.3165754],[-5.873917,43.3165461],[-5.8739,43.3165354],[-5.8738726,43.3165192],[-5.8738635,43.3165141],[-5.8738544,43.3165098],[-5.8738451,43.3165065],[-5.8738219,43.3164991],[-5.8737982,43.3164891],[-5.8737882,43.3164844],[-5.8737759,43.3164772],[-5.8737702,43.3164733],[-5.8737618,43.3164658],[-5.8737376,43.3164369],[-5.8737308,43.3164293],[-5.8737237,43.3164226],[-5.8737177,43.3164183],[-5.8737044,43.316411],[-5.8736957,43.3164055],[-5.8736894,43.3164009],[-5.8736842,43.3163965],[-5.8736801,43.3163919],[-5.8736778,43.316387],[-5.873678,43.3163801],[-5.8736806,43.3163725],[-5.873686,43.3163603],[-5.8736881,43.3163546],[-5.8736895,43.3163463],[-5.8736881,43.3163368],[-5.8736843,43.3163301],[-5.8736785,43.3163234],[-5.8736713,43.3163165],[-5.8736489,43.3162963],[-5.8736376,43.3162852],[-5.8736268,43.3162733],[-5.8736188,43.3162635],[-5.8736109,43.3162526],[-5.8735983,43.3162341],[-5.8735818,43.3162109],[-5.873571,43.3161976],[-5.8735593,43.3161849],[-5.8735468,43.3161731],[-5.8735334,43.3161624],[-5.8735192,43.3161533],[-5.8735098,43.3161485],[-5.8735003,43.3161444],[-5.873465,43.3161306],[-5.8734573,43.3161269],[-5.8734473,43.3161206],[-5.873438,43.316113],[-5.8734297,43.3161053],[-5.8734033,43.3160764],[-5.8733914,43.3160614],[-5.873374,43.3160385],[-5.8733457,43.3159995],[-5.873315,43.3159549],[-5.8733052,43.31594],[-5.8732757,43.3158933],[-5.8732646,43.3158768],[-5.8732538,43.3158616],[-5.8732344,43.3158359],[-5.8732075,43.3158034],[-5.8731579,43.3157462],[-5.8731491,43.3157365],[-5.8731242,43.3157108],[-5.8731112,43.3156969],[-5.8730861,43.3156679],[-5.8730501,43.3156232],[-5.8730269,43.3155931],[-5.8730043,43.3155629],[-5.8729764,43.3155237],[-5.8729154,43.3154366],[-5.8728976,43.3154102],[-5.8728883,43.3153955],[-5.8728794,43.3153806],[-5.8728713,43.3153656],[-5.8728653,43.3153534],[-5.8728549,43.3153296],[-5.8728464,43.3153078],[-5.8728439,43.3152977],[-5.8728437,43.3152901],[-5.8728451,43.3152826],[-5.8728508,43.3152718],[-5.8728585,43.3152636],[-5.8728682,43.3152568],[-5.8728793,43.3152514],[-5.8728933,43.3152474],[-5.8729072,43.3152462],[-5.8729199,43.315248],[-5.8729258,43.3152504],[-5.8729336,43.3152555],[-5.8729407,43.3152618],[-5.8729452,43.3152666],[-5.8729506,43.3152735],[-5.8729557,43.315281],[-5.8729622,43.315291],[-5.8729692,43.3153037],[-5.8729725,43.3153104],[-5.8729772,43.315322],[-5.8729866,43.3153463],[-5.8729924,43.3153586],[-5.8730123,43.3153962],[-5.8730199,43.3154092],[-5.8730281,43.3154212],[-5.8730453,43.3154444],[-5.8730529,43.3154561],[-5.8730737,43.3154962],[-5.8730823,43.315511],[-5.8731036,43.3155426],[-5.8731115,43.3155553],[-5.8731341,43.3155946],[-5.8731513,43.3156223],[-5.8731595,43.3156362],[-5.873167,43.3156507],[-5.8731736,43.3156653],[-5.8731797,43.3156799],[-5.8731852,43.3156945],[-5.8731948,43.3157224],[-5.8731999,43.3157354],[-5.873207,43.3157489],[-5.8732155,43.3157619],[-5.8732275,43.3157778],[-5.8732641,43.3158214],[-5.8732734,43.3158318],[-5.8732847,43.3158432],[-5.8733254,43.3158819],[-5.8733594,43.3159165],[-5.8733669,43.3159231],[-5.8733803,43.3159329],[-5.8733932,43.3159412],[-5.8734062,43.3159486],[-5.8734141,43.3159524],[-5.8734294,43.3159588],[-5.8734465,43.3159646],[-5.8734683,43.3159691],[-5.873475,43.3159713],[-5.8734825,43.3159745],[-5.8734905,43.3159786],[-5.8735132,43.3159923],[-5.8735351,43.3160061],[-5.8736105,43.316056],[-5.8736506,43.3160818],[-5.8736845,43.3161047],[-5.8736952,43.3161109],[-5.8737037,43.3161144],[-5.873708,43.3161146],[-5.8737104,43.3161133],[-5.8737107,43.3161112],[-5.8737092,43.3161075],[-5.8737052,43.3161002],[-5.8736995,43.316091],[-5.8736927,43.3160809],[-5.8736851,43.3160707],[-5.8736804,43.3160649],[-5.8736753,43.3160594],[-5.8736658,43.3160512],[-5.8736586,43.3160455],[-5.873651,43.3160402],[-5.8736318,43.316029],[-5.8736191,43.3160203],[-5.8736061,43.31601],[-5.8735928,43.3159986],[-5.873513,43.3159264],[-5.8734967,43.3159112],[-5.8734827,43.3158989],[-5.8734642,43.3158813],[-5.8734438,43.3158633],[-5.8734145,43.3158346],[-5.8734045,43.3158237],[-5.8733718,43.315786],[-5.8733487,43.3157587],[-5.8733259,43.3157308],[-5.8733149,43.3157167],[-5.8732946,43.3156893],[-5.8732487,43.3156244],[-5.8732212,43.3155884],[-5.8731917,43.3155549],[-5.8731877,43.3155507],[-5.8731801,43.3155435],[-5.8731755,43.3155387],[-5.8731717,43.3155331],[-5.873165,43.3155188],[-5.8731495,43.3154901],[-5.8731387,43.3154687],[-5.8731116,43.3154197],[-5.873092,43.3153853],[-5.8730687,43.3153475],[-5.8730609,43.3153342],[-5.8730482,43.31531],[-5.8730005,43.3152138],[-5.872986,43.3151855],[-5.8729711,43.3151577],[-5.8729499,43.3151199],[-5.8728954,43.3150172],[-5.8728636,43.3149624],[-5.8728399,43.3149231],[-5.8728029,43.3148572],[-5.8727822,43.3148222],[-5.8727661,43.3147938],[-5.8727234,43.3147166],[-5.8727005,43.3146727],[-5.8726753,43.3146227],[-5.8726642,43.3145994],[-5.872643,43.3145515],[-5.8726214,43.3145064],[-5.8725931,43.3144543],[-5.8725783,43.3144294],[-5.872558,43.3143983],[-5.8725334,43.3143584],[-5.8725266,43.3143482],[-5.8725186,43.3143391],[-5.8725098,43.3143312],[-5.8724912,43.3143183],[-5.8724842,43.3143138],[-5.8724767,43.3143097],[-5.8724628,43.3143041],[-5.872423,43.3142921],[-5.8724086,43.3142866],[-5.8723969,43.3142801],[-5.8723892,43.3142727],[-5.8723872,43.3142675],[-5.8723875,43.3142621],[-5.8723911,43.3142556],[-5.8723975,43.3142494],[-5.8724058,43.3142435],[-5.8724275,43.3142304],[-5.8724388,43.3142217],[-5.8724489,43.3142119],[-5.8724575,43.3142017],[-5.8724639,43.3141918],[-5.8724677,43.3141828],[-5.8724679,43.3141754],[-5.8724663,43.3141722],[-5.8724637,43.3141697],[-5.872457,43.3141661],[-5.8724491,43.3141623],[-5.8724408,43.314157],[-5.8724217,43.3141436],[-5.8724149,43.3141383],[-5.8724092,43.3141329],[-5.8724056,43.3141268],[-5.8724047,43.3141179],[-5.8724073,43.3141079],[-5.8724121,43.3140979],[-5.8724183,43.3140877],[-5.8724373,43.3140604],[-5.8724448,43.3140484],[-5.8724484,43.3140432],[-5.8724661,43.3140214],[-5.8724925,43.3139849],[-5.8725008,43.3139748],[-5.8725096,43.3139652],[-5.8725186,43.3139565],[-5.8725288,43.3139481],[-5.8725394,43.3139417],[-5.8725477,43.3139386],[-5.8725558,43.313937],[-5.8725618,43.3139367],[-5.8725675,43.313937],[-5.8725733,43.313938],[-5.8725989,43.3139441],[-5.8726057,43.3139454],[-5.8726081,43.3139452],[-5.8726089,43.3139439],[-5.8726077,43.3139417],[-5.8726056,43.3139392],[-5.8725958,43.3139301],[-5.8725672,43.3139071],[-5.8725256,43.3138715],[-5.8724537,43.313814],[-5.8724229,43.3137907],[-5.8724097,43.31378],[-5.872397,43.313769],[-5.8723594,43.3137341],[-5.8723454,43.3137205],[-5.8723391,43.3137139],[-5.8723301,43.3137034],[-5.8723214,43.3136924],[-5.8723105,43.3136778],[-5.8722999,43.3136628],[-5.8722819,43.3136365],[-5.8722653,43.3136131],[-5.8722457,43.313584],[-5.8721692,43.3134649],[-5.8721334,43.3134064],[-5.8721096,43.3133684],[-5.8720958,43.313348],[-5.8720895,43.3133377],[-5.8720726,43.3133074],[-5.872047,43.3132661],[-5.8720298,43.3132367],[-5.8720191,43.3132168],[-5.8720041,43.3131862],[-5.8719881,43.3131553],[-5.8719819,43.3131421],[-5.8719768,43.313129],[-5.8719735,43.3131164],[-5.8719726,43.3131102],[-5.8719723,43.3131042],[-5.8719725,43.3130987],[-5.8719737,43.3130865],[-5.871974,43.3130793],[-5.8719724,43.3130571],[-5.8719717,43.3130381],[-5.8719705,43.3130244],[-5.8719685,43.3130101],[-5.8719626,43.3129806],[-5.8719528,43.3129398],[-5.8719442,43.312901],[-5.8719404,43.3128814],[-5.8719324,43.3128506],[-5.8719296,43.3128327],[-5.8719257,43.3128169],[-5.8719224,43.3127984],[-5.8719212,43.3127863],[-5.8719211,43.3127804],[-5.8719224,43.312762],[-5.8719223,43.3127542],[-5.8719216,43.3127461],[-5.8719197,43.3127322],[-5.8719124,43.312699],[-5.8719053,43.3126731],[-5.8718969,43.3126396],[-5.8718839,43.3125962],[-5.8718744,43.3125687],[-5.8718515,43.3125103],[-5.8718422,43.312488],[-5.8718322,43.3124667],[-5.8718262,43.3124562],[-5.8718078,43.3124295],[-5.8717712,43.3123739],[-5.8717541,43.3123467],[-5.871745,43.3123311],[-5.8717365,43.3123154],[-5.8717285,43.3122996],[-5.8717212,43.3122837],[-5.8717149,43.3122687],[-5.8717093,43.3122539],[-5.8717034,43.3122363],[-5.8716953,43.3122095],[-5.8716901,43.3121954],[-5.8716769,43.312165],[-5.8716681,43.3121437],[-5.8716638,43.3121322],[-5.8716551,43.312106],[-5.8716502,43.3120941],[-5.8716422,43.3120789],[-5.8716384,43.3120709],[-5.8716349,43.3120625],[-5.8716283,43.3120432],[-5.8716204,43.3120136],[-5.8716149,43.3119955],[-5.8716114,43.3119812],[-5.8716089,43.3119667],[-5.8716066,43.3119451],[-5.8716067,43.3119343],[-5.8716079,43.3119236],[-5.8716094,43.3119165],[-5.8716117,43.3119087],[-5.8716146,43.3119011],[-5.8716234,43.3118812],[-5.8716282,43.3118673],[-5.8716303,43.3118579],[-5.8716308,43.3118443],[-5.871629,43.3118303],[-5.8716258,43.3118159],[-5.8716156,43.3117827],[-5.8716116,43.3117668],[-5.8716032,43.3117228],[-5.8715976,43.3116974],[-5.8715928,43.3116806],[-5.8715871,43.3116642],[-5.8715804,43.3116482],[-5.8715725,43.311633],[-5.8715633,43.3116188],[-5.8715524,43.3116059],[-5.8715392,43.311595],[-5.8715261,43.3115877],[-5.8715114,43.3115818],[-5.8714957,43.311577],[-5.8714794,43.311573],[-5.8714628,43.3115698],[-5.8714516,43.3115678],[-5.8714404,43.3115662],[-5.8714154,43.3115637],[-5.8713846,43.3115622],[-5.8713574,43.3115602],[-5.8713454,43.311559],[-5.8713365,43.3115577],[-5.8713255,43.3115557],[-5.8712983,43.3115503],[-5.8712867,43.3115473],[-5.8712752,43.3115435],[-5.8712641,43.311539],[-5.871252,43.3115326],[-5.8712274,43.3115172],[-5.871212,43.3115065],[-5.8712057,43.3115015],[-5.8711996,43.3114964],[-5.8711886,43.3114859],[-5.8711793,43.3114746],[-5.8711735,43.3114658],[-5.8711583,43.3114393],[-5.8711464,43.3114204],[-5.8711245,43.3113794],[-5.8711204,43.3113726],[-5.871111,43.3113593],[-5.8710671,43.3113045],[-5.8710552,43.3112904],[-5.8710438,43.3112778],[-5.8710185,43.3112521],[-5.8710063,43.3112402],[-5.8709383,43.3111806],[-5.8709217,43.311164],[-5.870912,43.3111532],[-5.8709077,43.3111477],[-5.870904,43.311142],[-5.8709005,43.3111354],[-5.8708852,43.3111036],[-5.8708773,43.3110849],[-5.8708737,43.3110743],[-5.8708705,43.3110616],[-5.8708595,43.3110134],[-5.8708571,43.3110001],[-5.8708558,43.3109837],[-5.870856,43.3109713],[-5.8708581,43.3109488],[-5.8708627,43.310917],[-5.8708654,43.3108936],[-5.870868,43.3108771],[-5.8708717,43.3108612],[-5.8708788,43.3108415],[-5.8708849,43.3108284],[-5.8708928,43.310815],[-5.8708965,43.3108099],[-5.8709004,43.3108054],[-5.8709049,43.3108015],[-5.8709102,43.3107983],[-5.8709161,43.3107957],[-5.8710118,43.3105069],[-5.8710104,43.3104982],[-5.8710068,43.3104678],[-5.8710052,43.3104569],[-5.8710031,43.310446],[-5.8709975,43.3104208],[-5.8709906,43.3103959],[-5.8709867,43.3103845],[-5.8709795,43.3103669],[-5.870977,43.310359],[-5.8709761,43.3103538],[-5.8709762,43.3103459],[-5.8709775,43.3103341],[-5.8709776,43.3103239],[-5.8709769,43.3103122],[-5.8709753,43.3102993],[-5.8709732,43.3102857],[-5.8709704,43.3102715],[-5.870967,43.3102572],[-5.8709631,43.3102428],[-5.8709557,43.3102187],[-5.8709507,43.3102038],[-5.8709422,43.3101831],[-5.8709347,43.3101666],[-5.8709275,43.3101535],[-5.8709238,43.3101481],[-5.8709196,43.3101437],[-5.870915,43.3101401],[-5.8709032,43.3101322],[-5.8708922,43.3101226],[-5.870889,43.3101191],[-5.870885,43.3101138],[-5.8708829,43.3101079],[-5.8707187,43.3099788],[-5.870708,43.3099776],[-5.8706974,43.3099755],[-5.8706808,43.3099713],[-5.870662,43.3099656],[-5.8706433,43.3099587],[-5.8706294,43.3099529],[-5.8706158,43.3099466],[-5.8705975,43.3099373],[-5.8705781,43.3099266],[-5.8705591,43.3099153],[-5.8705285,43.309896],[-5.8705155,43.3098869],[-5.8705031,43.3098774],[-5.8704911,43.3098677],[-5.8704797,43.3098577],[-5.8704344,43.3098154],[-5.8704223,43.3098037],[-5.8704047,43.3097857],[-5.8703942,43.3097745],[-5.8703842,43.309763],[-5.8703585,43.3097307],[-5.8703505,43.3097193],[-5.8703439,43.309709],[-5.8703156,43.3096606],[-5.8702906,43.3096133],[-5.8702781,43.3095876],[-5.8702723,43.3095747],[-5.8701615,43.3094651],[-5.8701574,43.3094654],[-5.8701452,43.309464],[-5.870139,43.3094622],[-5.8701327,43.3094598],[-5.8701255,43.3094562],[-5.8701182,43.3094521],[-5.8701065,43.309445],[-5.8700855,43.309431],[-5.8700411,43.309397],[-5.8700292,43.3093884],[-5.870017,43.3093799],[-5.8699957,43.3093663],[-5.869971,43.3093522],[-5.8699381,43.3093348],[-5.8699042,43.3093179],[-5.8698654,43.3092995],[-5.8698181,43.3092765],[-5.8697617,43.3092474],[-5.8697479,43.30924],[-5.8697241,43.3092267],[-5.8696846,43.3092034],[-5.8696567,43.3091859],[-5.8696203,43.3091612],[-5.8695563,43.3091196],[-5.8695295,43.3090996],[-5.869517,43.309091],[-5.8695105,43.3090869],[-5.8694789,43.3090688],[-5.8694424,43.3090461],[-5.869418,43.3090316],[-5.8693862,43.3090139],[-5.8693377,43.3089889],[-5.8693223,43.3089805],[-5.8693091,43.308972],[-5.869281,43.3089513],[-5.8692374,43.3089162],[-5.8691754,43.3088653],[-5.8691361,43.3088348],[-5.8690985,43.308807],[-5.8690621,43.3087807],[-5.8690169,43.3087462],[-5.8690029,43.3087362],[-5.8689741,43.3087168],[-5.8689219,43.3086837],[-5.8689069,43.308673],[-5.8688589,43.3086356],[-5.8688187,43.3086036],[-5.8688061,43.308594],[-5.8687804,43.3085757],[-5.8687539,43.3085573],[-5.8687424,43.3085488],[-5.8686985,43.308514],[-5.8686584,43.3084802],[-5.868645,43.3084701],[-5.8686097,43.3084451],[-5.8685817,43.3084237],[-5.8684476,43.3083125],[-5.8683919,43.3082677],[-5.8683727,43.3082528],[-5.8683461,43.308233],[-5.8682905,43.3081927],[-5.8682622,43.3081738],[-5.8682317,43.308155],[-5.8682141,43.3081437],[-5.8682025,43.3081355],[-5.8681796,43.3081183],[-5.8681366,43.3080847],[-5.8681271,43.3080779],[-5.8681073,43.3080655],[-5.868093,43.3080574],[-5.8680743,43.3080479],[-5.8680579,43.3080401],[-5.8680413,43.3080331],[-5.8679998,43.3080173],[-5.8679747,43.3080086],[-5.8679501,43.3079995],[-5.8679094,43.3079835],[-5.8678923,43.3079773],[-5.8678075,43.3079486],[-5.8677352,43.3079262],[-5.8676892,43.3079135],[-5.867639,43.3079006],[-5.8675958,43.3078903],[-5.8675523,43.3078793],[-5.867519,43.3078707],[-5.8675022,43.307866],[-5.867434,43.3078461],[-5.8674172,43.307841],[-5.8673674,43.3078251],[-5.8673506,43.3078201],[-5.8673207,43.3078127],[-5.8672839,43.3078049],[-5.8672615,43.3078008],[-5.8671941,43.3077898],[-5.8671577,43.3077836],[-5.8671397,43.3077809],[-5.8671218,43.3077787],[-5.8671005,43.307777],[-5.8670586,43.3077752],[-5.8670385,43.3077738],[-5.8670179,43.3077716],[-5.8669973,43.3077689],[-5.8669604,43.3077628],[-5.8669472,43.3077611],[-5.866934,43.30776],[-5.8669148,43.3077595],[-5.8668963,43.3077599],[-5.8668805,43.3077607],[-5.8668646,43.3077623],[-5.8668459,43.3077647],[-5.8668272,43.3077676],[-5.8668094,43.3077711],[-5.8667987,43.3077739],[-5.8667889,43.307777],[-5.8667756,43.3077817],[-5.8653971,43.3077292],[-5.8645968,43.3076987],[-5.8645851,43.3076942],[-5.8645702,43.3076894],[-5.864555,43.307685],[-5.8645301,43.3076787],[-5.8644487,43.3076619],[-5.8644283,43.307657],[-5.8644146,43.3076531],[-5.8644014,43.3076487],[-5.8643871,43.3076432],[-5.8643732,43.3076372],[-5.8643596,43.3076308],[-5.8643482,43.3076252],[-5.8643312,43.3076161],[-5.8643145,43.3076064],[-5.8642645,43.3075765],[-5.8642473,43.3075669],[-5.8642292,43.3075578],[-5.8642107,43.3075491],[-5.864174,43.307533],[-5.864156,43.3075256],[-5.864138,43.3075186],[-5.8641199,43.3075124],[-5.8641017,43.3075072],[-5.8640833,43.3075033],[-5.864069,43.3075013],[-5.8639965,43.3074944],[-5.8639742,43.3074918],[-5.863951,43.307488],[-5.8639334,43.307484],[-5.8639162,43.3074791],[-5.8638997,43.3074733],[-5.863884,43.3074666],[-5.8638692,43.307459],[-5.863859,43.3074528],[-5.8638203,43.3074282],[-5.8638053,43.3074193],[-5.8637896,43.307411],[-5.8637732,43.3074033],[-5.863754,43.3073959],[-5.8637339,43.3073894],[-5.8637133,43.3073837],[-5.8636922,43.3073786],[-5.8636711,43.3073742],[-5.8636498,43.3073702],[-5.8636287,43.3073669],[-5.8636079,43.3073641],[-5.8635876,43.3073621],[-5.863568,43.307361],[-5.8635331,43.3073604],[-5.8635264,43.30736],[-5.8635102,43.3073579],[-5.8634836,43.3073531],[-5.8634732,43.3073509],[-5.8634488,43.3073444],[-5.86342,43.3073354],[-5.8634081,43.3073313],[-5.8633993,43.307328],[-5.8633643,43.307313],[-5.8633517,43.3073082],[-5.8633401,43.3073042],[-5.8633103,43.3072959],[-5.8632683,43.3072858],[-5.8632329,43.3072781],[-5.8631423,43.3072593],[-5.8630012,43.3072328],[-5.8629558,43.3072236],[-5.8628923,43.3072093],[-5.862839,43.3071964],[-5.8628081,43.3071883],[-5.8627638,43.3071753],[-5.8627489,43.3071713],[-5.8627334,43.3071682],[-5.8626962,43.3071622],[-5.8626523,43.3071522],[-5.8626396,43.3071504],[-5.8626264,43.3071492],[-5.8625995,43.3071477],[-5.8625861,43.3071463],[-5.8625728,43.3071441],[-5.8625564,43.3071399],[-5.8625402,43.3071352],[-5.8625256,43.3071315],[-5.8624975,43.3071253],[-5.8624852,43.3071222],[-5.8624644,43.3071159],[-5.8624355,43.3071062],[-5.8624223,43.3071024],[-5.8624088,43.3070993],[-5.8623669,43.3070911],[-5.8623476,43.3070867],[-5.8623282,43.3070816],[-5.8622415,43.3070567],[-5.862208,43.3070461],[-5.8621786,43.3070362],[-5.8621638,43.3070318],[-5.8621437,43.3070271],[-5.8621232,43.3070235],[-5.8621028,43.3070209],[-5.8620551,43.3070162],[-5.8620207,43.3070109],[-5.8619941,43.3070062],[-5.8619473,43.3069966],[-5.8619214,43.3069903],[-5.8618879,43.3069806],[-5.8618518,43.3069683],[-5.861836,43.3069634],[-5.8618201,43.3069595],[-5.8618044,43.3069568],[-5.8617694,43.3069537],[-5.8617471,43.306951],[-5.8617222,43.3069464],[-5.8616958,43.3069409],[-5.8616811,43.3069375],[-5.8616322,43.3069252],[-5.8616025,43.3069167],[-5.8615666,43.3069059],[-5.86152,43.3068926],[-5.8614823,43.3068827],[-5.8614378,43.3068715],[-5.8613697,43.3068555],[-5.8613376,43.3068474],[-5.8613012,43.3068366],[-5.8612359,43.3068151],[-5.861206,43.3068058],[-5.8611922,43.306802],[-5.8611797,43.3067991],[-5.8611367,43.3067907],[-5.8610822,43.3067785],[-5.8610235,43.306765],[-5.8609886,43.3067561],[-5.8609679,43.3067501],[-5.8609452,43.3067419],[-5.8609337,43.3067383],[-5.8609146,43.306733],[-5.8609018,43.3067289],[-5.8608908,43.3067247],[-5.8608837,43.3067215],[-5.86086,43.3067097],[-5.8608493,43.3067051],[-5.8608376,43.3067014],[-5.860825,43.3066986],[-5.8607876,43.3066917],[-5.8607714,43.3066881],[-5.860752,43.3066832],[-5.8607125,43.3066717],[-5.8606543,43.3066532],[-5.8606362,43.3066471],[-5.8605818,43.306628],[-5.8604886,43.3065927],[-5.8604125,43.3065625],[-5.860394,43.3065555],[-5.8603554,43.3065417],[-5.8602271,43.3064983],[-5.8601779,43.3064805],[-5.8601638,43.3064761],[-5.8601229,43.3064645],[-5.8601084,43.3064599],[-5.8600747,43.3064487],[-5.8600081,43.3064254],[-5.8599646,43.3064111],[-5.8599118,43.3063959],[-5.859894,43.3063904],[-5.8598742,43.3063836],[-5.8597959,43.306356],[-5.8597335,43.306335],[-5.8596215,43.3062967],[-5.8596018,43.3062897],[-5.8595536,43.3062715],[-5.8595205,43.3062596],[-5.8594374,43.3062319],[-5.8594228,43.3062275],[-5.8593939,43.3062193],[-5.8593746,43.3062135],[-5.8593654,43.3062103],[-5.8593475,43.3062037],[-5.8593134,43.3061892],[-5.8592974,43.3061837],[-5.8592807,43.3061791],[-5.8592639,43.3061754],[-5.8592345,43.3061696],[-5.8592216,43.3061666],[-5.859204,43.3061614],[-5.8591871,43.3061554],[-5.8591578,43.3061435],[-5.8591461,43.3061395],[-5.8591339,43.3061362],[-5.8591179,43.3061331],[-5.8590795,43.3061273],[-5.8590635,43.3061241],[-5.8590195,43.3061133],[-5.8589908,43.3061071],[-5.8589646,43.3061003],[-5.85893,43.3060901],[-5.8589099,43.3060834],[-5.8588743,43.3060707],[-5.8588306,43.3060545],[-5.8587898,43.3060391],[-5.8587707,43.3060316],[-5.8587602,43.3060272],[-5.8586643,43.3059841],[-5.8585469,43.3059309],[-5.8585187,43.3059187],[-5.8584817,43.3059042],[-5.8584556,43.3058927],[-5.8584371,43.305883],[-5.8583742,43.3058485],[-5.8583383,43.305831],[-5.8583157,43.3058192],[-5.8583046,43.305814],[-5.8582911,43.305809],[-5.8582614,43.3057992],[-5.8582124,43.3057851],[-5.8581542,43.3057672],[-5.8580459,43.3057298],[-5.8580111,43.3057166],[-5.8579602,43.305696],[-5.8578759,43.3056596],[-5.8578451,43.3056456],[-5.8578293,43.3056381],[-5.8577891,43.3056179],[-5.8577709,43.3056081],[-5.8577272,43.3055837],[-5.8576637,43.3055499],[-5.8576096,43.3055221],[-5.8575942,43.3055147],[-5.8575838,43.3055102],[-5.8575659,43.3055032],[-5.8575506,43.3054968],[-5.8574914,43.3054715],[-5.8572225,43.3053665],[-5.8572074,43.3053627],[-5.8571922,43.3053583],[-5.8571542,43.3053465],[-5.8571389,43.305342],[-5.8571194,43.3053369],[-5.8570755,43.305326],[-5.8570478,43.3053198],[-5.8570388,43.3053182],[-5.8570237,43.3053164],[-5.8570092,43.3053158],[-5.8569964,43.3053165],[-5.8569758,43.3053185],[-5.8569634,43.3053189],[-5.856957,43.3053189],[-5.8569507,43.3053184],[-5.8569426,43.3053168],[-5.856935,43.3053137],[-5.8569302,43.3053105],[-5.8569238,43.3053044],[-5.8569178,43.3052959],[-5.8569076,43.3052771],[-5.8569017,43.3052673],[-5.8568947,43.3052575],[-5.8568865,43.305248],[-5.8568745,43.3052375],[-5.856861,43.3052278],[-5.8568534,43.305223],[-5.8568371,43.3052141],[-5.8568248,43.3052081],[-5.8568104,43.3052016],[-5.8567869,43.3051916],[-5.8567099,43.3051605],[-5.8566831,43.3051508],[-5.8566286,43.3051327],[-5.8566103,43.3051263],[-5.8565684,43.305111],[-5.8565032,43.3050857],[-5.8564848,43.3050781],[-5.8564219,43.3050504],[-5.8564058,43.305044],[-5.8563894,43.3050381],[-5.8563726,43.3050327],[-5.8563299,43.3050206],[-5.8563192,43.3050172],[-5.8563088,43.3050135],[-5.8562834,43.305003],[-5.8562756,43.3049995],[-5.8562613,43.3049921],[-5.8562486,43.3049848],[-5.8562351,43.3049763],[-5.8562206,43.3049683],[-5.8561934,43.3049562],[-5.8561867,43.304953],[-5.8561769,43.3049473],[-5.8561674,43.3049404],[-5.8561443,43.3049207],[-5.8561318,43.3049104],[-5.8560973,43.3048828],[-5.8560819,43.3048712],[-5.8560679,43.3048613],[-5.8560535,43.3048519],[-5.8560382,43.3048429],[-5.8560222,43.3048343],[-5.8560056,43.304826],[-5.8559917,43.3048196],[-5.8559429,43.3047989],[-5.8558825,43.3047745],[-5.8558137,43.3047477],[-5.8557872,43.3047366],[-5.8557545,43.304722],[-5.8557387,43.3047145],[-5.855697,43.304693],[-5.8556886,43.3046891],[-5.8556706,43.3046826],[-5.8556516,43.3046771],[-5.8556094,43.304666],[-5.8555955,43.3046617],[-5.8555821,43.3046568],[-5.8555497,43.3046435],[-5.855533,43.3046374],[-5.8555165,43.3046323],[-5.8554721,43.304621],[-5.8554249,43.3046098],[-5.8554085,43.3046053],[-5.8553453,43.3045859],[-5.8553288,43.3045808],[-5.8553135,43.3045756],[-5.8552986,43.3045712],[-5.8552875,43.3045687],[-5.8552633,43.3045647],[-5.8552565,43.3045633],[-5.8552499,43.3045614],[-5.8552364,43.3045568],[-5.8552299,43.304554],[-5.8552234,43.304551],[-5.855204,43.3045407],[-5.8551827,43.3045309],[-5.8551676,43.3045249],[-5.8551521,43.3045191],[-5.855136,43.3045138],[-5.8551235,43.3045105],[-5.8551092,43.3045072],[-5.8550783,43.3045009],[-5.8550527,43.3044935],[-5.8550459,43.3044913],[-5.8550112,43.3044776],[-5.8549394,43.3044432],[-5.8549315,43.30444],[-5.8549061,43.3044312],[-5.8548662,43.3044194],[-5.8548508,43.3044142],[-5.8548418,43.3044106],[-5.8548328,43.3044067],[-5.8548178,43.3043995],[-5.8547694,43.3043724],[-5.8547525,43.304364],[-5.8547398,43.3043586],[-5.8547247,43.3043529],[-5.8546934,43.3043419],[-5.8546777,43.3043368],[-5.8546622,43.3043321],[-5.8546466,43.3043277],[-5.8546336,43.3043245],[-5.8545915,43.3043157],[-5.8545771,43.304312],[-5.854564,43.304308],[-5.8545062,43.3042869],[-5.8544584,43.3042685],[-5.8544344,43.3042596],[-5.8544104,43.3042511],[-5.8543865,43.3042431],[-5.8543706,43.3042382],[-5.8543586,43.3042349],[-5.8543358,43.3042296],[-5.8543098,43.3042242],[-5.8542839,43.304218],[-5.8542443,43.3042097],[-5.8541572,43.3041886],[-5.8541177,43.3041804],[-5.8540986,43.304176],[-5.8540802,43.3041709],[-5.8540653,43.3041662],[-5.8540529,43.3041616],[-5.8540376,43.304155],[-5.8540126,43.304143],[-5.854002,43.3041384],[-5.8539926,43.3041354],[-5.853979,43.3041318],[-5.8539648,43.3041289],[-5.8539451,43.3041256],[-5.8539381,43.304124],[-5.8539313,43.3041217],[-5.8539197,43.3041168],[-5.8539009,43.3041074],[-5.8538852,43.3041002],[-5.8538782,43.3040976],[-5.8538709,43.3040954],[-5.8538508,43.3040904],[-5.8538399,43.3040871],[-5.853829,43.304083],[-5.8538185,43.3040781],[-5.8538083,43.3040724],[-5.8537842,43.3040572],[-5.8537733,43.3040518],[-5.8537529,43.3040437],[-5.853736,43.304038],[-5.8537202,43.3040331],[-5.853707,43.3040296],[-5.8536532,43.3040165],[-5.8536328,43.3040109],[-5.8536127,43.3040046],[-5.8535985,43.3039996],[-5.8535614,43.3039854],[-5.853504,43.3039615],[-5.8534878,43.3039541],[-5.8534732,43.3039466],[-5.8534472,43.3039322],[-5.8534359,43.3039262],[-5.853428,43.3039225],[-5.8534201,43.3039197],[-5.8534116,43.3039176],[-5.8534011,43.3039156],[-5.853383,43.3039129],[-5.853372,43.3039108],[-5.8533611,43.3039079],[-5.8533402,43.3038998],[-5.8532912,43.3038785],[-5.8532779,43.3038733],[-5.8532655,43.3038695],[-5.8532234,43.3038582],[-5.8532082,43.3038535],[-5.8531938,43.3038486],[-5.8531796,43.3038432],[-5.8529931,43.3037695],[-5.8529615,43.3037559],[-5.8529209,43.3037373],[-5.8528912,43.3037223],[-5.852876,43.3037135],[-5.8528621,43.3037039],[-5.85285,43.3036941],[-5.8528275,43.3036742],[-5.8528203,43.3036688],[-5.8528095,43.3036619],[-5.852803,43.3036587],[-5.8527912,43.3036547],[-5.8527786,43.3036523],[-5.8527658,43.303651],[-5.8527355,43.3036496],[-5.8527217,43.3036475],[-5.8527071,43.3036442],[-5.8526922,43.3036399],[-5.8526771,43.3036349],[-5.852666,43.3036308],[-5.8526552,43.3036262],[-5.8526392,43.3036177],[-5.8526085,43.3035982],[-5.8525929,43.3035889],[-5.8525603,43.3035727],[-5.8525472,43.3035656],[-5.852521,43.30355],[-5.8525068,43.3035423],[-5.8524986,43.3035385],[-5.8524486,43.3035178],[-5.8524014,43.3034994],[-5.8523394,43.303474],[-5.8523096,43.3034614],[-5.8520971,43.3034932],[-5.8518691,43.3035035],[-5.8518723,43.3035102],[-5.851872,43.3035122],[-5.8518675,43.3035158],[-5.8518622,43.303517],[-5.8518554,43.3035176],[-5.8518432,43.3035169],[-5.8518364,43.3035158],[-5.8517911,43.3035044],[-5.851779,43.3035016],[-5.8517669,43.3034992],[-5.8517551,43.3034975],[-5.851747,43.3034967],[-5.8517371,43.3034964],[-5.851728,43.303497],[-5.8517189,43.3034985],[-5.8517067,43.3035013],[-5.8516733,43.3035097],[-5.8516553,43.3035147],[-5.851637,43.3035205],[-5.851607,43.3035315],[-5.8515765,43.3035421],[-5.8515489,43.3035509],[-5.851525,43.3035576],[-5.8515145,43.3035601],[-5.8515058,43.3035615],[-5.8514968,43.3035621],[-5.8514867,43.3035618],[-5.8514764,43.3035608],[-5.851462,43.3035586],[-5.8514479,43.3035559],[-5.8514348,43.3035528],[-5.851421,43.3035489],[-5.8514081,43.3035459],[-5.8513999,43.3035447],[-5.8513441,43.3035384],[-5.8512847,43.3035313],[-5.8512623,43.3035293],[-5.85122,43.3035261],[-5.8512006,43.3035242],[-5.8511819,43.3035215],[-5.8511639,43.3035175],[-5.8511189,43.3035059],[-5.8510889,43.3034993],[-5.8510786,43.3034973],[-5.8510348,43.3034899],[-5.8509552,43.3034757],[-5.8509363,43.3034726],[-5.8508808,43.3034648],[-5.850846,43.3034602],[-5.8508298,43.3034585],[-5.8508149,43.3034575],[-5.8508043,43.3034575],[-5.8507949,43.3034584],[-5.8507845,43.3034609],[-5.8507435,43.3034755],[-5.8507341,43.3034784],[-5.8507242,43.3034803],[-5.8507118,43.3034805],[-5.8507,43.3034789],[-5.8506895,43.3034764],[-5.8506786,43.3034731],[-5.8506638,43.3034679],[-5.8506488,43.3034617],[-5.8506343,43.3034544],[-5.850625,43.3034488],[-5.8506161,43.3034427],[-5.8505853,43.3034198],[-5.8505708,43.3034095],[-5.8505629,43.3034046],[-5.8505546,43.3034001],[-5.8505389,43.3033927],[-5.8505227,43.3033858],[-5.8504926,43.3033738],[-5.8504755,43.303368],[-5.8504594,43.3033631],[-5.8504428,43.3033576],[-5.85039,43.3033386],[-5.8503717,43.3033325],[-5.8503322,43.3033204],[-5.8503061,43.3033115],[-5.8502782,43.3033011],[-5.8502639,43.3032953],[-5.8502503,43.3032893],[-5.8502185,43.3032733],[-5.8501861,43.3032563],[-5.8501663,43.3032453],[-5.8501595,43.303241],[-5.8501529,43.3032364],[-5.8501318,43.3032199],[-5.850119,43.3032105],[-5.850102,43.3031988],[-5.8500886,43.3031905],[-5.8500344,43.3031587],[-5.8500199,43.3031507],[-5.8500035,43.3031425],[-5.8499881,43.3031354],[-5.8499411,43.3031153],[-5.8499064,43.303101],[-5.8498668,43.3030819],[-5.8498498,43.3030732],[-5.8498439,43.3030697],[-5.849833,43.3030617],[-5.8498166,43.3030488],[-5.8498048,43.3030404],[-5.8497924,43.3030321],[-5.8497729,43.30302],[-5.8497604,43.3030114],[-5.8497547,43.3030067],[-5.8497469,43.302999],[-5.84974,43.3029909],[-5.8497326,43.3029793],[-5.8497138,43.3029417],[-5.8497081,43.3029317],[-5.8497013,43.3029218],[-5.84969,43.3029088],[-5.8496768,43.302896],[-5.8496663,43.302887],[-5.8496551,43.3028781],[-5.8496435,43.3028693],[-5.8496268,43.3028574],[-5.8495921,43.3028343],[-5.849522,43.3027895],[-5.8494804,43.3027621],[-5.8494625,43.3027493],[-5.8494454,43.3027358],[-5.8494266,43.3027189],[-5.8493632,43.3026598],[-5.849338,43.3026349],[-5.8493111,43.3026066],[-5.8492981,43.302592],[-5.8492729,43.3025622],[-5.8492485,43.3025319],[-5.8492366,43.3025166],[-5.8492137,43.3024856],[-5.8492031,43.3024704],[-5.8491726,43.3024242],[-5.8490982,43.3023071],[-5.8490888,43.3022932],[-5.8490462,43.3022329],[-5.8490392,43.3022214],[-5.8490338,43.3022097],[-5.8490247,43.3021873],[-5.8490027,43.302119],[-5.8489951,43.3020983],[-5.848985,43.3020745],[-5.8489647,43.3020336],[-5.8489615,43.3020264],[-5.848957,43.3020146],[-5.8489469,43.3019833],[-5.8489372,43.3019519],[-5.8489153,43.3018748],[-5.84891,43.3018586],[-5.8489036,43.301843],[-5.8488975,43.3018297],[-5.8488908,43.3018165],[-5.8488829,43.3018037],[-5.8488735,43.3017914],[-5.8488623,43.3017799],[-5.8488495,43.3017691],[-5.8488358,43.3017586],[-5.8487925,43.3017276],[-5.8487772,43.3017157],[-5.8487628,43.3017037],[-5.8487492,43.3016914],[-5.848726,43.301669],[-5.8487145,43.3016587],[-5.8486959,43.301644],[-5.8486862,43.3016356],[-5.8486753,43.3016242],[-5.8486704,43.3016183],[-5.8486406,43.3015774],[-5.848631,43.3015654],[-5.8486165,43.3015489],[-5.8486044,43.3015364],[-5.8485883,43.3015218],[-5.8485616,43.3015002],[-5.8485439,43.301485],[-5.8485365,43.3014779],[-5.8485298,43.3014705],[-5.8485246,43.3014635],[-5.84852,43.3014563],[-5.8485088,43.301435],[-5.8485028,43.3014247],[-5.8484961,43.3014148],[-5.8484884,43.3014054],[-5.8484786,43.3013959],[-5.8484602,43.3013809],[-5.8484519,43.3013751],[-5.8484379,43.3013673],[-5.8484222,43.3013603],[-5.8484089,43.3013553],[-5.8483951,43.3013504],[-5.8483466,43.3013345],[-5.8483291,43.3013294],[-5.8483067,43.3013237],[-5.8482958,43.3013213],[-5.8482754,43.3013178],[-5.8482549,43.3013154],[-5.8482438,43.3013145],[-5.8481977,43.3013121],[-5.8481828,43.3013109],[-5.8481732,43.3013095],[-5.8481634,43.3013076],[-5.8481537,43.3013053],[-5.8481396,43.3013015],[-5.8481259,43.3012969],[-5.8481104,43.3012897],[-5.8480957,43.3012813],[-5.8480653,43.3012615],[-5.8480509,43.3012537],[-5.8480354,43.3012464],[-5.8480019,43.3012319],[-5.8479698,43.3012176],[-5.8479074,43.3011914],[-5.8478922,43.3011855],[-5.8478784,43.3011809],[-5.8478643,43.3011769],[-5.8478501,43.3011734],[-5.8478389,43.3011711],[-5.8478199,43.3011677],[-5.8477663,43.3011598],[-5.8477508,43.3011564],[-5.847739,43.3011525],[-5.8477173,43.3011437],[-5.8476914,43.301134],[-5.8476616,43.3011187],[-5.8476531,43.3011151],[-5.8476437,43.3011119],[-5.847634,43.3011089],[-5.8476234,43.3011059],[-5.8476126,43.3011031],[-5.8475861,43.3010982],[-5.8475719,43.3010959],[-5.8475571,43.301094],[-5.8475409,43.3010925],[-5.8475276,43.3010918],[-5.8474916,43.301091],[-5.8474572,43.3010894],[-5.847447,43.3010885],[-5.8474295,43.3010862],[-5.847409,43.3010821],[-5.8473887,43.301077],[-5.8473689,43.3010709],[-5.8473394,43.3010609],[-5.8473003,43.3010472],[-5.8472653,43.3010363],[-5.8472368,43.301028],[-5.8471991,43.3010179],[-5.8471105,43.3009961],[-5.8470939,43.3009913],[-5.8470629,43.3009817],[-5.8470272,43.3009697],[-5.8470068,43.3009632],[-5.8469866,43.3009578],[-5.8469661,43.3009535],[-5.846955,43.3009516],[-5.8469334,43.3009487],[-5.8468958,43.3009447],[-5.8468688,43.3009413],[-5.8468531,43.3009388],[-5.8468356,43.3009352],[-5.8468186,43.3009307],[-5.8468016,43.3009254],[-5.8467496,43.300908],[-5.8467318,43.3009028],[-5.8467031,43.3008957],[-5.8466909,43.3008931],[-5.846671,43.3008896],[-5.846651,43.3008866],[-5.8466313,43.3008842],[-5.8466121,43.3008823],[-5.8465964,43.300881],[-5.8465666,43.30088],[-5.8465488,43.3008796],[-5.8465314,43.3008796],[-5.8465145,43.3008802],[-5.8464745,43.3008827],[-5.846432,43.3008861],[-5.846419,43.3008875],[-5.8463944,43.300891],[-5.8463661,43.3008939],[-5.846355,43.3008958],[-5.8463479,43.3008975],[-5.8463417,43.3008999],[-5.8463359,43.3009029],[-5.8463066,43.3009195],[-5.8462997,43.3009226],[-5.8462882,43.3009255],[-5.8462758,43.3009264],[-5.8462673,43.3009261],[-5.8462588,43.3009253],[-5.8462527,43.3009242],[-5.8462228,43.3009156],[-5.8462107,43.3009131],[-5.8461955,43.3009123],[-5.8461883,43.3009126],[-5.8461694,43.3004172],[-5.8461808,43.3004156]],[[-5.8727247,43.3143593],[-5.8727208,43.314367],[-5.8727155,43.3143735],[-5.8727111,43.3143769],[-5.8727028,43.3143808],[-5.8726938,43.3143829],[-5.8726849,43.3143832],[-5.872677,43.3143814],[-5.8726717,43.3143783],[-5.8726676,43.314374],[-5.8726588,43.3143582],[-5.8726552,43.3143535],[-5.8726517,43.3143504],[-5.8726477,43.314348],[-5.8726385,43.3143449],[-5.8726352,43.3143443],[-5.8726278,43.3143445],[-5.8726221,43.3143472],[-5.8726191,43.3143538],[-5.8726197,43.3143631],[-5.8726235,43.3143741],[-5.8726287,43.3143836],[-5.8726353,43.3143934],[-5.8726429,43.3144033],[-5.8726611,43.3144259],[-5.872666,43.3144329],[-5.8726909,43.3144745],[-5.8727297,43.3145364],[-5.8727378,43.3145514],[-5.8727458,43.3145701],[-5.8727525,43.3145844],[-5.8727653,43.3146097],[-5.8727725,43.3146225],[-5.8727804,43.3146352],[-5.872789,43.3146479],[-5.8727983,43.3146603],[-5.8728052,43.3146687],[-5.8728225,43.3146887],[-5.8728331,43.3147002],[-5.8728558,43.3147227],[-5.872899,43.3147616],[-5.8729071,43.3147697],[-5.8729145,43.3147779],[-5.8729233,43.3147892],[-5.8729312,43.3148022],[-5.8729379,43.3148157],[-5.8729568,43.3148561],[-5.8729638,43.3148692],[-5.8729717,43.3148818],[-5.8729802,43.3148931],[-5.8729972,43.3149148],[-5.8730128,43.3149361],[-5.8730316,43.3149627],[-5.8730467,43.3149822],[-5.8730541,43.3149926],[-5.8730717,43.3150194],[-5.8730931,43.315047],[-5.8731112,43.3150727],[-5.8731188,43.3150818],[-5.8731355,43.3151],[-5.8731432,43.3151094],[-5.8731495,43.3151194],[-5.8731543,43.3151311],[-5.8731574,43.3151434],[-5.8731626,43.315168],[-5.8731663,43.3151796],[-5.8731717,43.3151903],[-5.8731764,43.3151968],[-5.8731819,43.3152027],[-5.8731877,43.3152078],[-5.8731939,43.3152124],[-5.8732002,43.3152162],[-5.8732257,43.3152293],[-5.8732315,43.3152339],[-5.8732335,43.3152369],[-5.873234,43.31524],[-5.8732326,43.3152438],[-5.8732297,43.3152472],[-5.8732244,43.315252],[-5.8732233,43.3152541],[-5.8732234,43.3152563],[-5.8732246,43.3152587],[-5.8732275,43.3152616],[-5.8732319,43.3152648],[-5.8732397,43.3152693],[-5.8732463,43.3152723],[-5.8732537,43.3152752],[-5.873266,43.3152789],[-5.8732735,43.3152805],[-5.8732811,43.3152817],[-5.8732903,43.3152826],[-5.8732995,43.3152828],[-5.873312,43.3152811],[-5.8733242,43.3152778],[-5.8733362,43.3152731],[-5.8733464,43.3152675],[-5.8733619,43.3152554],[-5.873367,43.3152523],[-5.8733726,43.3152506],[-5.8733814,43.3152509],[-5.87339,43.3152545],[-5.8733961,43.3152592],[-5.8734084,43.3152722],[-5.8734253,43.3152882],[-5.8734958,43.3153452],[-5.8735248,43.3153699],[-5.8735442,43.3153859],[-5.8735532,43.3153938],[-5.8735651,43.315406],[-5.8735754,43.3154172],[-5.8735849,43.3154282],[-5.8735928,43.3154388],[-5.873598,43.3154473],[-5.8736057,43.3154627],[-5.873606,43.3154687],[-5.8736048,43.3154704],[-5.8735987,43.3154735],[-5.8735889,43.3154752],[-5.8735764,43.3154756],[-5.8735621,43.3154747],[-5.8735466,43.3154724],[-5.8735323,43.315469],[-5.8734975,43.3154586],[-5.8734756,43.3154525],[-5.8734589,43.3154489],[-5.873442,43.3154463],[-5.8734254,43.3154451],[-5.87341,43.3154453],[-5.8733951,43.3154464],[-5.8733703,43.3154492],[-5.8733604,43.3154508],[-5.873349,43.3154534],[-5.873339,43.3154572],[-5.8733299,43.3154633],[-5.8733245,43.3154693],[-5.8733202,43.3154777],[-5.8733179,43.3154871],[-5.8733167,43.315498],[-5.8733173,43.3155096],[-5.8733205,43.3155224],[-5.8733259,43.3155354],[-5.8733331,43.3155486],[-5.8733417,43.3155616],[-5.8733514,43.3155744],[-5.8733622,43.3155868],[-5.873374,43.3155986],[-5.8734052,43.3156263],[-5.8734152,43.315636],[-5.873426,43.315648],[-5.8734563,43.3156859],[-5.8734676,43.3156994],[-5.8734793,43.3157129],[-5.873504,43.3157401],[-5.8735297,43.315767],[-5.8735435,43.3157809],[-5.8735719,43.315808],[-5.8736252,43.3158563],[-5.8736424,43.3158723],[-5.8736604,43.3158878],[-5.8736889,43.3159109],[-5.8736992,43.3159187],[-5.8737343,43.3159433],[-5.8737469,43.3159531],[-5.8737707,43.3159735],[-5.8737883,43.3159893],[-5.8738112,43.3160092],[-5.8738354,43.3160309],[-5.8738521,43.316045],[-5.8738624,43.3160532],[-5.8738695,43.3160582],[-5.8738769,43.3160625],[-5.87389,43.3160682],[-5.8739016,43.3160722],[-5.8739142,43.3160754],[-5.8739277,43.316077],[-5.8739416,43.3160769],[-5.8739561,43.3160752],[-5.873971,43.3160724],[-5.8739861,43.3160688],[-5.8740039,43.3160637],[-5.8740211,43.3160577],[-5.8740305,43.3160536],[-5.8740395,43.3160492],[-5.8740511,43.3160423],[-5.8740611,43.3160347],[-5.8740687,43.316027],[-5.8740753,43.3160187],[-5.8740836,43.3160069],[-5.874088,43.3159996],[-5.8740929,43.3159893],[-5.8740956,43.3159816],[-5.874098,43.3159675],[-5.874098,43.3159531],[-5.8740961,43.3159385],[-5.8740926,43.3159241],[-5.8740871,43.315909],[-5.8740826,43.3158992],[-5.8740768,43.3158896],[-5.8740682,43.3158774],[-5.8740585,43.3158651],[-5.8740479,43.3158527],[-5.8740351,43.3158387],[-5.8739954,43.3157971],[-5.8739829,43.3157835],[-5.8739716,43.3157701],[-5.8739619,43.315757],[-5.8739553,43.3157459],[-5.8739509,43.3157352],[-5.8739494,43.3157253],[-5.8739502,43.3157194],[-5.873952,43.3157138],[-5.8739551,43.3157075],[-5.8739588,43.3157015],[-5.8739674,43.3156895],[-5.8739704,43.3156838],[-5.8739757,43.3156714],[-5.8739812,43.3156551],[-5.8739869,43.315642],[-5.8739909,43.3156307],[-5.8739943,43.3156183],[-5.8739974,43.3156051],[-5.8740105,43.3155385],[-5.8740132,43.3155284],[-5.8740166,43.3155185],[-5.8740207,43.3155089],[-5.8740398,43.3154727],[-5.8740547,43.3154396],[-5.8740568,43.3154318],[-5.8740604,43.315415],[-5.874063,43.3154071],[-5.8740661,43.3153992],[-5.8740717,43.3153882],[-5.8740764,43.315381],[-5.8740869,43.3153672],[-5.8740928,43.3153608],[-5.8741012,43.3153539],[-5.8741097,43.3153485],[-5.8741166,43.3153448],[-5.8741224,43.3153411],[-5.8741254,43.3153383],[-5.8741277,43.315335],[-5.8741296,43.3153307],[-5.8741305,43.3153264],[-5.8741306,43.3153229],[-5.8741296,43.3153195],[-5.8741262,43.3153158],[-5.8741197,43.3153121],[-5.8741111,43.3153093],[-5.8740991,43.3153065],[-5.8740925,43.3153053],[-5.8740817,43.3153038],[-5.8740692,43.3153034],[-5.8740566,43.315304],[-5.8740445,43.3153055],[-5.8740336,43.315308],[-5.8740267,43.3153104],[-5.8740061,43.3153192],[-5.873991,43.3153249],[-5.8739587,43.3153361],[-5.873943,43.3153424],[-5.8739337,43.3153469],[-5.8739245,43.3153519],[-5.8739109,43.3153603],[-5.8738977,43.3153695],[-5.8738848,43.3153792],[-5.8738495,43.3154069],[-5.8738347,43.3154174],[-5.8738197,43.3154274],[-5.8738043,43.3154364],[-5.8737946,43.3154415],[-5.8737834,43.3154467],[-5.8737722,43.3154513],[-5.873759,43.3154557],[-5.8737455,43.3154593],[-5.8737292,43.3154631],[-5.8737135,43.315466],[-5.8737013,43.3154675],[-5.8736901,43.3154679],[-5.8736804,43.3154672],[-5.873672,43.3154649],[-5.8736649,43.3154619],[-5.8736588,43.3154587],[-5.8736539,43.315455],[-5.8736514,43.3154504],[-5.8736517,43.3154455],[-5.873654,43.3154398],[-5.873659,43.3154324],[-5.8736719,43.3154152],[-5.873679,43.3154035],[-5.8736852,43.3153909],[-5.8736903,43.3153779],[-5.8736942,43.3153646],[-5.8736959,43.3153515],[-5.8736947,43.3153393],[-5.8736915,43.3153278],[-5.8736881,43.3153192],[-5.8736845,43.3153115],[-5.873681,43.3153052],[-5.8736768,43.3152998],[-5.8736731,43.3152959],[-5.8736691,43.3152928],[-5.8736653,43.3152908],[-5.8736615,43.3152893],[-5.8736568,43.3152881],[-5.873634,43.3152839],[-5.8736211,43.3152808],[-5.8736067,43.3152768],[-5.8735915,43.3152719],[-5.8735609,43.3152607],[-5.873512,43.315241],[-5.8734949,43.3152336],[-5.8734799,43.3152261],[-5.8734664,43.315218],[-5.8734549,43.3152088],[-5.8734471,43.3152002],[-5.8734403,43.3151909],[-5.8734331,43.3151798],[-5.8734087,43.3151403],[-5.8733931,43.3151135],[-5.8733891,43.3151055],[-5.8733858,43.3150977],[-5.8733828,43.3150881],[-5.8733816,43.3150761],[-5.8733829,43.3150654],[-5.8733842,43.3150605],[-5.8733861,43.3150562],[-5.8733886,43.3150524],[-5.873394,43.3150478],[-5.8734004,43.3150442],[-5.8734096,43.3150411],[-5.8734132,43.3150406],[-5.8734206,43.3150405],[-5.8734354,43.3150411],[-5.8734433,43.3150403],[-5.8734493,43.3150374],[-5.8734523,43.3150326],[-5.8734537,43.315026],[-5.8734552,43.3150003],[-5.8734551,43.3149829],[-5.8734544,43.3149671],[-5.8734521,43.3149457],[-5.8734491,43.3149232],[-5.8734472,43.3149117],[-5.873443,43.3148907],[-5.8734411,43.3148779],[-5.8734384,43.3148659],[-5.873435,43.3148566],[-5.8734191,43.3148187],[-5.8734086,43.3147908],[-5.8734048,43.3147785],[-5.873403,43.314768],[-5.8734039,43.3147601],[-5.8734074,43.3147561],[-5.8734127,43.3147549],[-5.8734201,43.3147572],[-5.8734285,43.3147625],[-5.8734381,43.31477],[-5.8734467,43.3147773],[-5.8734555,43.3147856],[-5.873463,43.3147934],[-5.8734703,43.3148019],[-5.8734954,43.3148323],[-5.873522,43.3148669],[-5.8735316,43.3148801],[-5.8735406,43.3148934],[-5.873549,43.3149074],[-5.8735858,43.3149738],[-5.8735983,43.315],[-5.8736014,43.3150072],[-5.8736042,43.3150161],[-5.873606,43.3150253],[-5.8736069,43.3150361],[-5.8736072,43.3150581],[-5.8736083,43.315071],[-5.8736116,43.3150861],[-5.873617,43.3151013],[-5.8736235,43.3151144],[-5.8736313,43.3151273],[-5.8736399,43.3151398],[-5.8736492,43.315152],[-5.8736754,43.315183],[-5.873682,43.3151915],[-5.8736875,43.3151992],[-5.8736912,43.3152052],[-5.8736934,43.3152104],[-5.8736936,43.3152157],[-5.8736902,43.3152195],[-5.8736845,43.3152219],[-5.8736733,43.3152248],[-5.8736693,43.3152266],[-5.8736668,43.3152283],[-5.8736654,43.3152302],[-5.8736654,43.3152319],[-5.8736666,43.3152336],[-5.8736696,43.3152356],[-5.8736882,43.3152446],[-5.8737004,43.3152501],[-5.8737111,43.3152538],[-5.8737229,43.3152568],[-5.8737356,43.3152592],[-5.8737512,43.3152609],[-5.873767,43.3152614],[-5.8737825,43.3152605],[-5.873797,43.315258],[-5.87381,43.3152536],[-5.8738202,43.3152478],[-5.8738293,43.3152407],[-5.8738384,43.3152319],[-5.8738468,43.3152224],[-5.8738542,43.3152123],[-5.8738602,43.3152019],[-5.8738649,43.3151885],[-5.8738658,43.315178],[-5.8738649,43.3151674],[-5.873863,43.3151584],[-5.8738604,43.3151496],[-5.8738566,43.3151405],[-5.8738513,43.3151315],[-5.8738422,43.315119],[-5.8738317,43.3151063],[-5.8738106,43.3150823],[-5.8738012,43.315071],[-5.873793,43.3150599],[-5.8737865,43.3150488],[-5.8737827,43.3150378],[-5.8737819,43.3150277],[-5.8737833,43.3150191],[-5.8737886,43.3150016],[-5.8737916,43.3149896],[-5.8737997,43.3149482],[-5.8738037,43.314931],[-5.8738126,43.3149017],[-5.8738165,43.3148934],[-5.8738278,43.3148789],[-5.8738314,43.3148707],[-5.8738341,43.314861],[-5.8738389,43.3148405],[-5.8738415,43.3148311],[-5.8738427,43.3148252],[-5.873843,43.3148191],[-5.8738422,43.3148123],[-5.8738403,43.3148033],[-5.8738375,43.3147931],[-5.8738342,43.3147827],[-5.8738301,43.3147724],[-5.8738254,43.3147626],[-5.8738198,43.3147538],[-5.8738154,43.3147485],[-5.8738097,43.3147425],[-5.8738039,43.3147377],[-5.8737982,43.3147344],[-5.8737943,43.3147332],[-5.8737907,43.3147329],[-5.8737859,43.3147343],[-5.8737821,43.3147371],[-5.8737786,43.3147402],[-5.8737747,43.3147425],[-5.8737699,43.3147432],[-5.8737621,43.3147405],[-5.8737527,43.3147345],[-5.8737422,43.3147263],[-5.8737239,43.3147102],[-5.8737149,43.3147028],[-5.8737028,43.3146934],[-5.8736938,43.3146876],[-5.8736842,43.3146822],[-5.8736655,43.3146731],[-5.8736531,43.314668],[-5.8736284,43.3146589],[-5.8736203,43.3146555],[-5.8736042,43.3146481],[-5.873592,43.3146413],[-5.8735672,43.3146265],[-5.8735565,43.3146206],[-5.8735325,43.3146083],[-5.8734807,43.3145836],[-5.8734376,43.3145643],[-5.8734199,43.3145557],[-5.8734035,43.3145469],[-5.8733889,43.3145383],[-5.8733717,43.3145269],[-5.8733643,43.3145224],[-5.8733569,43.3145184],[-5.8733439,43.3145126],[-5.8733322,43.314507],[-5.8733229,43.3145016],[-5.8732976,43.3144852],[-5.8732915,43.3144817],[-5.8732853,43.314479],[-5.8732618,43.3144719],[-5.8732536,43.314468],[-5.8732484,43.3144644],[-5.8732436,43.31446],[-5.8732376,43.314453],[-5.8732297,43.3144417],[-5.8732226,43.3144293],[-5.8732166,43.3144166],[-5.8732127,43.3144063],[-5.8732092,43.3143956],[-5.873202,43.3143775],[-5.8731986,43.31437],[-5.8731944,43.3143627],[-5.8731894,43.3143552],[-5.8731837,43.3143484],[-5.8731749,43.3143409],[-5.8731669,43.3143357],[-5.8731588,43.3143323],[-5.8731511,43.3143316],[-5.8731451,43.3143336],[-5.8731396,43.3143375],[-5.8731287,43.3143476],[-5.8731229,43.3143522],[-5.8731166,43.3143558],[-5.8731133,43.3143571],[-5.8731089,43.3143583],[-5.8731,43.3143591],[-5.8730868,43.3143578],[-5.8730814,43.3143576],[-5.8730672,43.3143587],[-5.8730578,43.3143605],[-5.8730494,43.3143643],[-5.873043,43.3143708],[-5.873038,43.3143793],[-5.873029,43.3143994],[-5.8730235,43.3144094],[-5.8730082,43.31443],[-5.8729867,43.3144644],[-5.8729833,43.3144716],[-5.8729814,43.3144786],[-5.8729788,43.3144927],[-5.8729746,43.3145033],[-5.872968,43.3145138],[-5.8729591,43.3145235],[-5.8729478,43.3145315],[-5.8729371,43.3145358],[-5.8729244,43.3145394],[-5.8729078,43.314543],[-5.8728903,43.3145456],[-5.8728529,43.314549],[-5.872822,43.314553],[-5.872803,43.3145547],[-5.8728011,43.3145556],[-5.8727972,43.3145551],[-5.8727934,43.3145526],[-5.8727889,43.3145487],[-5.872784,43.3145431],[-5.87278,43.314537],[-5.8727765,43.3145299],[-5.8727724,43.3145184],[-5.8727703,43.3145057],[-5.872771,43.3144903],[-5.8727752,43.3144746],[-5.8727824,43.3144595],[-5.8727921,43.3144456],[-5.872804,43.3144335],[-5.872817,43.3144241],[-5.8728301,43.3144163],[-5.8728387,43.3144118],[-5.8728473,43.3144082],[-5.8728604,43.3144041],[-5.8728727,43.3144009],[-5.8728835,43.3143971],[-5.8728907,43.3143927],[-5.8728956,43.3143873],[-5.8728977,43.314381],[-5.8728968,43.3143749],[-5.8728938,43.3143684],[-5.8728893,43.3143615],[-5.8728833,43.3143545],[-5.8728727,43.3143444],[-5.8728604,43.3143346],[-5.8728509,43.3143277],[-5.872841,43.3143213],[-5.8728325,43.3143165],[-5.8728105,43.3143053],[-5.8727976,43.3142994],[-5.87279,43.3142965],[-5.8727828,43.3142942],[-5.8727707,43.3142923],[-5.8727598,43.314294],[-5.8727501,43.3142987],[-5.8727426,43.3143059],[-5.8727384,43.3143131],[-5.8727353,43.314321],[-5.8727327,43.3143297],[-5.8727276,43.3143508],[-5.8727247,43.3143593]],[[-5.8802319,43.3141704],[-5.8802219,43.3141741],[-5.8802117,43.3141774],[-5.8801929,43.3141825],[-5.8801611,43.3141901],[-5.8801439,43.3141947],[-5.880127,43.3141997],[-5.880096,43.3142096],[-5.8800704,43.3142172],[-5.88006,43.3142208],[-5.8800476,43.3142262],[-5.8800233,43.3142389],[-5.8799991,43.3142532],[-5.879987,43.3142597],[-5.8799803,43.3142626],[-5.8799733,43.3142649],[-5.8799585,43.3142678],[-5.8799124,43.3142744],[-5.8798961,43.3142772],[-5.8798382,43.3142882],[-5.8798234,43.3142913],[-5.8797939,43.3142985],[-5.8797778,43.314302],[-5.8797688,43.3143034],[-5.8797438,43.3143064],[-5.8797293,43.3143089],[-5.879715,43.3143128],[-5.8796829,43.314323],[-5.8796421,43.3143367],[-5.8796261,43.3143415],[-5.8795955,43.31435],[-5.8795773,43.3143543],[-5.8795281,43.3143642],[-5.8795085,43.3143689],[-5.879499,43.3143717],[-5.8794759,43.314379],[-5.8794272,43.314396],[-5.8794025,43.3144037],[-5.8793809,43.3144109],[-5.8793677,43.3144148],[-5.8792987,43.3144343],[-5.8792895,43.3144372],[-5.8792599,43.3144467],[-5.8792172,43.3144614],[-5.879191,43.3144699],[-5.8791238,43.3144894],[-5.8790921,43.3144981],[-5.8790648,43.3145087],[-5.8790536,43.3145123],[-5.8790057,43.3145256],[-5.8789625,43.3145385],[-5.8789436,43.3145438],[-5.8788964,43.3145553],[-5.8788613,43.3145647],[-5.8787814,43.3145887],[-5.8787098,43.3146083],[-5.878701,43.314611],[-5.8786659,43.3146232],[-5.8786436,43.3146319],[-5.8786229,43.3146408],[-5.8785827,43.3146611],[-5.8785706,43.3146661],[-5.8785577,43.3146706],[-5.8785178,43.3146826],[-5.8785097,43.3146846],[-5.8784864,43.3146895],[-5.8784517,43.3146978],[-5.8783406,43.3147272],[-5.8783112,43.3147363],[-5.8782367,43.3147606],[-5.8782045,43.3147723],[-5.8781913,43.3147777],[-5.878183,43.3147815],[-5.8781674,43.3147901],[-5.8781602,43.3147949],[-5.8781497,43.3148024],[-5.8781401,43.3148103],[-5.8781307,43.3148193],[-5.8781223,43.3148283],[-5.8781137,43.3148382],[-5.8781076,43.314848],[-5.8781055,43.3148548],[-5.878105,43.3148608],[-5.8781064,43.3148698],[-5.8781083,43.314875],[-5.8781109,43.3148799],[-5.8781141,43.3148846],[-5.8781178,43.3148891],[-5.8781297,43.3149017],[-5.8781395,43.3149103],[-5.8781483,43.3149175],[-5.8781579,43.3149272],[-5.8781616,43.3149303],[-5.8781653,43.3149323],[-5.8781696,43.3149337],[-5.878175,43.3149347],[-5.8781966,43.3149367],[-5.878208,43.3149364],[-5.878222,43.3149336],[-5.8782367,43.3149285],[-5.8782452,43.3149247],[-5.8782534,43.3149203],[-5.8782631,43.3149143],[-5.8782742,43.3149057],[-5.8782832,43.3148964],[-5.8782888,43.3148878],[-5.8782922,43.3148788],[-5.8782964,43.3148623],[-5.8782992,43.3148555],[-5.8783026,43.314849],[-5.8783071,43.3148429],[-5.8783132,43.3148376],[-5.8783204,43.3148329],[-5.8783295,43.3148284],[-5.8783358,43.3148257],[-5.8783422,43.3148235],[-5.8783553,43.3148203],[-5.8783618,43.3148193],[-5.878368,43.3148188],[-5.8783739,43.3148189],[-5.8783847,43.314821],[-5.8783892,43.3148229],[-5.8783932,43.3148254],[-5.8784033,43.3148328],[-5.8784101,43.3148371],[-5.8784179,43.3148405],[-5.8784247,43.3148421],[-5.8784318,43.3148427],[-5.878439,43.3148424],[-5.8784453,43.3148413],[-5.8784587,43.3148376],[-5.8784736,43.3148323],[-5.8784911,43.3148251],[-5.8785543,43.3147966],[-5.8785777,43.3147865],[-5.8786125,43.3147725],[-5.8786402,43.3147622],[-5.8786556,43.3147568],[-5.8786709,43.3147518],[-5.8786838,43.314748],[-5.8787267,43.3147359],[-5.8787588,43.3147278],[-5.8787883,43.3147185],[-5.8788079,43.3147118],[-5.8788302,43.3147025],[-5.8788638,43.3146854],[-5.8788839,43.3146765],[-5.8789036,43.3146669],[-5.878944,43.3146492],[-5.8789815,43.3146341],[-5.8790224,43.3146204],[-5.8790336,43.3146161],[-5.8790566,43.3146057],[-5.8790738,43.3145985],[-5.8790921,43.3145904],[-5.8791181,43.314578],[-5.87915,43.3145636],[-5.8791813,43.3145515],[-5.879206,43.3145427],[-5.8792403,43.3145316],[-5.8792931,43.314515],[-5.8793401,43.3145023],[-5.8794126,43.3144842],[-5.8794528,43.3144739],[-5.8795121,43.3144565],[-5.8796102,43.3144287],[-5.8796381,43.3144213],[-5.8796741,43.3144124],[-5.8796899,43.314408],[-5.8798393,43.3143653],[-5.8798569,43.3143606],[-5.8799113,43.3143469],[-5.8799702,43.3143309],[-5.8801078,43.3142947],[-5.8801905,43.3142748],[-5.8802171,43.3142688],[-5.8802483,43.3142621],[-5.8802777,43.3142548],[-5.8803048,43.3142472],[-5.880338,43.3142374],[-5.8803938,43.3142205],[-5.8804494,43.3142028],[-5.8804797,43.3141943],[-5.8805062,43.3141875],[-5.8805238,43.3141834],[-5.880649,43.3141556],[-5.8807419,43.3141362],[-5.8807612,43.3141314],[-5.8807887,43.3141231],[-5.8808429,43.3141043],[-5.8808703,43.3140959],[-5.8808847,43.3140921],[-5.8809012,43.3140882],[-5.8809762,43.3140719],[-5.8809975,43.314067],[-5.8810179,43.3140616],[-5.8810794,43.3140429],[-5.8811052,43.314036],[-5.8811435,43.3140252],[-5.8812046,43.3140059],[-5.8812416,43.3139959],[-5.8812599,43.3139906],[-5.8812773,43.3139848],[-5.8813087,43.3139723],[-5.8814532,43.313919],[-5.8814994,43.3139022],[-5.8815244,43.3138944],[-5.8816141,43.3138702],[-5.8816827,43.3138541],[-5.8816926,43.313852],[-5.8817129,43.3138482],[-5.8817551,43.3138415],[-5.8817759,43.3138379],[-5.8817959,43.3138337],[-5.881835,43.3138231],[-5.8818587,43.3138171],[-5.8818856,43.3138111],[-5.8819151,43.3138053],[-5.8819585,43.3137949],[-5.881983,43.313788],[-5.8820219,43.3137761],[-5.8820431,43.313768],[-5.8820653,43.3137579],[-5.8820792,43.3137505],[-5.8820992,43.3137389],[-5.8821239,43.3137231],[-5.8821364,43.313716],[-5.8821492,43.3137097],[-5.8821558,43.3137071],[-5.8821628,43.313705],[-5.8821701,43.3137033],[-5.8821859,43.3137006],[-5.8822133,43.3136965],[-5.8822305,43.3136931],[-5.8822851,43.3136814],[-5.8823376,43.3136719],[-5.8823547,43.313668],[-5.8823643,43.3136656],[-5.8824075,43.3136536],[-5.8824222,43.3136493],[-5.8824852,43.3136291],[-5.8825214,43.3136181],[-5.882576,43.3136006],[-5.8826345,43.3135848],[-5.882651,43.31358],[-5.8826619,43.3135767],[-5.8826963,43.3135647],[-5.8827125,43.3135597],[-5.8827283,43.3135551],[-5.8827507,43.3135492],[-5.8827837,43.3135382],[-5.8828059,43.3135316],[-5.8828153,43.3135286],[-5.8828244,43.3135249],[-5.8828578,43.31351],[-5.8828731,43.3135049],[-5.8829038,43.3134961],[-5.8829542,43.3134798],[-5.8829721,43.3134747],[-5.8829981,43.3134688],[-5.8830372,43.313461],[-5.8831009,43.3134474],[-5.883116,43.3134446],[-5.8831258,43.3134432],[-5.8831644,43.313439],[-5.8831835,43.3134365],[-5.883193,43.3134347],[-5.8832115,43.3134301],[-5.8832294,43.3134244],[-5.8832466,43.313418],[-5.8832741,43.3134063],[-5.883295,43.3133962],[-5.8833108,43.3133902],[-5.8833649,43.3133715],[-5.8834063,43.3133592],[-5.8834232,43.3133536],[-5.8834402,43.3133474],[-5.883479,43.3133321],[-5.8834891,43.3133285],[-5.883537,43.3133128],[-5.8835595,43.3133049],[-5.8835751,43.313299],[-5.8836045,43.3132869],[-5.883618,43.3132807],[-5.8836504,43.3132638],[-5.8836622,43.3132591],[-5.8836732,43.3132567],[-5.883685,43.3132554],[-5.8837162,43.3132537],[-5.8837289,43.3132523],[-5.8837413,43.3132501],[-5.883754,43.3132466],[-5.8837661,43.3132422],[-5.8837835,43.3132348],[-5.8837955,43.3132284],[-5.8838074,43.3132208],[-5.8838162,43.3132127],[-5.8838192,43.3132083],[-5.8838209,43.3132038],[-5.8838211,43.3131978],[-5.8838189,43.3131913],[-5.8838139,43.3131841],[-5.8838077,43.3131773],[-5.8838002,43.3131703],[-5.8837925,43.3131642],[-5.8837841,43.3131582],[-5.8837705,43.3131497],[-5.8837568,43.3131422],[-5.8837438,43.3131362],[-5.8837296,43.3131308],[-5.8837229,43.3131286],[-5.8837204,43.3131281],[-5.8837208,43.3131278],[-5.8837136,43.3131315],[-5.8837068,43.3131339],[-5.8836963,43.3131365],[-5.8836514,43.3131439],[-5.8836327,43.3131482],[-5.8836166,43.3131531],[-5.8835965,43.3131605],[-5.8835501,43.3131823],[-5.883535,43.3131886],[-5.8835196,43.3131941],[-5.8835049,43.3131985],[-5.8834759,43.3132065],[-5.8834623,43.3132107],[-5.8834509,43.3132149],[-5.8834281,43.313224],[-5.8834167,43.313229],[-5.8834073,43.313234],[-5.8833917,43.3132437],[-5.8833603,43.3132664],[-5.8833519,43.3132719],[-5.8833384,43.3132787],[-5.8833231,43.3132841],[-5.8833064,43.313288],[-5.8832896,43.3132901],[-5.8832721,43.313291],[-5.8832551,43.3132913],[-5.8831961,43.3132904],[-5.883167,43.3132904],[-5.8831554,43.313291],[-5.8831438,43.3132921],[-5.8831323,43.3132937],[-5.8831173,43.3132971],[-5.8831028,43.3133016],[-5.8830891,43.3133071],[-5.8830784,43.3133123],[-5.8830682,43.313318],[-5.8830566,43.313325],[-5.8830383,43.3133368],[-5.8830237,43.3133453],[-5.8830158,43.313349],[-5.8830099,43.3133513],[-5.8829968,43.3133554],[-5.8829831,43.3133586],[-5.8829694,43.3133606],[-5.8829378,43.3133635],[-5.8829233,43.3133658],[-5.8829093,43.3133693],[-5.8828717,43.3133824],[-5.8828592,43.3133858],[-5.8828502,43.3133877],[-5.8828343,43.3133899],[-5.8828025,43.3133926],[-5.8827865,43.3133932],[-5.8827494,43.3133934],[-5.8827312,43.3133948],[-5.8827137,43.3133975],[-5.8826974,43.3134015],[-5.8826832,43.3134067],[-5.8826712,43.3134131],[-5.8826604,43.3134198],[-5.8826416,43.3134306],[-5.8826337,43.3134365],[-5.8826277,43.3134432],[-5.8826178,43.3134566],[-5.8826127,43.3134624],[-5.882604,43.3134707],[-5.8825948,43.3134783],[-5.8825605,43.3135005],[-5.8825511,43.3135052],[-5.882545,43.3135075],[-5.8825383,43.3135093],[-5.8825304,43.3135107],[-5.8825219,43.3135116],[-5.8825083,43.3135121],[-5.8824955,43.3135115],[-5.8824828,43.3135102],[-5.8824595,43.3135074],[-5.8824502,43.3135069],[-5.8824418,43.313507],[-5.8824352,43.3135081],[-5.8824297,43.3135102],[-5.8824253,43.3135134],[-5.8824079,43.3135339],[-5.8823963,43.3135451],[-5.8823899,43.3135498],[-5.8823843,43.3135529],[-5.8823748,43.313557],[-5.8823643,43.3135608],[-5.8823419,43.3135677],[-5.8823269,43.3135713],[-5.8823195,43.3135724],[-5.8823109,43.3135731],[-5.8822833,43.3135746],[-5.8822194,43.3135767],[-5.8821851,43.3135791],[-5.8821681,43.3135795],[-5.8821572,43.3135789],[-5.8821466,43.3135777],[-5.8821131,43.3135727],[-5.8821008,43.313572],[-5.8820885,43.3135725],[-5.8820736,43.313575],[-5.8820596,43.3135792],[-5.8820466,43.3135849],[-5.8820367,43.3135905],[-5.8820292,43.3135952],[-5.8820221,43.3136004],[-5.8820144,43.3136074],[-5.8819973,43.313625],[-5.8819789,43.3136424],[-5.8819695,43.3136504],[-5.8819625,43.3136553],[-5.8819555,43.3136595],[-5.8819392,43.3136677],[-5.881933,43.3136712],[-5.8819196,43.3136796],[-5.881911,43.313684],[-5.8818972,43.3136887],[-5.8818895,43.3136907],[-5.8818773,43.3136932],[-5.8818505,43.3136982],[-5.8818362,43.3137016],[-5.8818236,43.3137051],[-5.8818113,43.313709],[-5.8818035,43.313712],[-5.8817645,43.3137283],[-5.8817501,43.3137333],[-5.881737,43.3137373],[-5.8817111,43.3137444],[-5.8816967,43.313749],[-5.8816401,43.3137697],[-5.8816263,43.3137735],[-5.8816005,43.3137795],[-5.8815893,43.3137824],[-5.8815695,43.3137892],[-5.8815558,43.3137927],[-5.8815193,43.3138009],[-5.8814867,43.3138078],[-5.8814702,43.313811],[-5.8814124,43.3138203],[-5.8813933,43.3138245],[-5.8813748,43.3138292],[-5.8813445,43.3138375],[-5.881301,43.3138502],[-5.8812843,43.3138544],[-5.8812718,43.3138568],[-5.8812203,43.3138647],[-5.8812101,43.3138671],[-5.8812002,43.3138702],[-5.8811906,43.3138738],[-5.8811752,43.3138804],[-5.8811601,43.3138862],[-5.8811355,43.3138951],[-5.8810896,43.3139102],[-5.8810632,43.31392],[-5.8810404,43.3139278],[-5.8810267,43.313932],[-5.8810155,43.3139349],[-5.8809974,43.3139388],[-5.8809879,43.3139402],[-5.8809604,43.313943],[-5.8809434,43.3139452],[-5.8809174,43.3139494],[-5.8808915,43.3139543],[-5.8808534,43.3139599],[-5.88084,43.3139628],[-5.8808273,43.3139664],[-5.8808046,43.3139738],[-5.880783,43.31398],[-5.8807718,43.3139826],[-5.8807471,43.3139868],[-5.8807071,43.3139962],[-5.8806987,43.3139986],[-5.8806862,43.3140037],[-5.8806742,43.3140099],[-5.8806654,43.3140149],[-5.8806573,43.31402],[-5.8806509,43.3140244],[-5.8806452,43.314029],[-5.8806402,43.3140342],[-5.8806153,43.3140624],[-5.88061,43.3140677],[-5.8806044,43.3140724],[-5.8805997,43.3140754],[-5.8805943,43.314078],[-5.8805882,43.3140801],[-5.8805778,43.3140823],[-5.8805673,43.3140835],[-5.880556,43.3140842],[-5.8805269,43.3140852],[-5.880516,43.3140861],[-5.8805051,43.3140872],[-5.8804926,43.3140891],[-5.8804804,43.3140917],[-5.880468,43.3140954],[-5.8804415,43.3141047],[-5.8804142,43.3141135],[-5.8803891,43.3141203],[-5.8803359,43.3141337],[-5.8803004,43.3141438],[-5.8802862,43.3141484],[-5.8802726,43.3141533],[-5.8802319,43.3141704]],[[-5.8840121,43.3131949],[-5.8840254,43.3131918],[-5.884049,43.3131839],[-5.8840753,43.3131738],[-5.8841043,43.3131623],[-5.8841162,43.3131572],[-5.8841236,43.3131536],[-5.8841302,43.3131498],[-5.8841359,43.3131459],[-5.8841432,43.3131391],[-5.8841494,43.3131323],[-5.8841558,43.313126],[-5.8841609,43.3131224],[-5.8841669,43.3131194],[-5.8841746,43.3131171],[-5.8841832,43.3131154],[-5.8842055,43.3131119],[-5.884222,43.3131087],[-5.8842814,43.3130944],[-5.8843605,43.3130782],[-5.8844015,43.3130687],[-5.8844705,43.313052],[-5.8845056,43.3130439],[-5.8845632,43.313032],[-5.8846119,43.3130228],[-5.8846357,43.313019],[-5.8846474,43.3130174],[-5.8846646,43.3130159],[-5.8846812,43.3130156],[-5.8846994,43.313017],[-5.8847158,43.3130199],[-5.8847296,43.3130236],[-5.884746,43.3130296],[-5.8847513,43.313031],[-5.8847564,43.3130316],[-5.8847638,43.3130316],[-5.8847674,43.313031],[-5.88477,43.3130296],[-5.8847716,43.3130277],[-5.8847752,43.3130191],[-5.8847763,43.3130146],[-5.8847773,43.3130135],[-5.8847805,43.3130117],[-5.8847868,43.3130106],[-5.8847945,43.3130113],[-5.8848006,43.3130136],[-5.8848061,43.3130172],[-5.8848095,43.3130202],[-5.8848348,43.3130461],[-5.884855,43.3130681],[-5.8848653,43.3130783],[-5.8848765,43.3130882],[-5.8848885,43.3130976],[-5.8849027,43.3131069],[-5.8849181,43.3131145],[-5.8849321,43.3131193],[-5.8849467,43.3131224],[-5.8849659,43.3131236],[-5.8849851,43.3131219],[-5.8850036,43.3131176],[-5.8850176,43.3131124],[-5.8850312,43.3131061],[-5.8850636,43.3130901],[-5.8850809,43.3130828],[-5.8850982,43.3130772],[-5.8851164,43.3130725],[-5.8851966,43.3130553],[-5.8852159,43.3130521],[-5.8852353,43.3130497],[-5.8852546,43.3130482],[-5.8852735,43.3130477],[-5.8852917,43.3130482],[-5.8853088,43.3130501],[-5.8853243,43.3130536],[-5.885338,43.3130589],[-5.8853501,43.3130655],[-5.885361,43.3130726],[-5.8853697,43.3130787],[-5.8853771,43.3130849],[-5.8853823,43.3130913],[-5.8853847,43.313098],[-5.8853841,43.3131065],[-5.8853798,43.3131198],[-5.8853783,43.3131253],[-5.8853767,43.3131403],[-5.8853762,43.31316],[-5.8853747,43.3131768],[-5.8853745,43.3131835],[-5.8853754,43.3131996],[-5.8853771,43.3132088],[-5.8853814,43.3132202],[-5.8853879,43.3132311],[-5.885394,43.3132387],[-5.8854208,43.3132672],[-5.8854322,43.313283],[-5.885443,43.3132962],[-5.8854481,43.3133033],[-5.8854524,43.3133114],[-5.885455,43.31332],[-5.8854557,43.3133288],[-5.8854533,43.3133403],[-5.8854495,43.3133512],[-5.8854445,43.3133627],[-5.885431,43.3133914],[-5.8854264,43.3134042],[-5.8854226,43.3134174],[-5.8854197,43.313431],[-5.8854175,43.3134447],[-5.885416,43.3134583],[-5.8854142,43.3134869],[-5.8854125,43.3135008],[-5.885409,43.3135152],[-5.8854044,43.313529],[-5.8854,43.3135394],[-5.8853949,43.313549],[-5.8853884,43.313558],[-5.8853813,43.3135658],[-5.8853696,43.3135765],[-5.8853654,43.3135811],[-5.8853627,43.3135863],[-5.8853616,43.3135911],[-5.8853608,43.313597],[-5.8853617,43.3136002],[-5.8853652,43.3136027],[-5.8853706,43.3136043],[-5.8853831,43.3136051],[-5.88539,43.3136062],[-5.8853963,43.3136085],[-5.8854011,43.3136125],[-5.8854036,43.3136191],[-5.8854036,43.3136276],[-5.8854017,43.3136374],[-5.8853983,43.3136481],[-5.8853954,43.3136555],[-5.8853871,43.3136747],[-5.8853816,43.3136856],[-5.8853759,43.3136951],[-5.8853678,43.313706],[-5.8853651,43.3137109],[-5.8853634,43.3137162],[-5.885363,43.3137222],[-5.8853634,43.3137286],[-5.8853685,43.3137601],[-5.8853699,43.3137909],[-5.885371,43.3137977],[-5.8853725,43.313804],[-5.8853748,43.3138105],[-5.8853778,43.3138163],[-5.8853818,43.3138219],[-5.8853949,43.3138384],[-5.8854007,43.3138474],[-5.8854029,43.3138526],[-5.8853946,43.3138512],[-5.8853982,43.3138596],[-5.8853993,43.3138608],[-5.8854002,43.3138609],[-5.8854019,43.3138601],[-5.8854048,43.3138579],[-5.8854065,43.3138641],[-5.8854089,43.3138815],[-5.8854107,43.3138888],[-5.8854149,43.3139029],[-5.8854163,43.3139167],[-5.8854173,43.3139223],[-5.8854265,43.3139514],[-5.8854296,43.3139632],[-5.8854321,43.3139754],[-5.8854336,43.3139877],[-5.8854347,43.3140102],[-5.8854346,43.3140213],[-5.8854332,43.3140401],[-5.8854329,43.3140571],[-5.8854316,43.3140665],[-5.885429,43.3140742],[-5.8854237,43.3140826],[-5.8854229,43.314085],[-5.8854232,43.3140869],[-5.8854246,43.314089],[-5.8854276,43.3140912],[-5.885432,43.3140933],[-5.8854397,43.314096],[-5.8854565,43.3140999],[-5.8854644,43.3141024],[-5.8854724,43.314106],[-5.8854888,43.3141144],[-5.8855192,43.3141269],[-5.8855279,43.3141309],[-5.885536,43.3141353],[-5.8855434,43.3141406],[-5.8855491,43.3141466],[-5.8855527,43.3141532],[-5.8855539,43.3141584],[-5.885554,43.3141635],[-5.8855526,43.3141692],[-5.8855496,43.3141742],[-5.8855448,43.3141781],[-5.885535,43.3141811],[-5.8855222,43.3141818],[-5.8855075,43.3141806],[-5.8854954,43.3141787],[-5.8854691,43.3141739],[-5.8854549,43.3141718],[-5.8854401,43.3141701],[-5.885425,43.3141688],[-5.8853889,43.3141669],[-5.8853573,43.3141661],[-5.885317,43.3141644],[-5.8852791,43.314164],[-5.8852605,43.3141634],[-5.8852422,43.3141618],[-5.8852247,43.3141589],[-5.8852073,43.314154],[-5.8851633,43.3141381],[-5.8851525,43.3141346],[-5.8851381,43.3141309],[-5.8851269,43.3141289],[-5.8851158,43.3141276],[-5.8851009,43.3141269],[-5.8850871,43.3141273],[-5.8850672,43.3141296],[-5.8850567,43.3141303],[-5.8850434,43.3141295],[-5.8850292,43.3141271],[-5.8850153,43.3141236],[-5.884986,43.314115],[-5.8849583,43.3141079],[-5.8849232,43.3141001],[-5.8848921,43.3140946],[-5.8848784,43.3140918],[-5.8848639,43.3140876],[-5.8848498,43.3140823],[-5.8848221,43.3140706],[-5.8848081,43.3140658],[-5.8847967,43.3140633],[-5.8847853,43.3140617],[-5.8847617,43.3140588],[-5.8847532,43.3140579],[-5.8847443,43.3140576],[-5.8847347,43.3140579],[-5.8847205,43.3140589],[-5.8846513,43.3140678],[-5.8846372,43.3140699],[-5.8845694,43.3140832],[-5.884552,43.3140868],[-5.8845351,43.3140909],[-5.8845154,43.3140968],[-5.8844799,43.3141087],[-5.8844671,43.3141126],[-5.8844552,43.3141156],[-5.8844416,43.3141183],[-5.8844297,43.3141212],[-5.8844219,43.3141246],[-5.8844152,43.3141288],[-5.8844101,43.3141337],[-5.8844058,43.3141404],[-5.8844027,43.3141466],[-5.8843986,43.3141515],[-5.8843951,43.3141533],[-5.8843908,43.3141544],[-5.8843846,43.3141546],[-5.8843781,43.3141535],[-5.8843606,43.3141488],[-5.8843493,43.3141453],[-5.8843281,43.3141376],[-5.8843185,43.3141344],[-5.8843084,43.3141322],[-5.8842972,43.3141307],[-5.8842725,43.3141284],[-5.8842565,43.3141263],[-5.8842419,43.3141231],[-5.8842272,43.3141194],[-5.8842117,43.3141162],[-5.8841964,43.3141142],[-5.8841805,43.3141131],[-5.8841644,43.3141128],[-5.8841483,43.314113],[-5.8841193,43.3141143],[-5.8841064,43.3141146],[-5.884094,43.314114],[-5.8840768,43.3141125],[-5.8840649,43.3141119],[-5.8840542,43.3141125],[-5.8840448,43.3141142],[-5.8840375,43.3141167],[-5.884033,43.3141197],[-5.8840319,43.3141227],[-5.8840334,43.3141254],[-5.8840369,43.3141274],[-5.8840417,43.3141283],[-5.8840536,43.3141292],[-5.8840593,43.3141305],[-5.8840663,43.3141342],[-5.884078,43.3141422],[-5.8840966,43.3141539],[-5.8841025,43.3141582],[-5.8841066,43.3141621],[-5.8841104,43.3141669],[-5.8841143,43.3141734],[-5.884124,43.3141966],[-5.8841287,43.3142107],[-5.884134,43.3142288],[-5.884136,43.3142393],[-5.8841363,43.3142442],[-5.8841359,43.3142549],[-5.8841339,43.3142659],[-5.8841305,43.3142771],[-5.8841238,43.3142913],[-5.8841149,43.3143052],[-5.8841063,43.3143164],[-5.884097,43.3143273],[-5.8840877,43.3143375],[-5.8840768,43.314348],[-5.8840652,43.3143581],[-5.8840532,43.3143678],[-5.8840396,43.3143779],[-5.8840256,43.314387],[-5.8840116,43.3143943],[-5.8839833,43.3144077],[-5.8839537,43.3144234],[-5.8839412,43.3144294],[-5.8839268,43.3144354],[-5.8839117,43.3144407],[-5.8838953,43.3144453],[-5.8838783,43.3144491],[-5.883861,43.314452],[-5.8838434,43.3144542],[-5.8837871,43.3144585],[-5.8837691,43.3144612],[-5.8837559,43.3144642],[-5.883743,43.3144679],[-5.8837281,43.3144729],[-5.8837136,43.3144784],[-5.8836996,43.3144844],[-5.8836859,43.3144909],[-5.8836712,43.3144999],[-5.8836622,43.3145073],[-5.8836543,43.3145155],[-5.8836474,43.3145241],[-5.8836395,43.3145361],[-5.8836335,43.3145485],[-5.8836305,43.314558],[-5.8836289,43.3145675],[-5.8836287,43.3145768],[-5.8836307,43.3145894],[-5.8836343,43.314601],[-5.8836426,43.3146227],[-5.8836548,43.3146425],[-5.8836576,43.3146478],[-5.8836611,43.314657],[-5.8836636,43.3146662],[-5.8836653,43.3146758],[-5.8836664,43.3146853],[-5.8836672,43.3146992],[-5.8836688,43.3147098],[-5.8836715,43.3147209],[-5.8836752,43.3147325],[-5.88368,43.3147441],[-5.8836953,43.3147749],[-5.883702,43.3147903],[-5.8837139,43.314822],[-5.8837193,43.3148382],[-5.8837241,43.3148545],[-5.8837284,43.3148709],[-5.8837319,43.3148868],[-5.883735,43.3149037],[-5.8837385,43.3149245],[-5.8837419,43.3149481],[-5.8837435,43.3149711],[-5.8837449,43.3149826],[-5.8837484,43.3149941],[-5.8837626,43.3150268],[-5.8837733,43.3150534],[-5.8837787,43.3150683],[-5.8837939,43.3151146],[-5.8837994,43.3151302],[-5.8838056,43.3151456],[-5.883811,43.3151575],[-5.8838279,43.3151903],[-5.8838345,43.3152021],[-5.8838419,43.3152139],[-5.8838537,43.3152296],[-5.8838765,43.3152574],[-5.883886,43.3152701],[-5.8838939,43.3152831],[-5.8838982,43.3152927],[-5.8839014,43.3153026],[-5.8839041,43.3153153],[-5.8839057,43.3153283],[-5.8839074,43.3153548],[-5.8839075,43.3153682],[-5.8839065,43.3153814],[-5.8839037,43.3153956],[-5.8838994,43.3154093],[-5.8838941,43.3154226],[-5.8838884,43.3154353],[-5.8838825,43.315447],[-5.8838769,43.315457],[-5.8838702,43.3154657],[-5.8838634,43.3154715],[-5.8838556,43.3154764],[-5.8838472,43.3154803],[-5.8838384,43.3154836],[-5.8838293,43.3154866],[-5.8838175,43.3154895],[-5.8838056,43.3154909],[-5.8837942,43.3154899],[-5.8837824,43.3154856],[-5.8837715,43.3154786],[-5.8837499,43.3154608],[-5.8837343,43.3154493],[-5.8837073,43.3154323],[-5.8836938,43.3154234],[-5.88368,43.3154126],[-5.8836675,43.315401],[-5.8836565,43.315389],[-5.8836508,43.3153819],[-5.8836457,43.3153748],[-5.883639,43.3153634],[-5.8836354,43.3153524],[-5.8836352,43.3153468],[-5.883636,43.3153412],[-5.8836411,43.3153196],[-5.8836432,43.3153077],[-5.8836443,43.3152954],[-5.8836441,43.3152851],[-5.8836422,43.3152744],[-5.8836388,43.3152636],[-5.8836345,43.3152529],[-5.8836295,43.3152422],[-5.8836243,43.315232],[-5.8836185,43.3152222],[-5.8836036,43.3152023],[-5.8835887,43.3151841],[-5.8835829,43.3151777],[-5.8835725,43.3151676],[-5.8835531,43.3151506],[-5.8835463,43.3151451],[-5.8835392,43.3151402],[-5.8835085,43.3151228],[-5.8834984,43.3151162],[-5.8834884,43.3151092],[-5.8834763,43.3150997],[-5.8834652,43.3150897],[-5.8834506,43.3150738],[-5.8834331,43.3150556],[-5.8834238,43.3150468],[-5.8834139,43.3150383],[-5.883404,43.3150307],[-5.8833844,43.3150169],[-5.8833695,43.3150075],[-5.8833538,43.3149986],[-5.8833129,43.3149769],[-5.8833014,43.3149703],[-5.8832916,43.3149642],[-5.8832831,43.3149579],[-5.8832761,43.3149514],[-5.8832712,43.3149442],[-5.8832685,43.314937],[-5.8832683,43.314928],[-5.8832719,43.3149109],[-5.8832737,43.3148983],[-5.8832791,43.3148766],[-5.8832824,43.3148557],[-5.8832851,43.3148461],[-5.883289,43.3148358],[-5.883294,43.3148249],[-5.8832997,43.3148137],[-5.8833187,43.3147805],[-5.8833241,43.3147697],[-5.8833325,43.3147507],[-5.8833398,43.3147379],[-5.8833485,43.3147252],[-5.8833707,43.3146967],[-5.883376,43.3146886],[-5.8833796,43.3146817],[-5.8833868,43.3146647],[-5.8833992,43.3146306],[-5.8834037,43.3146203],[-5.8834118,43.3146038],[-5.8834219,43.3145797],[-5.8834268,43.3145711],[-5.8834378,43.3145536],[-5.8834489,43.3145333],[-5.8834549,43.3145232],[-5.8834624,43.314513],[-5.8834713,43.3145036],[-5.8834814,43.3144957],[-5.8834901,43.3144906],[-5.8834993,43.3144864],[-5.8835076,43.3144831],[-5.8835157,43.3144804],[-5.8835371,43.3144738],[-5.883544,43.3144708],[-5.8835503,43.3144672],[-5.8835561,43.3144634],[-5.8835627,43.3144583],[-5.8835678,43.314453],[-5.8835708,43.3144477],[-5.8835705,43.314441],[-5.8835658,43.3144352],[-5.8835573,43.3144312],[-5.883546,43.3144296],[-5.8835357,43.31443],[-5.8835243,43.3144316],[-5.8834792,43.3144402],[-5.8834664,43.3144419],[-5.8834531,43.3144429],[-5.8834397,43.3144432],[-5.8834261,43.3144428],[-5.8834115,43.3144416],[-5.8833972,43.3144393],[-5.883378,43.314434],[-5.8833599,43.3144271],[-5.8833444,43.3144197],[-5.8833304,43.3144114],[-5.8833188,43.3144019],[-5.883311,43.3143921],[-5.8833057,43.3143817],[-5.8833029,43.314371],[-5.8833025,43.3143629],[-5.8833031,43.314355],[-5.8833054,43.3143456],[-5.8833098,43.314337],[-5.8833177,43.3143286],[-5.8833284,43.3143214],[-5.8833413,43.3143154],[-5.8833567,43.3143104],[-5.8833968,43.3143004],[-5.8834327,43.3142927],[-5.8834606,43.3142878],[-5.8834826,43.3142849],[-5.8835283,43.3142803],[-5.8835519,43.3142783],[-5.8835754,43.3142768],[-5.8835988,43.3142758],[-5.8836222,43.3142757],[-5.8836803,43.3142776],[-5.8837013,43.3142778],[-5.8837221,43.3142773],[-5.8837426,43.3142758],[-5.8837626,43.314273],[-5.8837817,43.3142688],[-5.8837969,43.3142644],[-5.8838139,43.3142589],[-5.8838305,43.3142528],[-5.8838466,43.314246],[-5.8838618,43.3142384],[-5.8838771,43.3142294],[-5.8838909,43.3142194],[-5.8839029,43.3142085],[-5.8839118,43.3141982],[-5.883919,43.3141873],[-5.8839244,43.314176],[-5.8839277,43.3141644],[-5.8839287,43.3141549],[-5.8839287,43.3141452],[-5.8839275,43.3141326],[-5.8839256,43.3141214],[-5.8839169,43.3140821],[-5.8839148,43.3140664],[-5.8839139,43.3140504],[-5.8839139,43.314018],[-5.8839154,43.3139749],[-5.8839169,43.3139542],[-5.8839183,43.3139424],[-5.8839203,43.3139308],[-5.8839241,43.313915],[-5.8839385,43.3138681],[-5.8839497,43.3138232],[-5.8839658,43.3137693],[-5.8839698,43.3137542],[-5.8839785,43.3137184],[-5.8839834,43.3137026],[-5.8839864,43.3136949],[-5.8839906,43.3136864],[-5.8839953,43.3136785],[-5.8840013,43.3136707],[-5.8840082,43.3136641],[-5.8840169,43.3136588],[-5.8840268,43.3136552],[-5.8840386,43.3136534],[-5.8840509,43.3136533],[-5.8840626,43.3136545],[-5.8840768,43.3136571],[-5.8840901,43.3136608],[-5.8841018,43.3136657],[-5.8841108,43.3136721],[-5.8841156,43.3136787],[-5.8841177,43.3136862],[-5.8841173,43.3136944],[-5.8841102,43.3137212],[-5.8841026,43.3137549],[-5.8841005,43.313762],[-5.8840981,43.3137683],[-5.8840922,43.3137788],[-5.8840874,43.3137844],[-5.8840817,43.3137897],[-5.8840714,43.3137984],[-5.8840676,43.3138021],[-5.8840641,43.3138067],[-5.8840621,43.3138115],[-5.8840617,43.3138169],[-5.8840635,43.3138254],[-5.8840683,43.3138343],[-5.8840769,43.3138436],[-5.8840881,43.313853],[-5.8840994,43.3138619],[-5.8841117,43.3138709],[-5.884125,43.3138797],[-5.8841393,43.3138878],[-5.8841549,43.3138951],[-5.8841712,43.3139015],[-5.8841986,43.3139111],[-5.8842096,43.3139143],[-5.8842252,43.3139179],[-5.8842409,43.3139201],[-5.8842562,43.3139208],[-5.8842744,43.3139189],[-5.8842838,43.3139166],[-5.8842953,43.3139123],[-5.8843061,43.3139068],[-5.8843184,43.3138991],[-5.8843437,43.3138807],[-5.8843573,43.3138713],[-5.884368,43.3138648],[-5.8843788,43.3138592],[-5.8843906,43.3138543],[-5.8843991,43.3138518],[-5.8844075,43.3138499],[-5.8844206,43.3138476],[-5.8844333,43.3138468],[-5.8844453,43.313848],[-5.8844575,43.3138526],[-5.8844686,43.3138596],[-5.8844772,43.3138667],[-5.884485,43.3138743],[-5.8845017,43.3138932],[-5.8845069,43.3138979],[-5.8845132,43.3139018],[-5.8845208,43.3139051],[-5.8845297,43.3139081],[-5.8845397,43.3139108],[-5.8845569,43.3139147],[-5.8845749,43.3139187],[-5.8846308,43.3139296],[-5.8846492,43.3139337],[-5.8846788,43.3139416],[-5.8847048,43.3139492],[-5.8847161,43.3139529],[-5.8847279,43.3139572],[-5.8847392,43.3139618],[-5.8847621,43.3139719],[-5.8847867,43.3139839],[-5.8847967,43.3139878],[-5.8848064,43.3139903],[-5.8848174,43.313992],[-5.8848292,43.3139931],[-5.8848607,43.3139951],[-5.8848775,43.3139965],[-5.8848946,43.3139986],[-5.8849142,43.314002],[-5.8849516,43.3140097],[-5.884962,43.3140115],[-5.8849719,43.3140129],[-5.8849844,43.3140138],[-5.8849977,43.3140124],[-5.8850035,43.3140105],[-5.885008,43.3140077],[-5.8850123,43.3140003],[-5.8850127,43.3139907],[-5.8850101,43.3139796],[-5.8850052,43.3139676],[-5.885001,43.3139597],[-5.8849962,43.3139518],[-5.8849877,43.3139393],[-5.8849612,43.313908],[-5.8849533,43.3138971],[-5.8849473,43.313885],[-5.8849434,43.3138719],[-5.884941,43.3138585],[-5.88494,43.3138448],[-5.8849408,43.3138313],[-5.884944,43.3138176],[-5.8849536,43.3137916],[-5.8849567,43.3137815],[-5.8849581,43.3137716],[-5.8849572,43.3137629],[-5.8849544,43.3137542],[-5.8849499,43.3137456],[-5.8849411,43.3137337],[-5.8849302,43.3137223],[-5.884918,43.3137116],[-5.8848992,43.3136963],[-5.8848875,43.3136846],[-5.884878,43.3136719],[-5.8848714,43.3136587],[-5.8848695,43.3136516],[-5.8848685,43.3136447],[-5.8848684,43.3136379],[-5.8848709,43.3136253],[-5.8848742,43.3136177],[-5.8848787,43.3136104],[-5.8849001,43.3135811],[-5.8849121,43.3135623],[-5.8849223,43.3135448],[-5.8849287,43.3135367],[-5.8849396,43.3135276],[-5.8849529,43.313519],[-5.8850115,43.3134859],[-5.8850338,43.3134753],[-5.8850437,43.3134703],[-5.8850515,43.3134653],[-5.8850574,43.3134602],[-5.8850607,43.3134551],[-5.8850609,43.3134494],[-5.885058,43.3134445],[-5.8850531,43.3134408],[-5.8850484,43.3134388],[-5.8850376,43.3134353],[-5.8850324,43.3134329],[-5.8850269,43.3134297],[-5.8850121,43.3134192],[-5.8850033,43.3134137],[-5.8849931,43.3134091],[-5.8849845,43.3134069],[-5.884975,43.3134055],[-5.8849579,43.313405],[-5.8849391,43.3134056],[-5.8848776,43.3134093],[-5.8848446,43.3134118],[-5.8848135,43.3134146],[-5.8847315,43.3134232],[-5.884718,43.3134244],[-5.8847048,43.313425],[-5.8846899,43.3134245],[-5.8846785,43.3134232],[-5.8846674,43.3134212],[-5.8846563,43.3134183],[-5.8846456,43.3134148],[-5.8846331,43.3134096],[-5.8846218,43.3134038],[-5.8846113,43.3133973],[-5.8845982,43.3133876],[-5.8845854,43.3133771],[-5.8845759,43.3133687],[-5.8845681,43.3133597],[-5.8845621,43.3133483],[-5.8845586,43.3133358],[-5.8845571,43.3133227],[-5.8845572,43.3133098],[-5.8845589,43.3132974],[-5.8845626,43.3132862],[-5.8845671,43.3132785],[-5.8845721,43.3132716],[-5.8845773,43.3132658],[-5.8845862,43.3132569],[-5.8845879,43.3132538],[-5.884588,43.3132508],[-5.8845842,43.3132462],[-5.8845765,43.3132425],[-5.8845675,43.3132399],[-5.8845472,43.3132349],[-5.8845365,43.313233],[-5.8845281,43.3132323],[-5.8845193,43.313232],[-5.8845058,43.3132323],[-5.8844932,43.3132338],[-5.8844841,43.313236],[-5.8844752,43.3132389],[-5.8844652,43.3132429],[-5.8844556,43.3132475],[-5.8844137,43.3132706],[-5.8844063,43.3132755],[-5.8843992,43.3132809],[-5.8843747,43.3133018],[-5.8843465,43.3133234],[-5.8843397,43.3133291],[-5.884334,43.3133351],[-5.8843289,43.3133449],[-5.8843283,43.3133556],[-5.8843309,43.3133627],[-5.8843355,43.31337],[-5.8843404,43.3133759],[-5.8843463,43.3133819],[-5.8843529,43.3133878],[-5.8843602,43.3133937],[-5.8843681,43.3133995],[-5.8843817,43.3134081],[-5.8843964,43.3134163],[-5.8844116,43.3134241],[-5.8844417,43.3134389],[-5.8844565,43.3134467],[-5.8844716,43.3134562],[-5.8844819,43.3134633],[-5.8844907,43.3134705],[-5.8844971,43.3134776],[-5.8845006,43.3134847],[-5.884501,43.3134914],[-5.8844989,43.3134975],[-5.8844954,43.3135028],[-5.8844922,43.3135063],[-5.884488,43.3135091],[-5.884483,43.3135109],[-5.8844769,43.3135121],[-5.8844647,43.3135124],[-5.8844502,43.3135112],[-5.8844272,43.3135082],[-5.8843607,43.3135013],[-5.8842944,43.3134939],[-5.8842727,43.3134918],[-5.8842515,43.3134904],[-5.8842167,43.3134888],[-5.8842012,43.3134874],[-5.8841724,43.3134843],[-5.8841421,43.313482],[-5.8840861,43.3134785],[-5.8840667,43.3134776],[-5.8840476,43.3134771],[-5.8840206,43.3134777],[-5.8839962,43.3134792],[-5.8839849,43.3134803],[-5.8839666,43.3134834],[-5.8839412,43.3134893],[-5.8839263,43.3134918],[-5.8839186,43.3134935],[-5.8839105,43.3134968],[-5.8839048,43.3135019],[-5.8839011,43.3135085],[-5.8838992,43.3135157],[-5.8838973,43.3135313],[-5.8838955,43.313539],[-5.8838923,43.3135458],[-5.8838881,43.313552],[-5.8838832,43.3135573],[-5.8838778,43.3135617],[-5.8838716,43.3135641],[-5.8838643,43.3135639],[-5.8838542,43.313561],[-5.8838301,43.3135506],[-5.8838158,43.3135457],[-5.8838007,43.3135424],[-5.8837845,43.3135406],[-5.8837699,43.3135402],[-5.8837384,43.3135409],[-5.8837046,43.3135424],[-5.8836995,43.3135424],[-5.8836953,43.3135421],[-5.883692,43.3135411],[-5.8836885,43.3135373],[-5.8836882,43.3135349],[-5.8836889,43.3135324],[-5.8836904,43.3135299],[-5.883699,43.3135202],[-5.8837009,43.3135168],[-5.8837027,43.3135113],[-5.8837038,43.3135052],[-5.8837057,43.3134985],[-5.8837102,43.31349],[-5.8837165,43.3134811],[-5.8837351,43.3134594],[-5.8837375,43.3134547],[-5.883736,43.3134502],[-5.8837305,43.3134474],[-5.8837247,43.3134469],[-5.8837177,43.3134476],[-5.8837075,43.3134501],[-5.8836671,43.3134628],[-5.8836207,43.3134792],[-5.8835761,43.3134946],[-5.8835315,43.3135108],[-5.8834818,43.3135284],[-5.8834258,43.3135493],[-5.8833659,43.3135702],[-5.8833103,43.313591],[-5.8832644,43.31361],[-5.8832236,43.3136275],[-5.883192,43.31364],[-5.8831566,43.3136531],[-5.8830776,43.3136806],[-5.8830415,43.3136941],[-5.8829982,43.3137116],[-5.8829617,43.3137271],[-5.8829266,43.3137409],[-5.8828619,43.313763],[-5.8828515,43.3137672],[-5.8828303,43.3137768],[-5.8828126,43.3137862],[-5.882796,43.313794],[-5.8827642,43.3138072],[-5.8827447,43.3138156],[-5.882734,43.3138197],[-5.8827223,43.3138238],[-5.8827083,43.3138281],[-5.8826938,43.3138317],[-5.8826805,43.3138346],[-5.8826527,43.3138399],[-5.8826194,43.3138456],[-5.8826042,43.3138489],[-5.8825646,43.3138585],[-5.8824994,43.3138715],[-5.8824199,43.3138885],[-5.8823918,43.313895],[-5.8822481,43.3139324],[-5.8822162,43.3139411],[-5.8821633,43.3139545],[-5.8820957,43.3139726],[-5.8820573,43.3139819],[-5.8819831,43.3139993],[-5.8819379,43.3140117],[-5.8819222,43.3140155],[-5.881876,43.3140277],[-5.8818616,43.3140313],[-5.8818235,43.3140401],[-5.881811,43.3140435],[-5.8817924,43.314049],[-5.8817533,43.3140617],[-5.8817144,43.3140737],[-5.8816953,43.314079],[-5.8816486,43.314091],[-5.8815706,43.3141119],[-5.8814949,43.3141334],[-5.881447,43.3141465],[-5.8814343,43.3141502],[-5.8814157,43.3141559],[-5.8813686,43.3141713],[-5.8813116,43.3141885],[-5.8812719,43.3142018],[-5.8812375,43.3142128],[-5.8812179,43.3142188],[-5.8811979,43.3142242],[-5.8811771,43.3142289],[-5.8811557,43.314233],[-5.8811339,43.3142367],[-5.8811119,43.3142398],[-5.881074,43.3142441],[-5.8810266,43.3142488],[-5.8809116,43.3142593],[-5.8807956,43.3142709],[-5.8807418,43.3142794],[-5.8807283,43.314282],[-5.8807076,43.3142873],[-5.8806936,43.3142913],[-5.8806804,43.3142955],[-5.8806712,43.3142989],[-5.8806585,43.3143045],[-5.8806189,43.3143234],[-5.8806095,43.3143286],[-5.8805994,43.3143348],[-5.8805897,43.3143413],[-5.8805746,43.3143521],[-5.8805641,43.3143586],[-5.8805527,43.3143645],[-5.8805367,43.3143712],[-5.8805218,43.3143765],[-5.880506,43.3143816],[-5.8804897,43.3143863],[-5.8804729,43.3143906],[-5.8804486,43.314396],[-5.8804096,43.3144038],[-5.8803314,43.3144175],[-5.8803139,43.3144199],[-5.8802967,43.3144217],[-5.8802793,43.3144231],[-5.880256,43.3144245],[-5.8802212,43.3144255],[-5.8801423,43.3144261],[-5.8801106,43.3144256],[-5.8800543,43.3144235],[-5.8800356,43.314423],[-5.8800171,43.314423],[-5.8799989,43.3144237],[-5.8799811,43.3144251],[-5.8799689,43.3144268],[-5.8799455,43.314431],[-5.879914,43.3144388],[-5.8798765,43.3144497],[-5.8798586,43.3144557],[-5.87982,43.3144707],[-5.8798072,43.314476],[-5.8797738,43.3144912],[-5.8797055,43.3145204],[-5.8796727,43.3145357],[-5.8796609,43.3145418],[-5.8796507,43.3145478],[-5.8796408,43.3145541],[-5.8796275,43.3145633],[-5.8796151,43.3145729],[-5.8796037,43.3145829],[-5.8795937,43.3145933],[-5.8795864,43.3146024],[-5.8795798,43.3146115],[-5.8795746,43.3146191],[-5.87957,43.3146267],[-5.8795644,43.3146382],[-5.879551,43.3146715],[-5.8795465,43.3146805],[-5.8795408,43.3146887],[-5.8795355,43.3146941],[-5.8795293,43.3146989],[-5.879517,43.3147057],[-5.8795105,43.3147085],[-5.8795038,43.3147106],[-5.8794969,43.3147122],[-5.8794846,43.3147133],[-5.8794719,43.3147128],[-5.8794662,43.3147119],[-5.8794575,43.31471],[-5.8794448,43.3147057],[-5.8794183,43.3146955],[-5.8794037,43.3146914],[-5.8793882,43.3146884],[-5.8793723,43.3146864],[-5.8793565,43.3146858],[-5.8793405,43.3146864],[-5.8793256,43.3146881],[-5.879314,43.3146902],[-5.879304,43.3146929],[-5.8792945,43.3146972],[-5.8792785,43.3147058],[-5.8792722,43.3147087],[-5.8792685,43.3147102],[-5.8792684,43.3147101],[-5.8792574,43.3147083],[-5.8792595,43.3147132],[-5.8792559,43.3147142],[-5.8792397,43.3147182],[-5.8792338,43.3147203],[-5.8792197,43.3147264],[-5.879188,43.3147387],[-5.8791796,43.314741],[-5.8791743,43.3147421],[-5.8791331,43.314749],[-5.8791165,43.3147526],[-5.8790994,43.3147568],[-5.879082,43.3147617],[-5.8790644,43.3147671],[-5.8790468,43.314773],[-5.8790222,43.3147817],[-5.8790042,43.3147885],[-5.8789866,43.3147957],[-5.8789698,43.3148034],[-5.8789601,43.3148083],[-5.8789214,43.314829],[-5.8788883,43.3148471],[-5.8788738,43.3148555],[-5.8788556,43.3148675],[-5.8788384,43.3148779],[-5.8788329,43.3148818],[-5.8788188,43.3148938],[-5.8788132,43.3148994],[-5.878804,43.3149108],[-5.8787958,43.3149193],[-5.878791,43.3149237],[-5.87878,43.3149327],[-5.8787709,43.3149389],[-5.8787608,43.314945],[-5.87875,43.3149509],[-5.8787353,43.3149582],[-5.8787184,43.3149657],[-5.878695,43.314975],[-5.8786818,43.3149797],[-5.8786455,43.3149915],[-5.8786273,43.314998],[-5.878611,43.3150029],[-5.8785748,43.3150128],[-5.8785507,43.3150198],[-5.8785236,43.3150262],[-5.8785144,43.3150288],[-5.8785052,43.3150319],[-5.8784879,43.3150384],[-5.8784554,43.3150498],[-5.8784301,43.3150584],[-5.8783765,43.3150759],[-5.8783586,43.3150811],[-5.8783495,43.3150833],[-5.8783169,43.31509],[-5.8782991,43.3150932],[-5.8782804,43.3150962],[-5.8782404,43.3151013],[-5.878173,43.315108],[-5.878111,43.3151147],[-5.8780364,43.315124],[-5.8780192,43.3151258],[-5.8779987,43.3151273],[-5.8779785,43.3151281],[-5.877939,43.315128],[-5.8779251,43.3151283],[-5.8778843,43.3151296],[-5.8778637,43.3151307],[-5.8778435,43.3151325],[-5.8778283,43.3151345],[-5.8777947,43.3151397],[-5.8777786,43.3151412],[-5.8777617,43.315142],[-5.8777249,43.3151431],[-5.8777061,43.3151443],[-5.8776905,43.315146],[-5.8776266,43.315155],[-5.8775629,43.3151634],[-5.8775421,43.3151665],[-5.8774989,43.3151749],[-5.8774521,43.3151826],[-5.8774302,43.3151865],[-5.877417,43.3151882],[-5.8773879,43.3151903],[-5.8773798,43.3151915],[-5.8773629,43.3151945],[-5.8773523,43.3151959],[-5.8773272,43.3151989],[-5.8772745,43.3152042],[-5.8772288,43.3152095],[-5.877203,43.3152131],[-5.8771472,43.3152214],[-5.8771273,43.3152242],[-5.8771071,43.3152263],[-5.8770038,43.3152346],[-5.8769832,43.3152359],[-5.8769628,43.3152368],[-5.8769184,43.3152376],[-5.8768774,43.3152387],[-5.8764919,43.315263],[-5.8764896,43.3152635],[-5.8764824,43.3152646],[-5.8764783,43.3152648],[-5.8764701,43.3152644],[-5.876461,43.3152632],[-5.8764514,43.3152613],[-5.8764417,43.315259],[-5.8764321,43.3152562],[-5.876423,43.3152532],[-5.8764148,43.31525],[-5.8764079,43.3152466],[-5.8764034,43.3152436],[-5.8764003,43.3152408],[-5.8763954,43.3152347],[-5.8763921,43.3152319],[-5.8763868,43.3152288],[-5.8763754,43.3152242],[-5.8763686,43.315221],[-5.8763611,43.3152168],[-5.8763539,43.3152118],[-5.8763473,43.3152063],[-5.8763421,43.3152003],[-5.8763381,43.3151931],[-5.8763367,43.3151866],[-5.8763375,43.3151831],[-5.876311,43.3151203],[-5.8763,43.315112],[-5.8762924,43.3151081],[-5.8762839,43.3151047],[-5.876275,43.3151019],[-5.8762621,43.3150986],[-5.8762484,43.3150958],[-5.8762339,43.3150935],[-5.8762171,43.3150917],[-5.8761942,43.31509],[-5.8761647,43.3150888],[-5.8761289,43.315088],[-5.8760752,43.3150874],[-5.876053,43.3150876],[-5.8759856,43.3150899],[-5.8759661,43.3150903],[-5.8759481,43.3150903],[-5.8759183,43.3150896],[-5.8758954,43.3150884],[-5.875873,43.3150862],[-5.8758106,43.3150764],[-5.8757885,43.3150737],[-5.8757677,43.3150715],[-5.8757255,43.3150678],[-5.8756677,43.3150639],[-5.8756315,43.3150609],[-5.8756161,43.3150592],[-5.8755944,43.3150562],[-5.8755084,43.3150415],[-5.8754869,43.3150383],[-5.8754199,43.3150303],[-5.8754008,43.3150273],[-5.8753411,43.3150163],[-5.8752681,43.3150054],[-5.8752523,43.3150026],[-5.8752373,43.3149994],[-5.8751988,43.3149894],[-5.8751877,43.3149872],[-5.8751772,43.3149858],[-5.8751467,43.3149843],[-5.8751344,43.3149832],[-5.875126,43.3149822],[-5.8751088,43.3149795],[-5.8750802,43.3149738],[-5.875037,43.3149631],[-5.8750129,43.3149585],[-5.8749841,43.3149519],[-5.8749706,43.3149493],[-5.8749567,43.3149472],[-5.8749466,43.3149462],[-5.8749317,43.3149452],[-5.8749144,43.3149451],[-5.8748837,43.3149467],[-5.8748735,43.3149464],[-5.8748632,43.3149453],[-5.8748529,43.3149435],[-5.8748472,43.314942],[-5.8748338,43.3149373],[-5.8747924,43.3149192],[-5.8747782,43.3149137],[-5.8747525,43.3149043],[-5.8747374,43.3148982],[-5.8747227,43.3148916],[-5.8747149,43.3148877],[-5.8746856,43.3148714],[-5.8746705,43.314864],[-5.8746625,43.3148607],[-5.8746284,43.3148508],[-5.8746083,43.3148461],[-5.8745909,43.3148428],[-5.8745778,43.3148394],[-5.8745723,43.3148372],[-5.8745676,43.3148347],[-5.8745647,43.3148321],[-5.8744351,43.3147943],[-5.8744347,43.3147944],[-5.874431,43.3147954],[-5.8744238,43.3147958],[-5.8744185,43.3147951],[-5.8744135,43.3147936],[-5.8744106,43.3147924],[-5.8743972,43.3147845],[-5.8743888,43.3147807],[-5.8743719,43.3147744],[-5.8743491,43.3147678],[-5.874329,43.3147628],[-5.8742916,43.3147554],[-5.8742831,43.3147541],[-5.8742772,43.3147539],[-5.8742729,43.3147548],[-5.8742699,43.3147567],[-5.8742683,43.3147587],[-5.8742672,43.3147612],[-5.8742674,43.3147664],[-5.8742709,43.3147725],[-5.8742742,43.3147763],[-5.8742814,43.3147825],[-5.8742909,43.3147884],[-5.8743017,43.3147939],[-5.8743119,43.3147986],[-5.8743257,43.3148043],[-5.8743383,43.3148103],[-5.8743485,43.3148176],[-5.874355,43.3148265],[-5.8743592,43.3148372],[-5.8743622,43.314848],[-5.8743642,43.3148595],[-5.874365,43.3148726],[-5.8743637,43.3148859],[-5.8743593,43.3149002],[-5.8743526,43.3149146],[-5.8743443,43.3149288],[-5.8743306,43.3149504],[-5.874322,43.3149627],[-5.8743127,43.3149743],[-5.8742836,43.3150037],[-5.8742543,43.3150365],[-5.8742468,43.3150471],[-5.8742416,43.3150583],[-5.8742398,43.3150698],[-5.8742417,43.3150807],[-5.8742466,43.3150913],[-5.8742538,43.3151014],[-5.8742726,43.3151224],[-5.8742809,43.3151346],[-5.8743006,43.3151696],[-5.874315,43.3151934],[-5.8743226,43.315207],[-5.874329,43.3152204],[-5.8743336,43.3152338],[-5.8743353,43.3152427],[-5.8743392,43.3152721],[-5.8743424,43.3152888],[-5.8743435,43.3153002],[-5.8743433,43.3153116],[-5.8743429,43.3153146],[-5.8743408,43.3153132],[-5.8743375,43.3153123],[-5.8743302,43.3153112],[-5.8743164,43.3153099],[-5.874332,43.315331],[-5.8743347,43.3153337],[-5.8743364,43.3153343],[-5.8743371,43.3153339],[-5.8743385,43.3153323],[-5.8743397,43.3153298],[-5.8743402,43.3153286],[-5.874339,43.3153328],[-5.8743346,43.3153418],[-5.8743311,43.3153464],[-5.8743248,43.3153523],[-5.8743117,43.3153625],[-5.8743068,43.3153679],[-5.8743029,43.3153738],[-5.8743002,43.3153797],[-5.8742969,43.3153908],[-5.8742943,43.3153963],[-5.8742886,43.3154031],[-5.8742631,43.3154261],[-5.874255,43.315435],[-5.8742502,43.3154417],[-5.8742313,43.3154713],[-5.8741818,43.3155469],[-5.8741729,43.3155617],[-5.8741653,43.3155768],[-5.8741597,43.3155919],[-5.874156,43.3156073],[-5.874154,43.3156228],[-5.8741538,43.3156383],[-5.8741558,43.3156536],[-5.8741588,43.3156651],[-5.8741628,43.3156764],[-5.8741677,43.3156875],[-5.874176,43.3157038],[-5.8741828,43.3157147],[-5.8741956,43.3157329],[-5.8742012,43.3157404],[-5.874217,43.3157592],[-5.8742336,43.3157778],[-5.8742449,43.3157897],[-5.8742682,43.3158127],[-5.8742876,43.31583],[-5.874303,43.3158429],[-5.874319,43.3158551],[-5.8743403,43.3158697],[-5.8743488,43.3158762],[-5.8743647,43.3158895],[-5.8743721,43.3158952],[-5.8743794,43.3159002],[-5.8743867,43.3159039],[-5.8743935,43.3159062],[-5.8744002,43.3159076],[-5.8744079,43.3159086],[-5.8744151,43.3159084],[-5.87442,43.3159075],[-5.8744235,43.3159054],[-5.8744253,43.3159028],[-5.8744256,43.3158997],[-5.8744245,43.315896],[-5.874414,43.3158731],[-5.8744103,43.3158638],[-5.8744075,43.3158544],[-5.8744061,43.3158435],[-5.8744079,43.3158338],[-5.8744129,43.3158253],[-5.8744212,43.315819],[-5.8744322,43.3158157],[-5.8744455,43.3158146],[-5.8744603,43.3158155],[-5.8744708,43.3158169],[-5.8744818,43.3158189],[-5.8744966,43.3158218],[-5.8745118,43.3158252],[-5.8745276,43.3158293],[-5.8745458,43.3158352],[-5.8745833,43.3158483],[-5.874607,43.3158574],[-5.8746196,43.3158627],[-5.8746316,43.3158682],[-5.8746425,43.315874],[-5.8746537,43.3158808],[-5.8746633,43.3158876],[-5.8746792,43.3158992],[-5.8746842,43.3159044],[-5.874686,43.3159093],[-5.8746849,43.3159143],[-5.874681,43.3159188],[-5.8746753,43.3159219],[-5.8746677,43.3159243],[-5.8746536,43.315927],[-5.8746369,43.3159289],[-5.8745796,43.3159329],[-5.8745387,43.3159371],[-5.8745222,43.3159396],[-5.8745035,43.3159436],[-5.8744864,43.315949],[-5.8744704,43.3159557],[-5.8744558,43.3159634],[-5.8744431,43.3159719],[-5.8744331,43.3159802],[-5.8744248,43.3159887],[-5.8744167,43.3159988],[-5.8744134,43.3160052],[-5.8744113,43.3160115],[-5.8744081,43.3160264],[-5.8744067,43.3160351],[-5.8744061,43.3160435],[-5.8744067,43.3160612],[-5.8744061,43.3160662],[-5.874405,43.316071],[-5.874399,43.3160891],[-5.8743878,43.3161345],[-5.8743858,43.3161403],[-5.8743831,43.3161449],[-5.874379,43.3161482],[-5.874374,43.3161505],[-5.8743686,43.3161521],[-5.8743557,43.3161545],[-5.8743468,43.3161566],[-5.8743416,43.3161581],[-5.8743365,43.3161601],[-5.8743291,43.3161649],[-5.8743222,43.3161712],[-5.8743153,43.3161798],[-5.8743126,43.3161848],[-5.8743103,43.3161901],[-5.874308,43.3161966],[-5.8743063,43.316203],[-5.8743035,43.3162283],[-5.8743014,43.316235],[-5.8742982,43.3162384],[-5.8742936,43.31624],[-5.8742815,43.3162404],[-5.8742746,43.3162411],[-5.874268,43.316243],[-5.8742614,43.3162458],[-5.8742451,43.3162547],[-5.8742272,43.3162619],[-5.874223,43.3162639],[-5.8742194,43.3162662],[-5.8742153,43.316272],[-5.8742137,43.3162773],[-5.8742109,43.3162959],[-5.8742104,43.3163079],[-5.8742115,43.3163229],[-5.8742135,43.3163336],[-5.8742161,43.316341],[-5.8742198,43.3163483],[-5.8742266,43.3163584],[-5.8742357,43.3163695],[-5.874246,43.3163804],[-5.8742747,43.3164093],[-5.8743175,43.3164565],[-5.874341,43.3164812],[-5.8743536,43.3164932],[-5.8743822,43.3165184],[-5.8743961,43.3165312],[-5.874436,43.3165696],[-5.8744495,43.3165815],[-5.8744634,43.3165924],[-5.8744738,43.3165994],[-5.8744953,43.3166129],[-5.8745115,43.316622],[-5.87452,43.316626],[-5.8745283,43.316629],[-5.8745379,43.3166311],[-5.8745476,43.3166323],[-5.8745798,43.3166354],[-5.8745892,43.3166356],[-5.8745965,43.3166344],[-5.8746012,43.3166323],[-5.8746029,43.31663],[-5.8746038,43.3166236],[-5.874607,43.3166123],[-5.8746073,43.316608],[-5.8746065,43.3166032],[-5.874587,43.3165564],[-5.8745664,43.3165127],[-5.8745634,43.3165048],[-5.8745597,43.3164928],[-5.8745554,43.3164729],[-5.874553,43.3164532],[-5.8745524,43.3164429],[-5.8745523,43.3164327],[-5.8745529,43.3164212],[-5.874555,43.3163982],[-5.8745572,43.3163649],[-5.874562,43.3163135],[-5.874566,43.3162803],[-5.8745683,43.316265],[-5.8745709,43.3162513],[-5.8745739,43.3162398],[-5.8745774,43.3162314],[-5.8745796,43.3162285],[-5.8745819,43.3162271],[-5.8745846,43.3162278],[-5.8745872,43.3162308],[-5.8745956,43.3162471],[-5.874602,43.316258],[-5.8746053,43.316263],[-5.8746148,43.3162749],[-5.8746227,43.3162861],[-5.8746298,43.3162986],[-5.8746344,43.3163093],[-5.874641,43.3163284],[-5.8746432,43.3163366],[-5.8746455,43.3163514],[-5.8746459,43.3163589],[-5.8746459,43.3163827],[-5.8746445,43.3164176],[-5.8746444,43.3164309],[-5.8746457,43.3164484],[-5.8746473,43.3164588],[-5.8746494,43.3164691],[-5.8746533,43.3164827],[-5.8746579,43.3164962],[-5.874663,43.3165094],[-5.8746693,43.3165244],[-5.8746762,43.3165388],[-5.8746839,43.3165525],[-5.8746924,43.3165652],[-5.8747088,43.3165852],[-5.874716,43.3165954],[-5.8747226,43.3166062],[-5.8747286,43.3166175],[-5.874734,43.3166293],[-5.8747522,43.3166735],[-5.874759,43.3166882],[-5.8747665,43.3167025],[-5.8747751,43.3167161],[-5.8747838,43.3167274],[-5.874793,43.3167382],[-5.8748122,43.3167595],[-5.8748424,43.3167894],[-5.8748538,43.3168011],[-5.8748601,43.3168071],[-5.8748691,43.3168139],[-5.8748796,43.3168203],[-5.8748914,43.3168263],[-5.8749074,43.316833],[-5.8749244,43.3168396],[-5.8749717,43.3168596],[-5.8749884,43.3168661],[-5.8750249,43.3168783],[-5.8750427,43.3168846],[-5.8750968,43.3169048],[-5.8751153,43.3169113],[-5.8752052,43.3169399],[-5.8752272,43.3169465],[-5.8752455,43.3169517],[-5.8752768,43.31696],[-5.8753084,43.3169675],[-5.8753272,43.3169716],[-5.8753642,43.3169786],[-5.8753827,43.3169815],[-5.8754012,43.316984],[-5.8754194,43.3169858],[-5.875483,43.3169906],[-5.8755135,43.3169935],[-5.8755309,43.3169958],[-5.875547,43.3169984],[-5.8755626,43.3170004],[-5.8755786,43.3170016],[-5.8755925,43.3170019],[-5.8756554,43.3170002],[-5.8756663,43.3170008],[-5.8756752,43.3170022],[-5.8756832,43.3170039],[-5.8756912,43.3170053],[-5.8757005,43.3170057],[-5.8757198,43.3170048],[-5.8757464,43.3170023],[-5.8757528,43.3170022],[-5.8757628,43.317003],[-5.8757737,43.3170049],[-5.8757852,43.3170079],[-5.8758318,43.3170231],[-5.8758822,43.3170376],[-5.8758973,43.3170422],[-5.8759066,43.3170449],[-5.8759464,43.3170549],[-5.8759673,43.3170605],[-5.8759795,43.3170645],[-5.8759896,43.317069],[-5.8759946,43.3170726],[-5.8759976,43.3170767],[-5.8759984,43.3170826],[-5.8759967,43.3170894],[-5.8759942,43.3170969],[-5.8759923,43.317106],[-5.8759925,43.3171156],[-5.8759952,43.3171237],[-5.8760004,43.3171314],[-5.8760048,43.3171358],[-5.8760101,43.3171398],[-5.8760163,43.3171432],[-5.8760235,43.3171462],[-5.8760386,43.3171504],[-5.8760558,43.3171534],[-5.8760744,43.3171555],[-5.8760939,43.3171572],[-5.8761453,43.3171606],[-5.876168,43.3171617],[-5.8762033,43.3171624],[-5.8763334,43.3171627],[-5.8763516,43.3171628],[-5.8763937,43.317162],[-5.8765073,43.3171582],[-5.8766061,43.3171563],[-5.8766678,43.3171544],[-5.876698,43.3171528],[-5.876726,43.3171506],[-5.8767494,43.317148],[-5.876765,43.3171451],[-5.876777,43.3171417],[-5.8767843,43.3171382],[-5.8767905,43.3171346],[-5.8767978,43.3171314],[-5.8768069,43.317129],[-5.8768182,43.3171272],[-5.8768313,43.3171256],[-5.8768649,43.3171225],[-5.8769053,43.3171198],[-5.8769253,43.3171189],[-5.8769422,43.3171187],[-5.8769562,43.3171191],[-5.8769784,43.3171214],[-5.8769942,43.3171233],[-5.8770022,43.3171247],[-5.8770158,43.3171278],[-5.8770274,43.3171308],[-5.8770376,43.3171341],[-5.8770467,43.317138],[-5.8770507,43.3171404],[-5.8770533,43.3171429],[-5.8770544,43.3171453],[-5.8770543,43.3171476],[-5.8770525,43.3171509],[-5.8770487,43.3171532],[-5.8770433,43.3171543],[-5.8770413,43.317155],[-5.8770395,43.3171573],[-5.8770408,43.3171604],[-5.8770462,43.3171635],[-5.8770548,43.3171664],[-5.8770655,43.3171691],[-5.877122,43.3171783],[-5.8771811,43.3171868],[-5.8771999,43.3171891],[-5.8772176,43.3171908],[-5.877292,43.3171964],[-5.8773306,43.3172002],[-5.8773726,43.3172051],[-5.8774356,43.3172139],[-5.8774691,43.3172191],[-5.8774924,43.3172232],[-5.8776599,43.3172563],[-5.8776965,43.3172629],[-5.8777266,43.3172679],[-5.8777725,43.3172751],[-5.8778158,43.3172812],[-5.8778566,43.3172864],[-5.8779268,43.3172945],[-5.87795,43.3172975],[-5.8779728,43.3173008],[-5.8779952,43.3173046],[-5.8780338,43.3173119],[-5.8780479,43.3173142],[-5.8780696,43.3173172],[-5.8780914,43.3173197],[-5.878157,43.3173266],[-5.8781683,43.3173277],[-5.8781832,43.3173286],[-5.8781998,43.3173292],[-5.8782162,43.3173292],[-5.8782387,43.3173282],[-5.8782694,43.3173263],[-5.8782841,43.3173251],[-5.8782967,43.3173231],[-5.8783033,43.3173211],[-5.8783086,43.3173185],[-5.8783128,43.3173154],[-5.878318,43.3173099],[-5.878324,43.3173027],[-5.8783305,43.3172927],[-5.8783336,43.317289],[-5.8783375,43.3172854],[-5.8783448,43.3172802],[-5.8783633,43.3172689],[-5.8783703,43.317263],[-5.8783779,43.3172532],[-5.8783824,43.3172482],[-5.8783895,43.3172426],[-5.8783987,43.3172369],[-5.8784068,43.3172325],[-5.8784158,43.3172282],[-5.8784267,43.3172239],[-5.8784695,43.3172097],[-5.8784816,43.3172058],[-5.8784969,43.3172021],[-5.8785118,43.3171996],[-5.8785257,43.3171983],[-5.878536,43.3171981],[-5.8785479,43.3171982],[-5.8785537,43.3171979],[-5.8785593,43.317197],[-5.8785667,43.3171953],[-5.878572,43.317193],[-5.8785789,43.3171888],[-5.8785857,43.3171852],[-5.8785942,43.3171825],[-5.8785999,43.3171817],[-5.8786058,43.3171814],[-5.8786274,43.3171818],[-5.8786391,43.3171812],[-5.8786495,43.31718],[-5.8786598,43.3171782],[-5.8786687,43.3171761],[-5.8786797,43.3171727],[-5.8787108,43.3171614],[-5.8787168,43.3171589],[-5.8787237,43.3171553],[-5.8787301,43.3171511],[-5.878752,43.3171338],[-5.8787735,43.3171189],[-5.8787871,43.3171106],[-5.8788019,43.3171026],[-5.8788172,43.3170956],[-5.8788333,43.3170891],[-5.878908,43.3170606],[-5.8789251,43.3170543],[-5.8789411,43.3170492],[-5.8789555,43.3170462],[-5.8789678,43.3170461],[-5.8789754,43.3170484],[-5.8789816,43.3170523],[-5.8789868,43.3170571],[-5.8789924,43.3170642],[-5.8789988,43.3170713],[-5.879005,43.3170758],[-5.8790127,43.3170795],[-5.879025,43.3170829],[-5.8790365,43.3170844],[-5.8790498,43.3170846],[-5.8790633,43.3170835],[-5.8790764,43.3170808],[-5.8790859,43.3170776],[-5.8791128,43.3170665],[-5.879127,43.3170614],[-5.8791714,43.3170484],[-5.8791836,43.3170441],[-5.879206,43.3170347],[-5.8792303,43.3170236],[-5.8792443,43.3170168],[-5.8792581,43.3170094],[-5.8792692,43.3170028],[-5.8792799,43.3169959],[-5.8792945,43.3169852],[-5.8793028,43.3169784],[-5.8793133,43.3169691],[-5.8793229,43.3169593],[-5.8793317,43.3169493],[-5.8793409,43.3169369],[-5.8793488,43.3169243],[-5.8793628,43.3168989],[-5.8793693,43.3168886],[-5.8793768,43.3168789],[-5.8793874,43.3168681],[-5.8793992,43.3168582],[-5.8794237,43.3168399],[-5.8794358,43.3168321],[-5.8794612,43.3168171],[-5.8794734,43.3168091],[-5.8795171,43.3167767],[-5.879542,43.3167587],[-5.8795532,43.316751],[-5.879565,43.3167437],[-5.8795828,43.3167346],[-5.8796394,43.3167101],[-5.8796503,43.3167048],[-5.8796735,43.3166929],[-5.87972,43.316668],[-5.8797458,43.3166533],[-5.8797773,43.3166363],[-5.8798025,43.3166242],[-5.8798198,43.3166168],[-5.8798382,43.3166099],[-5.8798602,43.3166024],[-5.879946,43.3165756],[-5.8799793,43.316564],[-5.8800075,43.3165554],[-5.8800248,43.3165493],[-5.8800425,43.3165423],[-5.8800576,43.3165359],[-5.880124,43.3165061],[-5.8801444,43.3164973],[-5.8801654,43.3164892],[-5.8801863,43.3164822],[-5.8802078,43.3164761],[-5.8803705,43.3164363],[-5.880391,43.3164309],[-5.880411,43.316425],[-5.8804304,43.3164187],[-5.8804634,43.3164064],[-5.8804799,43.3164006],[-5.8805534,43.3163792],[-5.8805972,43.3163651],[-5.8806192,43.3163576],[-5.8806627,43.3163422],[-5.8806972,43.3163293],[-5.8807302,43.3163165],[-5.8807511,43.3163072],[-5.8808134,43.3162777],[-5.8808262,43.3162707],[-5.880836,43.3162644],[-5.8808477,43.3162562],[-5.8808581,43.3162481],[-5.8808661,43.3162403],[-5.8808681,43.3162375],[-5.8808703,43.3162329],[-5.8808706,43.3162286],[-5.8808692,43.3162244],[-5.8808678,43.3162221],[-5.880864,43.3162172],[-5.8808532,43.3162056],[-5.8808498,43.3162003],[-5.8808497,43.3161956],[-5.8808531,43.3161923],[-5.8808594,43.3161897],[-5.8808681,43.316188],[-5.8808813,43.3161872],[-5.8808968,43.3161875],[-5.8809139,43.3161884],[-5.8809669,43.3161919],[-5.8810055,43.3161954],[-5.8810252,43.3161974],[-5.881045,43.3161997],[-5.8810821,43.3162048],[-5.8812369,43.3162277],[-5.8812573,43.3162302],[-5.8812771,43.3162322],[-5.8813081,43.3162342],[-5.8813221,43.3162346],[-5.8813556,43.316235],[-5.8813761,43.3162347],[-5.8813972,43.3162339],[-5.8814185,43.3162326],[-5.8814401,43.3162309],[-5.8815066,43.3162241],[-5.8815254,43.3162229],[-5.8815825,43.3162201],[-5.8816052,43.3162181],[-5.8816279,43.3162154],[-5.8816506,43.3162123],[-5.8816957,43.3162051],[-5.8817401,43.3161972],[-5.8818154,43.3161831],[-5.8818311,43.3161808],[-5.8818744,43.3161766],[-5.8818899,43.3161748],[-5.8819952,43.3161611],[-5.8821446,43.3161393],[-5.8821626,43.3161363],[-5.8821968,43.31613],[-5.8822156,43.3161271],[-5.882254,43.3161223],[-5.8822903,43.3161185],[-5.8823086,43.316117],[-5.882327,43.3161157],[-5.882349,43.3161147],[-5.8823933,43.316114],[-5.8824376,43.3161144],[-5.8824819,43.3161155],[-5.8825259,43.3161174],[-5.8825472,43.3161187],[-5.8826055,43.3161229],[-5.8826246,43.3161238],[-5.8826436,43.3161241],[-5.8827103,43.3161214],[-5.8827229,43.3161214],[-5.8827355,43.3161219],[-5.8827543,43.3161234],[-5.882874,43.3161382],[-5.8828935,43.316141],[-5.8829519,43.3161503],[-5.8829713,43.3161531],[-5.8830546,43.3161628],[-5.8830843,43.3161672],[-5.883115,43.3161726],[-5.8831254,43.3161741],[-5.8831356,43.3161749],[-5.8831489,43.3161748],[-5.8831735,43.3161736],[-5.883185,43.3161737],[-5.8831972,43.3161748],[-5.8832097,43.3161767],[-5.8832397,43.3161817],[-5.8832787,43.3161869],[-5.8833012,43.3161907],[-5.8833197,43.3161945],[-5.8833376,43.3161985],[-5.8833705,43.3162065],[-5.8833861,43.3162095],[-5.8834029,43.3162117],[-5.8834197,43.3162128],[-5.883437,43.3162131],[-5.8834547,43.3162126],[-5.8834715,43.3162116],[-5.8834883,43.3162099],[-5.8835397,43.3162021],[-5.8835903,43.316195],[-5.8836085,43.3161929],[-5.8836264,43.3161914],[-5.883644,43.3161902],[-5.883667,43.3161894],[-5.8837083,43.3161904],[-5.8837235,43.3161896],[-5.8837383,43.3161874],[-5.8837649,43.3161819],[-5.883777,43.31618],[-5.8837894,43.3161791],[-5.8838068,43.3161798],[-5.8838436,43.3161841],[-5.8838642,43.316186],[-5.8838854,43.3161874],[-5.8839068,43.3161883],[-5.883931,43.316189],[-5.8839444,43.3161888],[-5.8839576,43.3161883],[-5.8839731,43.3161871],[-5.8839879,43.3161853],[-5.8840176,43.3161803],[-5.8840323,43.3161788],[-5.8840503,43.316179],[-5.8840647,43.3161802],[-5.8840795,43.316182],[-5.8841111,43.3161863],[-5.884129,43.3161882],[-5.8841473,43.3161898],[-5.8841825,43.3161922],[-5.8841941,43.3161926],[-5.8842128,43.3161928],[-5.8842317,43.3161925],[-5.8842506,43.3161915],[-5.8842999,43.3161874],[-5.8843212,43.316186],[-5.8843425,43.3161852],[-5.8843614,43.3161852],[-5.8843803,43.3161859],[-5.8843979,43.3161874],[-5.8844189,43.3161902],[-5.8845424,43.3162109],[-5.8845842,43.3162174],[-5.8846053,43.31622],[-5.8846284,43.3162221],[-5.8846515,43.3162236],[-5.8846746,43.3162248],[-5.8847129,43.3162259],[-5.8847308,43.3162258],[-5.8847484,43.3162251],[-5.8847642,43.3162241],[-5.884795,43.3162215],[-5.8848318,43.3162179],[-5.8848485,43.316216],[-5.8848751,43.3162118],[-5.8848859,43.3162105],[-5.884896,43.3162107],[-5.8849061,43.3162126],[-5.8849164,43.3162159],[-5.8849493,43.3162285],[-5.8849613,43.3162321],[-5.8849712,43.3162344],[-5.8849923,43.3162382],[-5.8850221,43.3162433],[-5.8850378,43.3162456],[-5.8850716,43.3162492],[-5.8851323,43.3162541],[-5.8851861,43.3162591],[-5.885205,43.3162597],[-5.8852238,43.3162588],[-5.8852418,43.3162561],[-5.8852577,43.3162521],[-5.8852877,43.3162429],[-5.8853024,43.3162387],[-5.8853206,43.3162344],[-5.8853393,43.3162307],[-5.8853764,43.316224],[-5.8853942,43.3162204],[-5.885411,43.3162162],[-5.8854226,43.3162125],[-5.8854332,43.3162085],[-5.8854594,43.3161969],[-5.885471,43.316193],[-5.8854804,43.3161909],[-5.8855001,43.3161875],[-5.8855115,43.3161846],[-5.8855233,43.3161807],[-5.8855355,43.3161758],[-5.8855472,43.3161704],[-5.8855608,43.3161627],[-5.8855742,43.3161541],[-5.8856015,43.3161353],[-5.8856159,43.3161259],[-5.8856261,43.3161196],[-5.8856506,43.3161057],[-5.8857091,43.316074],[-5.8857233,43.3160655],[-5.8857364,43.3160569],[-5.8857481,43.3160481],[-5.8857594,43.3160376],[-5.8857777,43.3160182],[-5.8857862,43.3160108],[-5.885795,43.3160061],[-5.8858044,43.3160047],[-5.8858148,43.3160054],[-5.8858263,43.3160066],[-5.8858391,43.316007],[-5.885854,43.3160052],[-5.8858811,43.3159994],[-5.8859065,43.3159932],[-5.8859211,43.3159893],[-5.8859382,43.3159841],[-5.8859554,43.315978],[-5.8859722,43.3159711],[-5.8859885,43.3159634],[-5.8860041,43.3159548],[-5.8860176,43.3159461],[-5.8860305,43.3159367],[-5.8860444,43.3159261],[-5.8860581,43.315915],[-5.8860714,43.3159036],[-5.8860842,43.3158918],[-5.8860987,43.3158775],[-5.8861125,43.3158628],[-5.8861391,43.3158328],[-5.8862267,43.3157281],[-5.8862499,43.3157012],[-5.8862608,43.3156891],[-5.88627,43.3156797],[-5.8862792,43.3156719],[-5.8862946,43.3156603],[-5.8863055,43.3156505],[-5.8863313,43.3156255],[-5.8863539,43.3156028],[-5.8863643,43.3155916],[-5.8863735,43.3155808],[-5.8863779,43.315575],[-5.8863871,43.3155625],[-5.886391,43.3155558],[-5.8863931,43.3155486],[-5.8863927,43.3155418],[-5.8863912,43.3155379],[-5.8863831,43.3155243],[-5.8863818,43.3155174],[-5.8863823,43.3155131],[-5.8863837,43.3155091],[-5.8863861,43.3155046],[-5.886392,43.3154955],[-5.8863938,43.3154913],[-5.8863967,43.3154775],[-5.8863987,43.3154699],[-5.8864014,43.3154617],[-5.8864188,43.3154198],[-5.8864221,43.3154138],[-5.886415,43.3153453],[-5.8863156,43.3153303],[-5.8863063,43.3153303],[-5.8862978,43.315329],[-5.8862909,43.3153261],[-5.8862868,43.3153219],[-5.8862863,43.3153207],[-5.8861887,43.3152885],[-5.8861727,43.3152919],[-5.8861599,43.315294],[-5.8861367,43.3152966],[-5.8861221,43.3152973],[-5.8861077,43.3152971],[-5.8860967,43.3152965],[-5.8860857,43.3152956],[-5.8860663,43.3152923],[-5.8860511,43.3152892],[-5.8860363,43.3152851],[-5.8860225,43.3152798],[-5.8859967,43.3152684],[-5.8859839,43.3152642],[-5.8859739,43.3152622],[-5.8859635,43.3152611],[-5.8859509,43.3152604],[-5.8859222,43.3152597],[-5.8859118,43.3152603],[-5.8859053,43.3152615],[-5.8859002,43.3152637],[-5.8858963,43.315267],[-5.8858923,43.3152724],[-5.8858899,43.3152788],[-5.8858897,43.3152856],[-5.8858922,43.3152926],[-5.8858999,43.3153063],[-5.8859018,43.315313],[-5.8859015,43.3153171],[-5.8859,43.3153209],[-5.8858963,43.3153253],[-5.8858918,43.3153284],[-5.8858863,43.3153304],[-5.8858806,43.3153311],[-5.8858745,43.3153308],[-5.8858648,43.315329],[-5.8858545,43.3153267],[-5.8858435,43.315325],[-5.8858305,43.3153249],[-5.8858068,43.3153265],[-5.8857966,43.3153265],[-5.8857859,43.3153253],[-5.8857763,43.3153224],[-5.8857671,43.3153181],[-5.8857582,43.3153128],[-5.8857483,43.3153057],[-5.8857339,43.3152932],[-5.885719,43.315281],[-5.8857123,43.3152761],[-5.8857027,43.31527],[-5.8856955,43.3152661],[-5.8856887,43.3152629],[-5.8856621,43.3152517],[-5.8856505,43.3152461],[-5.8856409,43.3152409],[-5.8856313,43.315235],[-5.8856197,43.3152263],[-5.8856087,43.3152165],[-5.8855985,43.3152061],[-5.8855764,43.3151814],[-5.8855679,43.315173],[-5.885559,43.3151655],[-5.8855491,43.3151591],[-5.8855358,43.3151534],[-5.8855267,43.3151507],[-5.8855171,43.3151484],[-5.8855018,43.3151458],[-5.8854912,43.3151444],[-5.8854721,43.3151425],[-5.8854374,43.3151397],[-5.8854078,43.315137],[-5.8853916,43.315135],[-5.8853757,43.3151324],[-5.885361,43.3151293],[-5.8853521,43.315127],[-5.885344,43.3151244],[-5.8853362,43.3151212],[-5.8853285,43.3151175],[-5.8853158,43.3151106],[-5.8853101,43.3151079],[-5.885296,43.3151027],[-5.8852899,43.315099],[-5.8852877,43.3150948],[-5.8852892,43.3150904],[-5.8852943,43.3150871],[-5.8853027,43.3150851],[-5.8853132,43.3150843],[-5.8853256,43.315084],[-5.8853422,43.3150842],[-5.8853674,43.3150851],[-5.8853802,43.3150853],[-5.8854054,43.3150846],[-5.8854179,43.3150845],[-5.8854311,43.3150852],[-5.88546,43.3150871],[-5.8854755,43.3150876],[-5.8854909,43.3150872],[-5.885506,43.3150855],[-5.8855205,43.3150831],[-5.8855488,43.3150769],[-5.8855615,43.3150726],[-5.88557,43.315068],[-5.8855858,43.3150571],[-5.8855947,43.315052],[-5.8856069,43.3150472],[-5.885621,43.3150437],[-5.8856364,43.3150413],[-5.8856526,43.3150403],[-5.8856702,43.3150406],[-5.8856879,43.3150422],[-5.8857004,43.3150438],[-5.8857126,43.3150459],[-5.8857274,43.3150495],[-5.8857551,43.3150574],[-5.8857708,43.3150607],[-5.8857853,43.3150616],[-5.8857952,43.3150604],[-5.8858041,43.3150578],[-5.8858275,43.3150479],[-5.8858389,43.3150447],[-5.8858514,43.3150418],[-5.8858645,43.3150384],[-5.8858744,43.3150348],[-5.885884,43.3150302],[-5.8858931,43.3150245],[-5.8859018,43.3150179],[-5.8859241,43.3149992],[-5.8859345,43.314991],[-5.8859456,43.3149833],[-5.8859531,43.3149787],[-5.8859637,43.3149733],[-5.8859752,43.3149691],[-5.8859876,43.3149656],[-5.8860232,43.3149574],[-5.8860376,43.3149545],[-5.8860524,43.314952],[-5.8860692,43.3149497],[-5.8861062,43.3149455],[-5.8861272,43.3149425],[-5.8861482,43.3149389],[-5.8861692,43.3149348],[-5.8861902,43.3149303],[-5.8862364,43.3149197],[-5.8862576,43.3149152],[-5.8862902,43.3149086],[-5.8863053,43.3149061],[-5.8863263,43.3149035],[-5.8863811,43.3148979],[-5.886407,43.3148956],[-5.8864251,43.3148944],[-5.8868818,43.3148574],[-5.8868942,43.3148553],[-5.8869206,43.3148496],[-5.8869331,43.3148474],[-5.886945,43.3148461],[-5.8869553,43.3148461],[-5.8869632,43.3148474],[-5.8869674,43.3148497],[-5.8869697,43.3148526],[-5.8869706,43.3148554],[-5.886971,43.3148615],[-5.886972,43.3148667],[-5.8869748,43.3148729],[-5.8869804,43.314879],[-5.8869864,43.3148829],[-5.8869939,43.3148865],[-5.8870111,43.3148936],[-5.8872524,43.3149405],[-5.8873327,43.3149171],[-5.8873743,43.3149035],[-5.8874346,43.3148832],[-5.8874682,43.3148715],[-5.8874854,43.3148642],[-5.8874917,43.3148611],[-5.8874967,43.3148582],[-5.887501,43.3148549],[-5.8875058,43.3148501],[-5.8875101,43.3148444],[-5.887514,43.3148401],[-5.887523,43.314834],[-5.8875255,43.3148314],[-5.8875244,43.3148298],[-5.8875183,43.3148299],[-5.8875084,43.3148317],[-5.8874963,43.314835],[-5.8874532,43.3148503],[-5.887441,43.314854],[-5.8874353,43.3148551],[-5.8874299,43.3148557],[-5.8874202,43.314856],[-5.8874134,43.3148549],[-5.8874112,43.3148532],[-5.887411,43.3148513],[-5.8874145,43.3148448],[-5.8874146,43.314842],[-5.8874131,43.3148391],[-5.8874083,43.3148324],[-5.887407,43.3148284],[-5.8874071,43.3148239],[-5.8874092,43.3148192],[-5.8874149,43.3148136],[-5.8874235,43.3148081],[-5.8874339,43.3148025],[-5.887459,43.3147899],[-5.8874733,43.3147836],[-5.8875288,43.3147641],[-5.8875465,43.3147592],[-5.887566,43.3147549],[-5.8875866,43.3147511],[-5.8876744,43.3147371],[-5.8876963,43.3147332],[-5.8877177,43.3147288],[-5.8877382,43.3147238],[-5.8877572,43.3147181],[-5.887775,43.314712],[-5.8878061,43.3147008],[-5.8878188,43.3146967],[-5.887829,43.3146945],[-5.8878344,43.3146943],[-5.8878373,43.3146948],[-5.8878392,43.3146955],[-5.8878418,43.3146979],[-5.8878438,43.314699],[-5.8878463,43.3146993],[-5.8878496,43.3146989],[-5.8878548,43.3146973],[-5.8878607,43.3146948],[-5.8878769,43.314687],[-5.8878815,43.3146842],[-5.8878857,43.3146812],[-5.8878992,43.3146697],[-5.887906,43.3146654],[-5.8879145,43.3146612],[-5.8879302,43.314655],[-5.8879382,43.3146513],[-5.8879436,43.3146494],[-5.8879989,43.3146241],[-5.887999,43.314624],[-5.888008,43.3146161],[-5.8880189,43.3146079],[-5.8880348,43.3145979],[-5.8880519,43.3145882],[-5.8880953,43.3145657],[-5.8881125,43.3145578],[-5.8881153,43.3145568],[-5.8881161,43.3145568],[-5.8881219,43.3145582],[-5.8881257,43.3145596],[-5.8881299,43.3145618],[-5.888132,43.3145631],[-5.8882375,43.3145148],[-5.8882442,43.3145083],[-5.8882522,43.3145016],[-5.8882616,43.3144943],[-5.8882721,43.3144871],[-5.8882844,43.3144793],[-5.8883256,43.3144553],[-5.8883406,43.3144469],[-5.8883561,43.3144388],[-5.8883718,43.3144315],[-5.888388,43.3144246],[-5.8884233,43.3144101],[-5.8884786,43.3143882],[-5.8884907,43.3143832],[-5.8885025,43.3143776],[-5.8885531,43.3143507],[-5.888569,43.314343],[-5.888602,43.3143278],[-5.8886389,43.3143092],[-5.8887099,43.3142708],[-5.8887298,43.3142592],[-5.8887458,43.3142488],[-5.8887736,43.3142293],[-5.8888143,43.3142001],[-5.8888288,43.31419],[-5.8888458,43.3141788],[-5.8888809,43.3141571],[-5.8889596,43.3141111],[-5.8890078,43.3140815],[-5.8890382,43.3140622],[-5.8890528,43.3140524],[-5.8890906,43.3140251],[-5.8891051,43.3140156],[-5.8891199,43.3140069],[-5.8891492,43.3139921],[-5.8891629,43.3139844],[-5.889174,43.3139765],[-5.8891841,43.3139679],[-5.8892,43.3139528],[-5.889206,43.3139464],[-5.8892121,43.3139389],[-5.8892202,43.3139274],[-5.8892288,43.3139142],[-5.8892571,43.3138657],[-5.8892641,43.3138562],[-5.8892712,43.3138503],[-5.8892784,43.3138479],[-5.8892851,43.3138497],[-5.8892909,43.3138563],[-5.8892952,43.3138668],[-5.8892982,43.3138797],[-5.8892999,43.3138939],[-5.8893002,43.3139082],[-5.8892994,43.3139213],[-5.889298,43.313932],[-5.8892965,43.3139392],[-5.8892953,43.3139417],[-5.8892946,43.3139482],[-5.889291,43.313964],[-5.8892884,43.3139716],[-5.8892846,43.3139794],[-5.889279,43.3139881],[-5.889267,43.3140039],[-5.8892534,43.3140193],[-5.8892481,43.3140243],[-5.8892424,43.3140288],[-5.8892366,43.3140328],[-5.8892254,43.3140398],[-5.889209,43.3140495],[-5.8891922,43.3140583],[-5.8891846,43.3140632],[-5.8891726,43.3140719],[-5.8891398,43.3140989],[-5.8891344,43.3141029],[-5.8891289,43.3141065],[-5.8891099,43.3141179],[-5.8890835,43.3141349],[-5.8890666,43.3141474],[-5.8890602,43.3141516],[-5.8890531,43.3141557],[-5.8890457,43.3141594],[-5.8890216,43.314171],[-5.8889915,43.3141844],[-5.8889718,43.3141939],[-5.8889496,43.3142055],[-5.888942,43.3142088],[-5.8889358,43.3142107],[-5.8889301,43.3142118],[-5.8889259,43.314212],[-5.8889152,43.3142116],[-5.8889096,43.3142117],[-5.8889038,43.3142127],[-5.8888915,43.3142163],[-5.888886,43.3142186],[-5.888883,43.3142204],[-5.8888802,43.3142225],[-5.8888786,43.3142245],[-5.8888779,43.3142264],[-5.888877,43.3142317],[-5.8888735,43.3142366],[-5.8888704,43.314239],[-5.8888622,43.3142441],[-5.8888443,43.3142526],[-5.8888219,43.3142643],[-5.8887803,43.3142845],[-5.8887531,43.314297],[-5.8887268,43.3143076],[-5.8887204,43.3143108],[-5.8887045,43.3143204],[-5.8886989,43.3143234],[-5.8886886,43.3143277],[-5.8886803,43.3143308],[-5.8886691,43.314336],[-5.8886661,43.314338],[-5.8886638,43.3143409],[-5.8886625,43.3143458],[-5.8886599,43.3143496],[-5.8886578,43.3143517],[-5.8886535,43.3143551],[-5.8886434,43.3143628],[-5.8886405,43.3143645],[-5.8886356,43.3143666],[-5.8886302,43.3143682],[-5.8886241,43.3143695],[-5.8886139,43.3143707],[-5.8886063,43.3143726],[-5.8885999,43.314376],[-5.8885877,43.3143848],[-5.8885842,43.3143867],[-5.8885762,43.3143895],[-5.8885581,43.3143934],[-5.8885522,43.314396],[-5.8885498,43.3143981],[-5.8885445,43.3144049],[-5.8885423,43.3144071],[-5.8885395,43.3144091],[-5.8885318,43.3144126],[-5.8885187,43.3144169],[-5.8885093,43.3144211],[-5.8884954,43.3144279],[-5.8884871,43.3144322],[-5.8884644,43.3144455],[-5.8884502,43.3144527],[-5.8884425,43.3144574],[-5.8884324,43.3144657],[-5.8884288,43.3144691],[-5.888428,43.3144719],[-5.8884301,43.3144736],[-5.8884346,43.3144745],[-5.8884409,43.3144743],[-5.8884518,43.3144715],[-5.8884651,43.3144668],[-5.8884922,43.3144566],[-5.8885391,43.314437],[-5.8885761,43.3144201],[-5.8885895,43.3144138],[-5.8886367,43.3143901],[-5.888668,43.3143755],[-5.8886766,43.3143717],[-5.888694,43.3143647],[-5.8887291,43.3143525],[-5.8887458,43.3143456],[-5.8887623,43.3143377],[-5.8887787,43.3143293],[-5.8888206,43.3143062],[-5.8888749,43.3142745],[-5.8889052,43.3142576],[-5.8889284,43.314244],[-5.8889937,43.3142093],[-5.8890198,43.314197],[-5.8890644,43.3141782],[-5.8890768,43.3141724],[-5.8891227,43.314149],[-5.8891647,43.3141262],[-5.8891746,43.3141206],[-5.8891891,43.3141113],[-5.8892527,43.3140683],[-5.8892757,43.3140522],[-5.8893045,43.3140301],[-5.8893338,43.3140064],[-5.8893685,43.3139799],[-5.8893892,43.3139629],[-5.8894008,43.3139558],[-5.8894073,43.3139523],[-5.8894191,43.3139466],[-5.8894688,43.3139255],[-5.8894866,43.3139173],[-5.889527,43.3138971],[-5.8895434,43.3138896],[-5.8895606,43.3138827],[-5.889582,43.3138754],[-5.8896042,43.313869],[-5.8896268,43.3138631],[-5.8896954,43.3138462],[-5.8897143,43.3138422],[-5.8897327,43.3138389],[-5.8897503,43.3138364],[-5.8897711,43.3138345],[-5.8897837,43.3138339],[-5.8897947,43.3138346],[-5.889804,43.3138371],[-5.8898113,43.3138414],[-5.8898148,43.313845],[-5.8898172,43.3138493],[-5.8898684,43.3139151],[-5.8899715,43.3139386],[-5.8899982,43.3139217],[-5.8900319,43.3139009],[-5.8900546,43.3138863],[-5.8900676,43.3138776],[-5.8900797,43.3138683],[-5.8900923,43.3138562],[-5.8901029,43.3138433],[-5.890111,43.3138298],[-5.8901165,43.3138161],[-5.8901185,43.3138065],[-5.8901192,43.313797],[-5.8901188,43.3137879],[-5.8901177,43.3137801],[-5.890113,43.3137621],[-5.8901117,43.3137538],[-5.8901124,43.3137451],[-5.890114,43.3137393],[-5.8900777,43.3137184],[-5.8900735,43.3137183],[-5.890068,43.3137176],[-5.8900628,43.3137161],[-5.8900576,43.3137137],[-5.890053,43.3137104],[-5.8900488,43.3137065],[-5.8900451,43.3137022],[-5.8900424,43.3136981],[-5.8900325,43.3136803],[-5.8900304,43.3136755],[-5.8900274,43.3136664],[-5.8900242,43.3136548],[-5.8900216,43.3136435],[-5.8900201,43.3136331],[-5.8898397,43.3135915],[-5.8898137,43.3136013],[-5.8897978,43.313607],[-5.8897811,43.3136122],[-5.8897625,43.3136167],[-5.8897255,43.3136237],[-5.8896944,43.31363],[-5.889637,43.3136407],[-5.8896155,43.3136451],[-5.8895951,43.3136499],[-5.8895763,43.3136551],[-5.8895485,43.3136642],[-5.889537,43.313667],[-5.8895272,43.3136672],[-5.8895193,43.3136639],[-5.8895137,43.3136578],[-5.8895108,43.3136494],[-5.8895115,43.313639],[-5.8895153,43.3136273],[-5.8895217,43.313615],[-5.8895304,43.3136024],[-5.8895411,43.3135898],[-5.8895558,43.3135752],[-5.8895639,43.3135681],[-5.8895812,43.3135543],[-5.8896019,43.3135396],[-5.8896281,43.3135228],[-5.8896426,43.3135139],[-5.8896576,43.3135056],[-5.8896737,43.3134975],[-5.8897227,43.3134754],[-5.8897451,43.3134647],[-5.889763,43.3134549],[-5.8898072,43.3134287],[-5.8898228,43.3134207],[-5.8898287,43.3134181],[-5.8898401,43.313414],[-5.8898519,43.3134105],[-5.8898653,43.3134075],[-5.8898793,43.3134057],[-5.8898982,43.3134053],[-5.8899168,43.313407],[-5.8899341,43.3134105],[-5.8899427,43.3134131],[-5.8899521,43.3134171],[-5.8899598,43.3134219],[-5.8899655,43.3134274],[-5.889969,43.313434],[-5.8899698,43.3134409],[-5.8901351,43.3135575],[-5.8901487,43.3135489],[-5.890164,43.3135411],[-5.8901809,43.3135342],[-5.890201,43.3135277],[-5.8902221,43.3135223],[-5.8902439,43.3135179],[-5.890266,43.3135144],[-5.8902883,43.3135118],[-5.8903064,43.3135104],[-5.8903262,43.3135095],[-5.8903456,43.3135093],[-5.8903655,43.3135099],[-5.8903843,43.313511],[-5.8904121,43.3135133],[-5.8904372,43.3135158],[-5.8904467,43.313516],[-5.8904558,43.3135152],[-5.8904633,43.3135133],[-5.8904704,43.3135106],[-5.8904791,43.3135062],[-5.8904971,43.3134958],[-5.8905055,43.3134919],[-5.8905182,43.3134874],[-5.8905325,43.3134837],[-5.8905477,43.3134806],[-5.8905636,43.3134781],[-5.8905997,43.3134742],[-5.8906134,43.3134723],[-5.8906269,43.3134699],[-5.8906401,43.3134669],[-5.8906657,43.3134594],[-5.8906857,43.3134528],[-5.8906958,43.313449],[-5.8907081,43.313444],[-5.8907198,43.3134386],[-5.8907309,43.3134327],[-5.8907425,43.3134252],[-5.8907524,43.313417],[-5.8907601,43.3134083],[-5.8907651,43.3133997],[-5.890772,43.313382],[-5.8907758,43.3133733],[-5.8907809,43.3133652],[-5.8907865,43.3133586],[-5.890793,43.3133527],[-5.8908031,43.3133464],[-5.890811,43.3133429],[-5.8908196,43.3133399],[-5.8908458,43.3133318],[-5.8908605,43.3133279],[-5.8908702,43.313326],[-5.8908803,43.3133245],[-5.8909043,43.3133219],[-5.8909616,43.3133181],[-5.8909713,43.3133167],[-5.8910057,43.31331],[-5.8910689,43.3132985],[-5.8910842,43.3132962],[-5.8910996,43.3132943],[-5.8911295,43.3132908],[-5.8911437,43.3132894],[-5.8911573,43.3132889],[-5.8911709,43.3132897],[-5.8911842,43.3132911],[-5.8911976,43.3132922],[-5.8912114,43.3132922],[-5.8912315,43.3132912],[-5.8912414,43.313291],[-5.8912559,43.3132913],[-5.8912742,43.3132926],[-5.8912925,43.3132951],[-5.8913102,43.3132985],[-5.8913383,43.3133058],[-5.8913614,43.3133111],[-5.8913735,43.3133143],[-5.8913838,43.3133176],[-5.8913932,43.3133211],[-5.8914013,43.3133251],[-5.8914086,43.31333],[-5.8914138,43.3133348],[-5.8914211,43.313344],[-5.8914241,43.3133467],[-5.8914284,43.3133494],[-5.8914352,43.3133525],[-5.8914439,43.3133547],[-5.8914536,43.3133555],[-5.8914619,43.3133551],[-5.8914847,43.3133532],[-5.8915004,43.3133517],[-5.8915131,43.3133497],[-5.8915263,43.313347],[-5.8915398,43.3133435],[-5.8915548,43.3133388],[-5.8916148,43.3133187],[-5.8916623,43.3133017],[-5.8916964,43.3132898],[-5.8917256,43.3132801],[-5.8917534,43.3132716],[-5.8917958,43.3132598],[-5.8918566,43.313244],[-5.8918678,43.3132413],[-5.8918868,43.3132378],[-5.8919109,43.3132347],[-5.8919166,43.3132333],[-5.8919206,43.3132318],[-5.8919235,43.3132302],[-5.8919259,43.3132273],[-5.891929,43.3132181],[-5.891931,43.3132147],[-5.891934,43.3132112],[-5.8919529,43.3131932],[-5.8919562,43.3131889],[-5.8919585,43.3131843],[-5.8919598,43.3131792],[-5.8919605,43.313171],[-5.891961,43.3131564],[-5.8919625,43.3131505],[-5.8919646,43.3131468],[-5.8919679,43.3131435],[-5.8919722,43.3131405],[-5.8919813,43.3131364],[-5.8919917,43.3131333],[-5.8920008,43.3131316],[-5.8920107,43.3131301],[-5.8920607,43.3131239],[-5.8920821,43.3131209],[-5.8921083,43.3131165],[-5.8921246,43.3131144],[-5.8921576,43.3131107],[-5.8921738,43.3131086],[-5.8921905,43.3131059],[-5.8922236,43.3130996],[-5.8922377,43.3130963],[-5.892249,43.3130928],[-5.8922548,43.3130901],[-5.8922583,43.3130872],[-5.892259,43.3130833],[-5.8922563,43.3130794],[-5.8922505,43.3130759],[-5.8922403,43.3130727],[-5.8922272,43.3130707],[-5.8922133,43.3130696],[-5.892203,43.3130692],[-5.8921526,43.3130695],[-5.8921138,43.3130689],[-5.8920929,43.3130679],[-5.8920729,43.3130664],[-5.8920543,43.3130645],[-5.89204,43.3130627],[-5.8920277,43.3130604],[-5.8920175,43.3130572],[-5.892011,43.3130534],[-5.8920091,43.31305],[-5.89201,43.3130468],[-5.8920142,43.3130436],[-5.8920211,43.313041],[-5.8920329,43.3130381],[-5.8920464,43.3130359],[-5.8920545,43.313035],[-5.8920736,43.3130337],[-5.8920921,43.3130319],[-5.8921096,43.313031],[-5.8921757,43.3130293],[-5.892196,43.3130284],[-5.8922278,43.3130264],[-5.8922502,43.3130244],[-5.8922931,43.3130197],[-5.8923151,43.3130172],[-5.8923387,43.3130142],[-5.8923866,43.3130069],[-5.8924024,43.3130037],[-5.8924237,43.312999],[-5.8924418,43.312994],[-5.8924555,43.3129892],[-5.8924635,43.3129854],[-5.8924677,43.3129817],[-5.892468,43.3129791],[-5.8924951,43.3129829],[-5.8924992,43.3129836],[-5.8926736,43.3129521],[-5.8927057,43.3129445],[-5.8927182,43.3129421],[-5.8927311,43.3129402],[-5.892765,43.3129372],[-5.8927744,43.3129358],[-5.892792,43.3129317],[-5.8928012,43.3129299],[-5.8928111,43.3129284],[-5.8928344,43.3129262],[-5.8928629,43.3129242],[-5.8930893,43.3128853],[-5.8931013,43.3128828],[-5.8931142,43.3128808],[-5.8931277,43.3128794],[-5.8931664,43.3128765],[-5.8931804,43.3128746],[-5.8931955,43.3128712],[-5.893217,43.312865],[-5.893241,43.3128563],[-5.8932496,43.3128536],[-5.8932612,43.3128506],[-5.8934232,43.312804],[-5.8934278,43.3127982],[-5.8934326,43.3127938],[-5.8934446,43.3127849],[-5.8934596,43.3127761],[-5.8934768,43.3127675],[-5.8934958,43.3127589],[-5.8935368,43.312742],[-5.8936018,43.3127172],[-5.8936457,43.3127012],[-5.8936879,43.3126862],[-5.8937561,43.3126605],[-5.8937915,43.312648],[-5.8938228,43.3126376],[-5.8938777,43.3126186],[-5.8939092,43.3126084],[-5.8939731,43.3125869],[-5.8940388,43.3125657],[-5.8941053,43.3125449],[-5.8941497,43.3125315],[-5.8941938,43.3125186],[-5.8942812,43.3124939],[-5.8943436,43.3124772],[-5.8944,43.3124633],[-5.8944102,43.3124604],[-5.894442,43.3124499],[-5.8945152,43.3124268],[-5.8945545,43.3124141],[-5.8945941,43.3124003],[-5.8946144,43.3123925],[-5.8946345,43.3123843],[-5.894674,43.3123669],[-5.8946934,43.3123578],[-5.8947124,43.3123484],[-5.894731,43.3123386],[-5.894749,43.3123282],[-5.8947661,43.3123173],[-5.8947824,43.3123054],[-5.8947979,43.3122929],[-5.8948127,43.3122798],[-5.894827,43.3122664],[-5.8948407,43.3122527],[-5.894854,43.3122386],[-5.8948667,43.3122244],[-5.8948788,43.3122098],[-5.8948901,43.3121949],[-5.894901,43.3121789],[-5.8949111,43.3121625],[-5.8949297,43.3121292],[-5.8949554,43.3120782],[-5.8950034,43.3119776],[-5.8950116,43.3119616],[-5.8950201,43.3119462],[-5.8950293,43.3119314],[-5.8950393,43.3119176],[-5.8950506,43.3119052],[-5.895057,43.3118995],[-5.8950637,43.3118942],[-5.8950756,43.3118865],[-5.8950842,43.3118819],[-5.8951,43.3118757],[-5.8951162,43.3118717],[-5.8951336,43.311869],[-5.8951519,43.3118672],[-5.895171,43.3118658],[-5.8952568,43.3118607],[-5.895276,43.3118598],[-5.8953001,43.3118595],[-5.8953243,43.3118597],[-5.8953486,43.3118603],[-5.8953973,43.3118623],[-5.8954702,43.3118662],[-5.8955338,43.3117756],[-5.8956143,43.3116461],[-5.8956127,43.3116387],[-5.8956111,43.3116277],[-5.89561,43.3116163],[-5.8956077,43.3115649],[-5.8956052,43.3115496],[-5.895601,43.3115342],[-5.8955956,43.311519],[-5.8955893,43.3115044],[-5.8955821,43.3114903],[-5.8955736,43.311477],[-5.8955638,43.3114648],[-5.8955521,43.3114542],[-5.8955377,43.3114449],[-5.8955217,43.3114372],[-5.8955052,43.3114306],[-5.8954888,43.3114247],[-5.8954405,43.3114086],[-5.8954313,43.311406],[-5.8953745,43.3113923],[-5.8953344,43.3113819],[-5.8953068,43.3113762],[-5.8952939,43.3113731],[-5.8952803,43.3113682],[-5.8952694,43.3113618],[-5.895263,43.311355],[-5.89526,43.3113446],[-5.8952614,43.3113326],[-5.8952661,43.3113195],[-5.895273,43.3113058],[-5.8952815,43.311292],[-5.8952911,43.3112782],[-5.8953013,43.3112651],[-5.895312,43.3112528],[-5.8953495,43.3112154],[-5.8953603,43.311206],[-5.895372,43.3111972],[-5.8953843,43.311189],[-5.8953968,43.3111812],[-5.8954177,43.3111692],[-5.8954438,43.311157],[-5.8954795,43.311141],[-5.8954972,43.311132],[-5.8955059,43.3111269],[-5.8955313,43.3111102],[-5.8955575,43.311095],[-5.8955698,43.311087],[-5.8955823,43.3110781],[-5.8955879,43.3110744],[-5.8955931,43.3110715],[-5.8955985,43.3110691],[-5.8956212,43.3110609],[-5.8956304,43.3110568],[-5.8956369,43.3110532],[-5.8956436,43.3110483],[-5.8956497,43.3110431],[-5.8956552,43.3110376],[-5.8956672,43.311024],[-5.8956712,43.3110202],[-5.8956757,43.3110168],[-5.8956903,43.311007],[-5.8956988,43.3109998],[-5.8957123,43.3109871],[-5.8957193,43.3109815],[-5.8957268,43.3109763],[-5.8957353,43.3109714],[-5.8957585,43.31096],[-5.8957713,43.3109529],[-5.8957764,43.3109504],[-5.8957817,43.3109484],[-5.8957872,43.3109472],[-5.8957927,43.3109469],[-5.8958005,43.3109485],[-5.8958069,43.310951],[-5.8958128,43.3109539],[-5.895819,43.3109559],[-5.8958232,43.3109558],[-5.8958275,43.3109541],[-5.8958317,43.3109506],[-5.895834,43.3109479],[-5.8958381,43.3109415],[-5.8958405,43.3109361],[-5.8958421,43.3109303],[-5.8958432,43.3109206],[-5.8958436,43.3109036],[-5.8958447,43.3108973],[-5.8958454,43.3108954],[-5.8958461,43.3108947],[-5.8958514,43.3108971],[-5.8958586,43.3109],[-5.89589,43.3109112],[-5.8959067,43.3109176],[-5.8959227,43.3109252],[-5.8959364,43.3109345],[-5.8959454,43.3109445],[-5.8959493,43.3109516],[-5.8959518,43.310959],[-5.8959528,43.3109668],[-5.8959509,43.3109804],[-5.8959421,43.3110047],[-5.8959386,43.311016],[-5.8959359,43.3110275],[-5.8959341,43.311039],[-5.8959338,43.3110515],[-5.8959361,43.3110646],[-5.8959404,43.3110779],[-5.8959461,43.3110912],[-5.8959656,43.311132],[-5.8959769,43.3111604],[-5.8959813,43.3111734],[-5.8959854,43.3111893],[-5.8959921,43.3112208],[-5.8959961,43.3112358],[-5.8960014,43.31125],[-5.8960064,43.3112595],[-5.896027,43.3112924],[-5.8960299,43.3112991],[-5.8960316,43.3113059],[-5.8960315,43.3113068],[-5.8961327,43.3112782],[-5.8961407,43.3112745],[-5.8961512,43.3112704],[-5.8961626,43.3112666],[-5.8961918,43.3112577],[-5.89624,43.3112417],[-5.8962521,43.311238],[-5.8962763,43.3112315],[-5.8962883,43.3112289],[-5.8963075,43.3112255],[-5.8963234,43.3112234],[-5.896339,43.3112219],[-5.8963541,43.3112212],[-5.8963717,43.3112217],[-5.8963878,43.3112238],[-5.8963997,43.3112267],[-5.8964103,43.3112304],[-5.8964227,43.3112354],[-5.8964346,43.311239],[-5.8964443,43.31124],[-5.8964542,43.311239],[-5.8964612,43.311237],[-5.896468,43.311234],[-5.8964782,43.3112271],[-5.8964878,43.3112187],[-5.8965069,43.3112001],[-5.8965243,43.3111851],[-5.8965318,43.3111776],[-5.8965374,43.3111699],[-5.89654,43.3111626],[-5.8965403,43.3111551],[-5.8965381,43.3111478],[-5.8965341,43.3111416],[-5.8965282,43.3111358],[-5.8965195,43.3111298],[-5.8965092,43.3111243],[-5.896498,43.3111193],[-5.896462,43.3111039],[-5.8964504,43.3110979],[-5.8964425,43.311092],[-5.8964372,43.3110855],[-5.896435,43.3110788],[-5.8964355,43.311072],[-5.8964385,43.3110652],[-5.896444,43.3110589],[-5.8964514,43.3110531],[-5.8964604,43.311048],[-5.8964704,43.3110436],[-5.8964809,43.3110397],[-5.8964915,43.3110364],[-5.8965,43.3110344],[-5.8965082,43.3110331],[-5.8965131,43.3110327],[-5.8965235,43.3110332],[-5.8965321,43.3110352],[-5.8965392,43.3110387],[-5.896545,43.3110424],[-5.8965501,43.3110452],[-5.8965563,43.3110475],[-5.8965667,43.3110494],[-5.8965766,43.3110491],[-5.8965874,43.3110471],[-5.8965995,43.3110432],[-5.8966212,43.3110341],[-5.8966417,43.3110248],[-5.8966544,43.3110193],[-5.8966677,43.3110142],[-5.8966811,43.3110094],[-5.8966916,43.3110059],[-5.8967093,43.3110015],[-5.8967275,43.3109985],[-5.8967459,43.3109967],[-5.896779,43.3109953],[-5.8967891,43.3109944],[-5.8968052,43.3109919],[-5.8968208,43.3109882],[-5.8968518,43.3109794],[-5.8968643,43.3109768],[-5.8969083,43.3109696],[-5.8969172,43.3109685],[-5.8969259,43.3109679],[-5.896934,43.3109677],[-5.8969416,43.310968],[-5.8969462,43.3109687],[-5.8969547,43.3109709],[-5.8969642,43.3109753],[-5.8969596,43.3109745],[-5.8969632,43.3109829],[-5.8969643,43.3109841],[-5.8969653,43.3109842],[-5.896967,43.3109834],[-5.8969705,43.3109808],[-5.8969734,43.3109845],[-5.8969782,43.3109948],[-5.8969812,43.3109999],[-5.8969872,43.3110064],[-5.8969954,43.3110119],[-5.8970021,43.311015],[-5.897012,43.3110182],[-5.8970206,43.31102],[-5.8970268,43.3110203],[-5.8970321,43.3110191],[-5.8970366,43.3110157],[-5.8970397,43.3110105],[-5.8970418,43.3110029],[-5.8970437,43.3109942],[-5.8970465,43.3109847],[-5.8970498,43.3109773],[-5.8970541,43.3109698],[-5.8970708,43.3109442],[-5.8970749,43.3109359],[-5.897077,43.3109278],[-5.8970772,43.3109206],[-5.8970758,43.310915],[-5.8970729,43.3109116],[-5.8970697,43.3109109],[-5.8970667,43.3109113],[-5.8970538,43.3109166],[-5.897048,43.3109182],[-5.8970408,43.3109186],[-5.8970334,43.3109176],[-5.8970268,43.3109153],[-5.8970218,43.3109119],[-5.8970194,43.3109074],[-5.897019,43.3109024],[-5.8970201,43.3108975],[-5.897026,43.310885],[-5.8970311,43.3108669],[-5.8970339,43.3108605],[-5.8970386,43.3108553],[-5.8970445,43.3108524],[-5.8970519,43.3108506],[-5.89706,43.3108496],[-5.8970781,43.310848],[-5.8970867,43.3108463],[-5.8970983,43.3108434],[-5.8971038,43.3108423],[-5.8971088,43.3108421],[-5.8971129,43.3108429],[-5.8971163,43.3108446],[-5.8971194,43.310848],[-5.8971256,43.310862],[-5.8971285,43.3108665],[-5.8971397,43.3108801],[-5.8971452,43.3108878],[-5.8971506,43.3108963],[-5.8971558,43.3109054],[-5.897163,43.3109199],[-5.897167,43.3109305],[-5.8971718,43.3109459],[-5.8971733,43.3109517],[-5.8971741,43.3109573],[-5.8971735,43.3109659],[-5.8971715,43.3109715],[-5.8971685,43.3109766],[-5.8971617,43.3109856],[-5.8971594,43.3109898],[-5.8971584,43.3109941],[-5.8971592,43.3109985],[-5.8971624,43.3110027],[-5.8971652,43.3110052],[-5.8971724,43.3110097],[-5.8971813,43.3110134],[-5.8971911,43.3110161],[-5.8972013,43.3110172],[-5.8972117,43.3110164],[-5.897221,43.3110136],[-5.8972284,43.3110092],[-5.8972339,43.3110018],[-5.8972356,43.3109954],[-5.8972357,43.3109889],[-5.8972346,43.3109759],[-5.8972349,43.3109716],[-5.8972367,43.3109641],[-5.8972436,43.3109466],[-5.8972507,43.3109306],[-5.8972539,43.3109246],[-5.8972576,43.3109188],[-5.8972657,43.3109098],[-5.8972756,43.3109031],[-5.8972843,43.3109],[-5.8972923,43.3108985],[-5.8973145,43.3108958],[-5.8973279,43.3108933],[-5.8973376,43.3108903],[-5.8973556,43.3108832],[-5.897361,43.3108815],[-5.8973665,43.3108806],[-5.8973757,43.3108808],[-5.8973847,43.310883],[-5.8973896,43.3108851],[-5.897394,43.3108877],[-5.8974097,43.3108999],[-5.8974147,43.3109034],[-5.8974202,43.3109064],[-5.8974265,43.310909],[-5.8974357,43.310912],[-5.8974473,43.310915],[-5.8974593,43.3109163],[-5.8974704,43.310915],[-5.8974939,43.3109089],[-5.8975191,43.3109029],[-5.8975363,43.3108983],[-5.8975445,43.3108968],[-5.8975489,43.3108964],[-5.8975595,43.3108971],[-5.8975803,43.3109004],[-5.8975901,43.3109016],[-5.8975989,43.3109021],[-5.8976087,43.3109016],[-5.8976122,43.3109008],[-5.897614,43.3108994],[-5.897614,43.3108975],[-5.8976125,43.310895],[-5.8976053,43.3108875],[-5.8976008,43.3108818],[-5.8975978,43.3108756],[-5.897594,43.3108633],[-5.897594,43.3108574],[-5.8975949,43.3108549],[-5.8975974,43.3108509],[-5.8976011,43.3108469],[-5.8976084,43.3108411],[-5.8976117,43.3108395],[-5.8976138,43.3108412],[-5.8976148,43.3108435],[-5.8976135,43.3108531],[-5.8976136,43.3108548],[-5.8976149,43.3108582],[-5.897617,43.3108613],[-5.8976196,43.3108641],[-5.8976223,43.3108662],[-5.8976237,43.3108668],[-5.8976249,43.3108669],[-5.8976261,43.3108665],[-5.8976272,43.3108656],[-5.8976301,43.3108611],[-5.8976324,43.3108554],[-5.8976327,43.3108512],[-5.8976321,43.310849],[-5.8976308,43.310847],[-5.897629,43.3108454],[-5.8976247,43.3108428],[-5.8976191,43.3108407],[-5.8976186,43.3108394],[-5.8976169,43.310837],[-5.8976175,43.3108367],[-5.8976249,43.3108347],[-5.8976328,43.3108338],[-5.8976393,43.3108338],[-5.8976491,43.3108349],[-5.8976585,43.3108364],[-5.8976677,43.3108375],[-5.8976761,43.3108371],[-5.8976837,43.3108352],[-5.8976911,43.3108312],[-5.8977046,43.3108199],[-5.8977119,43.3108148],[-5.8977195,43.3108123],[-5.8977247,43.3108127],[-5.8977298,43.3108144],[-5.8977376,43.3108189],[-5.8977542,43.310833],[-5.8977782,43.310852],[-5.8977858,43.3108568],[-5.8977921,43.3108603],[-5.8977985,43.310863],[-5.8978059,43.3108648],[-5.8978156,43.3108652],[-5.897837,43.3108638],[-5.8978488,43.3108643],[-5.8978726,43.3108671],[-5.8978837,43.310869],[-5.8978928,43.3108711],[-5.8979019,43.3108736],[-5.8979157,43.3108783],[-5.8979446,43.3108889],[-5.8980055,43.3109094],[-5.8980157,43.310912],[-5.8980262,43.3109143],[-5.8980513,43.3109188],[-5.8980599,43.31092],[-5.8980733,43.3109208],[-5.8980861,43.3109206],[-5.8981049,43.3109185],[-5.8981205,43.3109159],[-5.8981294,43.3109148],[-5.8981397,43.3109156],[-5.8981496,43.3109188],[-5.8981806,43.3109343],[-5.8981888,43.3109379],[-5.898201,43.3109422],[-5.8982139,43.3109459],[-5.8982272,43.3109491],[-5.8982523,43.310954],[-5.8982644,43.3109567],[-5.8982966,43.310967],[-5.8983068,43.3109699],[-5.8983191,43.3109727],[-5.8983285,43.3109743],[-5.8983434,43.3109759],[-5.8983576,43.3109761],[-5.8983708,43.3109744],[-5.8983787,43.3109722],[-5.8983853,43.3109689],[-5.8983921,43.3109621],[-5.8983961,43.3109537],[-5.8983984,43.3109438],[-5.8983998,43.3109337],[-5.8984018,43.3109242],[-5.898408,43.3109085],[-5.8984086,43.3109038],[-5.8984063,43.3108976],[-5.8984014,43.310892],[-5.8983955,43.3108877],[-5.8983918,43.3108859],[-5.8983881,43.3108851],[-5.8983822,43.3108865],[-5.8983779,43.310889],[-5.8983653,43.3108977],[-5.898357,43.3109026],[-5.8983478,43.3109064],[-5.8983371,43.3109092],[-5.8983259,43.3109102],[-5.8983194,43.3109097],[-5.898313,43.3109084],[-5.8983042,43.3109054],[-5.8982738,43.3108925],[-5.8982671,43.3108894],[-5.8982607,43.3108861],[-5.8982552,43.3108825],[-5.8982501,43.3108787],[-5.8982374,43.3108681],[-5.8982304,43.3108629],[-5.8982233,43.3108584],[-5.8982041,43.3108498],[-5.898196,43.3108455],[-5.8981891,43.3108405],[-5.8981835,43.3108345],[-5.898179,43.3108262],[-5.8981766,43.3108173],[-5.8981753,43.3108097],[-5.8981736,43.3108022],[-5.8981704,43.3107952],[-5.8981655,43.3107887],[-5.8981596,43.3107832],[-5.8981418,43.3107685],[-5.8981165,43.3107438],[-5.8981026,43.310732],[-5.8980976,43.3107269],[-5.8980953,43.310722],[-5.8980959,43.310718],[-5.8980988,43.3107142],[-5.8981038,43.3107105],[-5.8981173,43.3107032],[-5.8981436,43.3106875],[-5.8981507,43.3106827],[-5.8981554,43.3106778],[-5.8981585,43.3106735],[-5.8981621,43.3106696],[-5.898166,43.3106669],[-5.8981706,43.3106648],[-5.8981769,43.3106628],[-5.898184,43.3106618],[-5.8981909,43.3106621],[-5.8981981,43.3106634],[-5.8982075,43.310666],[-5.8982262,43.3106717],[-5.8982348,43.3106734],[-5.8982423,43.3106741],[-5.8982472,43.3106737],[-5.8982507,43.3106722],[-5.8982529,43.3106696],[-5.8982546,43.3106651],[-5.8982576,43.3106456],[-5.8982582,43.3106428],[-5.8982593,43.3106401],[-5.8982628,43.3106372],[-5.8982684,43.3106364],[-5.8982753,43.3106385],[-5.8982799,43.3106409],[-5.8982847,43.310644],[-5.8982892,43.3106478],[-5.8982935,43.310652],[-5.8982984,43.3106579],[-5.8983023,43.3106649],[-5.8983039,43.3106703],[-5.8983065,43.3106869],[-5.898308,43.3106919],[-5.8983105,43.310696],[-5.8983142,43.3106988],[-5.89832,43.3107001],[-5.8983273,43.3107],[-5.8983461,43.3106984],[-5.8983558,43.3106983],[-5.898366,43.3106986],[-5.8984025,43.3107009],[-5.8984199,43.3107025],[-5.8984277,43.3107029],[-5.898435,43.3107028],[-5.8984461,43.3107008],[-5.8984537,43.3106967],[-5.8984601,43.3106907],[-5.8984654,43.3106835],[-5.8984696,43.3106758],[-5.8984729,43.3106678],[-5.898475,43.310659],[-5.8984754,43.3106527],[-5.8984745,43.3106467],[-5.8984723,43.3106409],[-5.8984649,43.3106266],[-5.8984594,43.3106168],[-5.8984532,43.3106068],[-5.8984464,43.310597],[-5.8984382,43.3105873],[-5.8984289,43.310579],[-5.8984142,43.3105675],[-5.898409,43.3105627],[-5.8984055,43.3105582],[-5.8984041,43.3105545],[-5.8984038,43.3105512],[-5.8984045,43.3105478],[-5.8984066,43.3105412],[-5.8984069,43.310533],[-5.8984081,43.3105296],[-5.8984102,43.3105264],[-5.8984156,43.3105228],[-5.8984236,43.3105216],[-5.8984334,43.3105222],[-5.8984485,43.3105249],[-5.8984579,43.3105261],[-5.8984932,43.3105286],[-5.8985308,43.310532],[-5.8985425,43.310532],[-5.898554,43.3105308],[-5.8985916,43.310523],[-5.8986074,43.3105202],[-5.8986229,43.3105179],[-5.8986285,43.3105174],[-5.8986605,43.3105158],[-5.8986756,43.3105141],[-5.8987066,43.3105093],[-5.8987221,43.3105073],[-5.8987621,43.3105044],[-5.8987731,43.310503],[-5.8987817,43.3105009],[-5.898788,43.3104979],[-5.8987912,43.3104941],[-5.8987907,43.3104887],[-5.898787,43.3104823],[-5.8987748,43.3104664],[-5.8987685,43.3104569],[-5.8987631,43.3104463],[-5.8987592,43.310435],[-5.898757,43.3104234],[-5.8987571,43.3104093],[-5.8987605,43.3103959],[-5.8987674,43.3103837],[-5.898771,43.3103797],[-5.8987802,43.3103723],[-5.8987926,43.3103659],[-5.8988086,43.3103603],[-5.8988264,43.3103561],[-5.8988414,43.3103537],[-5.898857,43.310352],[-5.8989028,43.3103479],[-5.8989178,43.310347],[-5.8989347,43.3103466],[-5.8989513,43.3103471],[-5.8989672,43.3103486],[-5.8989868,43.3103519],[-5.8990113,43.3103577],[-5.8990275,43.3103627],[-5.8990416,43.3103679],[-5.8990527,43.3103733],[-5.8990591,43.3103779],[-5.8990625,43.310382],[-5.8990668,43.3103898],[-5.8990705,43.3103939],[-5.8990754,43.3103982],[-5.8990864,43.3104063],[-5.8990913,43.3104092],[-5.8990966,43.3104115],[-5.8991025,43.3104134],[-5.8991185,43.3104175],[-5.8991259,43.3104204],[-5.8991313,43.3104234],[-5.8991314,43.3104237],[-5.8991325,43.3104249],[-5.8991334,43.310425],[-5.8991465,43.3104355],[-5.8991507,43.310438],[-5.899156,43.3104406],[-5.8991629,43.3104432],[-5.8991709,43.3104455],[-5.8991999,43.3104525],[-5.8992461,43.3104649],[-5.8992575,43.3104677],[-5.8992799,43.3104723],[-5.8993152,43.3104777],[-5.899326,43.3104801],[-5.8993358,43.3104836],[-5.8993583,43.3104943],[-5.8994001,43.3105126],[-5.8994252,43.3105224],[-5.899446,43.3105301],[-5.8994542,43.3105334],[-5.8994632,43.3105376],[-5.8994805,43.310547],[-5.8994888,43.310552],[-5.8995078,43.3105647],[-5.8995194,43.3105721],[-5.8995425,43.3105847],[-5.8995519,43.3105902],[-5.8995667,43.3106002],[-5.8995748,43.3106051],[-5.8995839,43.3106097],[-5.8995984,43.3106155],[-5.8996109,43.3106195],[-5.8996233,43.3106229],[-5.8996362,43.310626],[-5.8996547,43.31063],[-5.8996731,43.3106332],[-5.899691,43.3106347],[-5.8997043,43.3106342],[-5.8997165,43.3106323],[-5.8997273,43.3106292],[-5.8997356,43.3106252],[-5.8997417,43.3106202],[-5.8997453,43.3106144],[-5.8997464,43.3106064],[-5.8997442,43.3105913],[-5.8997448,43.3105845],[-5.8997484,43.3105779],[-5.899751,43.3105753],[-5.8997576,43.3105706],[-5.8997657,43.3105671],[-5.8997751,43.3105646],[-5.8997859,43.3105632],[-5.8997975,43.3105626],[-5.8998099,43.3105625],[-5.8998318,43.3105632],[-5.8998507,43.3105651],[-5.8998698,43.310568],[-5.8998885,43.3105715],[-5.8999064,43.3105752],[-5.8999193,43.3105782],[-5.89993,43.3105812],[-5.8999641,43.3105936],[-5.8999758,43.3105969],[-5.8999869,43.3105992],[-5.8999981,43.3106008],[-5.9000136,43.3106026],[-5.9000288,43.3106049],[-5.9000431,43.3106089],[-5.9000569,43.3106146],[-5.9000658,43.3106193],[-5.9001051,43.3106421],[-5.9001141,43.3106468],[-5.9001234,43.3106511],[-5.9001328,43.3106549],[-5.9001467,43.3106598],[-5.9001603,43.3106633],[-5.9001734,43.3106652],[-5.9001841,43.3106653],[-5.900211,43.3106638],[-5.900224,43.310664],[-5.9002376,43.3106649],[-5.9002512,43.3106667],[-5.9002679,43.3106701],[-5.9002838,43.3106746],[-5.9002945,43.3106782],[-5.9003044,43.3106823],[-5.9003121,43.3106862],[-5.9003192,43.3106904],[-5.9003436,43.3107068],[-5.9003519,43.3107116],[-5.9003624,43.3107164],[-5.9003736,43.3107202],[-5.900385,43.3107232],[-5.9003959,43.3107253],[-5.9004146,43.3107281],[-5.9004247,43.3107304],[-5.9004352,43.3107336],[-5.9004458,43.3107374],[-5.9004655,43.3107455],[-5.9004736,43.3107494],[-5.9004816,43.3107538],[-5.9004918,43.3107603],[-5.9005018,43.3107675],[-5.9005264,43.3107865],[-5.9005395,43.3107952],[-5.9005528,43.3108023],[-5.9005668,43.3108083],[-5.9005808,43.3108136],[-5.9005997,43.3108199],[-5.900609,43.3108227],[-5.9006184,43.310825],[-5.9006419,43.3108291],[-5.9006573,43.3108321],[-5.9006732,43.3108359],[-5.9006892,43.3108407],[-5.9007049,43.3108467],[-5.9007198,43.310854],[-5.9007342,43.3108623],[-5.9008045,43.3109059],[-5.9008225,43.3109167],[-5.9008357,43.3109243],[-5.9008492,43.3109316],[-5.9008629,43.3109385],[-5.9008795,43.310946],[-5.9008966,43.3109525],[-5.900914,43.3109579],[-5.9009318,43.3109618],[-5.9009494,43.3109639],[-5.9009637,43.3109647],[-5.9009807,43.3109646],[-5.9010147,43.3109633],[-5.9010325,43.3109633],[-5.9010501,43.3109638],[-5.9010674,43.3109651],[-5.9010801,43.3109665],[-5.9010924,43.3109686],[-5.9011021,43.3109709],[-5.9011185,43.3109757],[-5.9011335,43.3109808],[-5.9011636,43.3109921],[-5.9011949,43.3110053],[-5.9012418,43.311027],[-5.9012558,43.3110328],[-5.9012734,43.3110393],[-5.9013251,43.3110561],[-5.9013644,43.3110682],[-5.9013935,43.3110761],[-5.9014302,43.3110843],[-5.9014482,43.3110888],[-5.9014684,43.311095],[-5.9014878,43.3111023],[-5.9015062,43.3111103],[-5.9015182,43.3111161],[-5.9015293,43.3111222],[-5.9015389,43.3111282],[-5.9015476,43.3111345],[-5.9015564,43.3111419],[-5.9015636,43.3111494],[-5.9015685,43.3111568],[-5.9015715,43.3111661],[-5.9015727,43.3111798],[-5.901574,43.3111864],[-5.9015769,43.3111925],[-5.901583,43.3111983],[-5.9015913,43.3112032],[-5.9016005,43.311207],[-5.9016089,43.3112095],[-5.9016163,43.311211],[-5.9016228,43.3112113],[-5.9016281,43.3112106],[-5.9016328,43.3112086],[-5.9016408,43.3112031],[-5.9016454,43.3112004],[-5.9016534,43.3111967],[-5.9016629,43.3111937],[-5.9016725,43.3111918],[-5.9016773,43.3111914],[-5.9016882,43.3111915],[-5.9017006,43.3111928],[-5.9017129,43.3111953],[-5.9017248,43.3111987],[-5.9017704,43.3112139],[-5.9017877,43.311219],[-5.9018256,43.3112287],[-5.9018403,43.3112321],[-5.9018553,43.3112347],[-5.9018723,43.3112362],[-5.9018896,43.3112365],[-5.9019211,43.3112355],[-5.9019371,43.3112354],[-5.9019576,43.3112363],[-5.9019783,43.3112386],[-5.901999,43.311242],[-5.9020261,43.311248],[-5.9020606,43.3112567],[-5.9020869,43.311264],[-5.9021113,43.3112719],[-5.9021404,43.3112828],[-5.9021769,43.3112979],[-5.9022296,43.3113206],[-5.9022473,43.3113275],[-5.9022656,43.3113335],[-5.9022843,43.311339],[-5.9023627,43.3113603],[-5.9024227,43.3113779],[-5.902462,43.3113901],[-5.9025114,43.3114064],[-5.9025639,43.3114225],[-5.902582,43.3114288],[-5.9026041,43.3114376],[-5.9026258,43.311447],[-5.9027037,43.3114819],[-5.90272,43.3114895],[-5.9027355,43.3114974],[-5.9027476,43.3115042],[-5.9027695,43.3115177],[-5.9027929,43.3115333],[-5.902802,43.3115384],[-5.9028154,43.3115432],[-5.902823,43.3115452],[-5.9028352,43.3115478],[-5.902876,43.3115552],[-5.9028929,43.3115579],[-5.9029039,43.3115601],[-5.9029161,43.3115636],[-5.902929,43.3115683],[-5.9029424,43.311574],[-5.902956,43.3115803],[-5.9029696,43.3115872],[-5.9029831,43.3115945],[-5.9030219,43.3116184],[-5.9030326,43.3116241],[-5.903044,43.311629],[-5.9030546,43.3116325],[-5.9030656,43.3116355],[-5.9030836,43.3116394],[-5.9031023,43.3116426],[-5.9031213,43.3116453],[-5.9031404,43.3116474],[-5.9031927,43.3116514],[-5.9032086,43.3116536],[-5.9032182,43.3116556],[-5.9032346,43.31166],[-5.9032481,43.3116646],[-5.9032857,43.3116792],[-5.903304,43.3116857],[-5.9033231,43.3116917],[-5.9033426,43.3116971],[-5.9033624,43.3117021],[-5.9034245,43.3117158],[-5.9034418,43.3117204],[-5.9034563,43.311725],[-5.9034746,43.3117318],[-5.9035262,43.3117531],[-5.9035738,43.3117708],[-5.9036053,43.311782],[-5.9036414,43.3117953],[-5.9036867,43.3118134],[-5.9037275,43.3118309],[-5.903759,43.3118438],[-5.9038001,43.3118615],[-5.9038282,43.3118726],[-5.9039455,43.3119262],[-5.9039583,43.3119323],[-5.9039708,43.3119387],[-5.9039828,43.3119453],[-5.9040039,43.3119579],[-5.9040186,43.3119672],[-5.9040967,43.3120181],[-5.9041228,43.3120345],[-5.9041544,43.312057],[-5.9041823,43.3120788],[-5.904198,43.3120902],[-5.9042119,43.312102],[-5.9042172,43.312106],[-5.9042374,43.3121198],[-5.904272,43.3121468],[-5.904283,43.3121563],[-5.9043155,43.3121889],[-5.9043406,43.3122131],[-5.9043486,43.3122215],[-5.9043636,43.3122389],[-5.9043829,43.3122633],[-5.9044214,43.3123099],[-5.9044389,43.3123349],[-5.9044657,43.3123756],[-5.9044837,43.3123992],[-5.9044924,43.3124094],[-5.9045031,43.3124203],[-5.9045156,43.3124322],[-5.9045456,43.3124594],[-5.9045543,43.3124684],[-5.9045659,43.3124819],[-5.9045748,43.3124934],[-5.9045907,43.3125181],[-5.9045996,43.3125306],[-5.9046095,43.3125413],[-5.9046305,43.3125611],[-5.9046381,43.3125694],[-5.904645,43.3125778],[-5.904652,43.3125867],[-5.9046551,43.3125916],[-5.904659,43.3126],[-5.9046623,43.3126113],[-5.9046651,43.3126182],[-5.9046693,43.3126246],[-5.9046767,43.3126312],[-5.9046858,43.3126364],[-5.9047016,43.3126432],[-5.9047058,43.3126453],[-5.9047152,43.3126513],[-5.9047246,43.3126589],[-5.9047336,43.3126674],[-5.9047416,43.312676],[-5.9047512,43.312687],[-5.9047641,43.3127026],[-5.9047748,43.3127137],[-5.9047914,43.3127297],[-5.9048027,43.3127415],[-5.9048244,43.3127662],[-5.9048449,43.3127914],[-5.9048595,43.3128099],[-5.9048788,43.3128365],[-5.9049065,43.3128767],[-5.9049109,43.3128844],[-5.904925,43.3129152],[-5.9049269,43.3129208],[-5.9049326,43.3129457],[-5.9049364,43.3129569],[-5.9049428,43.3129673],[-5.9049508,43.3129749],[-5.904961,43.3129818],[-5.9049725,43.3129881],[-5.9049988,43.3130012],[-5.90501,43.3130075],[-5.9050174,43.313012],[-5.9050315,43.3130213],[-5.9050414,43.3130291],[-5.9050708,43.3130542],[-5.9050823,43.3130646],[-5.9050936,43.3130757],[-5.9051161,43.3130992],[-5.9051631,43.3131503],[-5.9051868,43.3131769],[-5.905221,43.3132169],[-5.9052606,43.3132651],[-5.9052808,43.3132905],[-5.9052865,43.3132969],[-5.9053021,43.3133119],[-5.90532,43.31333],[-5.9053554,43.3133677],[-5.9053791,43.3133916],[-5.9054102,43.3134237],[-5.9054926,43.3135116],[-5.9055353,43.3135557],[-5.9055647,43.3135846],[-5.9055799,43.3135988],[-5.9056112,43.3136266],[-5.9056592,43.3136676],[-5.9056918,43.3136946],[-5.9057251,43.313721],[-5.9057422,43.3137339],[-5.9057595,43.3137465],[-5.9057948,43.313771],[-5.9058308,43.3137951],[-5.9059397,43.3138667],[-5.9060128,43.313914],[-5.9060499,43.3139371],[-5.9060687,43.3139484],[-5.9061074,43.3139705],[-5.906147,43.3139918],[-5.9061873,43.3140121],[-5.9062079,43.3140218],[-5.9062464,43.3140387],[-5.9063639,43.3140866],[-5.9064025,43.3141031],[-5.9064214,43.3141117],[-5.9064822,43.3141408],[-5.9065026,43.3141502],[-5.9065233,43.3141588],[-5.9065446,43.3141665],[-5.9065644,43.3141723],[-5.9065847,43.3141773],[-5.9066054,43.3141817],[-5.9066899,43.3141972],[-5.906736,43.3142064],[-5.9068049,43.3142217],[-5.9069423,43.3142535],[-5.9069861,43.314263],[-5.9070282,43.3142713],[-5.9070705,43.3142784],[-5.9070917,43.3142814],[-5.9071151,43.3142841],[-5.9071385,43.3142862],[-5.907162,43.314288],[-5.9071856,43.3142895],[-5.9072329,43.3142919],[-5.9072802,43.3142936],[-5.9073524,43.3142951],[-5.9074968,43.3142968],[-5.9075931,43.3142975],[-5.9076654,43.3142971],[-5.9076894,43.3142965],[-5.9077135,43.3142956],[-5.9077379,43.3142942],[-5.9077867,43.3142903],[-5.9078357,43.3142856],[-5.9078848,43.3142805],[-5.9080083,43.314267],[-5.9080815,43.3142581],[-5.9081279,43.3142513],[-5.9081495,43.3142475],[-5.9081647,43.3142443],[-5.9081787,43.3142411],[-5.908191,43.3142378],[-5.9082025,43.3142339],[-5.9082111,43.3142292],[-5.9082162,43.3142241],[-5.9082171,43.3142192],[-5.9082149,43.3142163],[-5.9082106,43.3142139],[-5.9081992,43.3142114],[-5.9081839,43.3142105],[-5.9081658,43.3142107],[-5.9081456,43.3142117],[-5.9081241,43.3142134],[-5.9080784,43.3142179],[-5.908031,43.3142233],[-5.9078876,43.3142405],[-5.90784,43.3142456],[-5.9077925,43.3142497],[-5.9077486,43.3142524],[-5.9076789,43.3142554],[-5.9076314,43.314257],[-5.907584,43.3142579],[-5.9075369,43.3142578],[-5.9075135,43.3142571],[-5.9074529,43.3142541],[-5.9073737,43.3142518],[-5.9073522,43.3142508],[-5.9073298,43.3142493],[-5.9073077,43.3142475],[-5.9072541,43.3142422],[-5.9072384,43.3142413],[-5.9072022,43.3142413],[-5.9071827,43.3142409],[-5.9071628,43.31424],[-5.9071425,43.3142386],[-5.9071016,43.3142346],[-5.9070605,43.3142292],[-5.9070401,43.314226],[-5.9069713,43.3142139],[-5.9069336,43.3142064],[-5.9068992,43.3141991],[-5.9068734,43.3141928],[-5.9068494,43.3141863],[-5.9068302,43.3141806],[-5.9068133,43.3141747],[-5.9067975,43.3141683],[-5.906783,43.3141612],[-5.9067703,43.3141536],[-5.906747,43.3141357],[-5.9067388,43.3141302],[-5.9067299,43.3141251],[-5.906721,43.3141208],[-5.9067115,43.3141169],[-5.9066986,43.3141125],[-5.9066852,43.314109],[-5.9066715,43.3141065],[-5.9066616,43.3141054],[-5.9066523,43.3141048],[-5.9066431,43.3141047],[-5.9066178,43.3141057],[-5.906605,43.3141057],[-5.9065893,43.3141043],[-5.9065731,43.3141016],[-5.9065562,43.3140978],[-5.9065412,43.314094],[-5.9065103,43.3140853],[-5.9064892,43.3140787],[-5.9064464,43.3140646],[-5.9064033,43.3140497],[-5.9063601,43.3140342],[-5.9063174,43.3140182],[-5.9062756,43.3140013],[-5.9062554,43.3139924],[-5.9062377,43.313984],[-5.9062204,43.3139754],[-5.9061874,43.3139577],[-5.906157,43.3139402],[-5.9061165,43.3139159],[-5.9061079,43.3139114],[-5.9060718,43.3138944],[-5.9060293,43.3138722],[-5.9060125,43.3138626],[-5.9059965,43.3138528],[-5.9059805,43.3138426],[-5.9059182,43.3138018],[-5.9058749,43.313772],[-5.9058338,43.3137426],[-5.9058049,43.31372],[-5.905796,43.3137124],[-5.9057818,43.3136991],[-5.9057715,43.3136902],[-5.9057447,43.3136684],[-5.9057267,43.3136542],[-5.9057138,43.3136429],[-5.9056979,43.313627],[-5.9056836,43.3136111],[-5.9056578,43.3135792],[-5.9056441,43.3135641],[-5.9056329,43.3135534],[-5.905621,43.3135432],[-5.9055922,43.3135194],[-5.9055814,43.3135094],[-5.9055712,43.3134993],[-5.9055578,43.3134851],[-5.9055493,43.3134744],[-5.9055355,43.3134544],[-5.9055306,43.3134476],[-5.9055253,43.3134412],[-5.9055172,43.3134331],[-5.9054959,43.3134151],[-5.9054911,43.3134105],[-5.9054869,43.3134055],[-5.9054735,43.3133861],[-5.9054668,43.3133774],[-5.9054519,43.3133593],[-5.9054447,43.3133497],[-5.9054383,43.31334],[-5.9054264,43.3133203],[-5.9054147,43.3132984],[-5.9054104,43.313289],[-5.9054073,43.3132799],[-5.905406,43.3132732],[-5.9054059,43.3132665],[-5.9054083,43.3132561],[-5.9054134,43.3132448],[-5.905426,43.3132223],[-5.9054308,43.3132126],[-5.9054337,43.3132033],[-5.9054335,43.3131944],[-5.9054302,43.3131873],[-5.9054242,43.3131807],[-5.9054183,43.3131763],[-5.9054114,43.3131723],[-5.9054039,43.3131689],[-5.9053957,43.3131659],[-5.905348,43.3131512],[-5.905333,43.3131457],[-5.9053184,43.3131393],[-5.9053045,43.313132],[-5.9052919,43.313124],[-5.9052804,43.3131151],[-5.9052676,43.313103],[-5.9052328,43.3130645],[-5.9052203,43.3130526],[-5.9052104,43.3130447],[-5.9051763,43.3130206],[-5.9051641,43.3130111],[-5.9051547,43.3130028],[-5.905143,43.3129913],[-5.9051329,43.3129796],[-5.9051252,43.3129675],[-5.9051212,43.3129581],[-5.9051147,43.3129387],[-5.9051115,43.3129314],[-5.9051075,43.312924],[-5.9050993,43.3129123],[-5.9050894,43.3129007],[-5.9050699,43.3128806],[-5.9050513,43.3128633],[-5.9050224,43.3128382],[-5.9049876,43.3128099],[-5.9049769,43.3128001],[-5.9049688,43.3127901],[-5.9049646,43.3127809],[-5.9049634,43.3127743],[-5.9049638,43.3127677],[-5.904966,43.3127612],[-5.9049698,43.3127548],[-5.9049789,43.3127444],[-5.9049904,43.3127343],[-5.9050036,43.3127247],[-5.9050178,43.3127159],[-5.9050313,43.312709],[-5.9050454,43.3127036],[-5.9050601,43.3127002],[-5.9050754,43.3126983],[-5.9051061,43.3126957],[-5.9051376,43.3126921],[-5.9051541,43.3126919],[-5.9051692,43.3126933],[-5.9052029,43.3126981],[-5.9052217,43.3127002],[-5.9052412,43.3127017],[-5.905261,43.312702],[-5.9052834,43.3127009],[-5.9053057,43.3126986],[-5.9053278,43.3126956],[-5.905349,43.3126922],[-5.9053693,43.3126881],[-5.9053792,43.3126856],[-5.9053887,43.3126827],[-5.9053976,43.3126793],[-5.9054109,43.3126725],[-5.9054212,43.3126642],[-5.9054264,43.3126576],[-5.90543,43.3126506],[-5.9054328,43.3126402],[-5.9054329,43.3126297],[-5.9054305,43.3126197],[-5.9054255,43.3126107],[-5.9054199,43.312605],[-5.9054131,43.3126002],[-5.9054066,43.3125968],[-5.9053995,43.3125939],[-5.9053781,43.3125862],[-5.9053624,43.3125798],[-5.9053474,43.3125723],[-5.9053162,43.3125561],[-5.9052997,43.3125488],[-5.9052038,43.3125101],[-5.9051887,43.3125031],[-5.9051444,43.3124798],[-5.9051026,43.3124586],[-5.9050881,43.3124504],[-5.9050741,43.3124419],[-5.9050319,43.312415],[-5.9049906,43.3123897],[-5.904934,43.312359],[-5.9049134,43.3123469],[-5.9048976,43.3123382],[-5.9048648,43.3123212],[-5.9048298,43.3123022],[-5.9048121,43.3122933],[-5.904794,43.3122852],[-5.9047783,43.3122795],[-5.9046977,43.3122517],[-5.9046829,43.3122455],[-5.9046693,43.312239],[-5.9046552,43.3122313],[-5.9046413,43.3122244],[-5.9046308,43.3122207],[-5.9046198,43.3122179],[-5.9046087,43.3122158],[-5.9045827,43.3122121],[-5.9045705,43.3122091],[-5.9045589,43.3122049],[-5.9045482,43.3121993],[-5.9045424,43.3121951],[-5.9045372,43.3121905],[-5.9045286,43.3121802],[-5.9045134,43.3121578],[-5.9045052,43.3121467],[-5.904496,43.3121357],[-5.9044857,43.3121251],[-5.9044743,43.3121151],[-5.9044633,43.3121072],[-5.9044515,43.3121],[-5.9044391,43.3120934],[-5.9044197,43.3120843],[-5.9043727,43.3120635],[-5.9043593,43.312057],[-5.9043441,43.3120484],[-5.9043123,43.3120291],[-5.9042784,43.3120093],[-5.9042486,43.3119925],[-5.9042334,43.311985],[-5.9042232,43.3119806],[-5.9042023,43.3119724],[-5.9041742,43.3119623],[-5.9041612,43.3119567],[-5.9041496,43.3119503],[-5.9041389,43.3119432],[-5.9041187,43.3119275],[-5.9041066,43.3119188],[-5.9040982,43.3119139],[-5.9040803,43.3119049],[-5.9040301,43.311881],[-5.9040204,43.311876],[-5.9040056,43.3118677],[-5.9039918,43.3118587],[-5.9039828,43.3118519],[-5.9039567,43.3118307],[-5.9039446,43.3118217],[-5.9039315,43.3118135],[-5.9039175,43.3118064],[-5.9039024,43.3118002],[-5.9038865,43.3117945],[-5.9038702,43.3117891],[-5.9038345,43.3117781],[-5.9038163,43.3117731],[-5.9037558,43.311758],[-5.9037133,43.311747],[-5.903698,43.3117427],[-5.9036787,43.3117363],[-5.9036588,43.3117286],[-5.903569,43.3116921],[-5.903524,43.3116753],[-5.9034987,43.3116649],[-5.9034803,43.3116564],[-5.9034404,43.3116361],[-5.9034274,43.3116298],[-5.903414,43.3116238],[-5.9033977,43.311617],[-5.9033643,43.3116042],[-5.9033284,43.3115918],[-5.9033104,43.3115864],[-5.9032635,43.3115742],[-5.9032469,43.3115691],[-5.9032308,43.3115635],[-5.9032007,43.3115519],[-5.9031861,43.3115468],[-5.9031743,43.3115437],[-5.9031623,43.3115414],[-5.9031454,43.3115395],[-5.9031145,43.3115368],[-5.9030984,43.3115346],[-5.9030847,43.3115319],[-5.9030581,43.3115252],[-5.9030409,43.3115201],[-5.9030241,43.3115145],[-5.9029996,43.3115054],[-5.9029429,43.3114822],[-5.9029125,43.3114694],[-5.9028986,43.3114643],[-5.9028851,43.3114601],[-5.9028681,43.3114558],[-5.9028526,43.3114511],[-5.9028404,43.3114466],[-5.9028212,43.3114381],[-5.9028139,43.3114354],[-5.9027921,43.311429],[-5.9027802,43.3114248],[-5.9027543,43.3114135],[-5.9027247,43.3114026],[-5.9027036,43.3113936],[-5.9026894,43.311387],[-5.9026656,43.3113742],[-5.9026501,43.3113673],[-5.9026328,43.3113608],[-5.9026143,43.3113546],[-5.9025765,43.3113425],[-5.902558,43.3113361],[-5.9025425,43.3113299],[-5.9024964,43.31131],[-5.9024817,43.3113042],[-5.9024194,43.3112812],[-5.9023578,43.3112596],[-5.9023179,43.3112446],[-5.9023005,43.3112391],[-5.9022919,43.3112367],[-5.9022743,43.311233],[-5.9022569,43.3112301],[-5.9022452,43.3112286],[-5.9022168,43.3112262],[-5.9022082,43.3112251],[-5.90219,43.3112222],[-5.9021736,43.3112189],[-5.9021543,43.3112144],[-5.9021344,43.311209],[-5.9021145,43.3112032],[-5.9020751,43.3111905],[-5.9020585,43.3111847],[-5.9020398,43.3111777],[-5.9020243,43.3111715],[-5.9020113,43.3111658],[-5.9019881,43.3111545],[-5.9019478,43.3111369],[-5.9019327,43.3111312],[-5.9019173,43.3111259],[-5.9019035,43.3111215],[-5.9018921,43.3111183],[-5.9018807,43.3111156],[-5.901859,43.3111114],[-5.9018438,43.311108],[-5.9018306,43.3111045],[-5.9018176,43.3111006],[-5.9017912,43.3110922],[-5.9017565,43.3110807],[-5.9017395,43.3110744],[-5.9017042,43.311062],[-5.901682,43.3110534],[-5.901665,43.3110472],[-5.9016475,43.3110414],[-5.9016298,43.3110363],[-5.9016049,43.3110295],[-5.9015872,43.3110242],[-5.9015404,43.3110088],[-5.9015106,43.3109994],[-5.9014924,43.3109931],[-5.9014521,43.3109776],[-5.9014155,43.3109651],[-5.9013808,43.310954],[-5.9013636,43.3109479],[-5.9013472,43.3109414],[-5.901298,43.31092],[-5.9012798,43.3109108],[-5.9012372,43.3108911],[-5.9011819,43.3108646],[-5.9011658,43.3108574],[-5.9011197,43.3108377],[-5.9011024,43.3108307],[-5.9010851,43.3108242],[-5.9010675,43.3108186],[-5.9010019,43.3108012],[-5.9009606,43.3107891],[-5.9009399,43.3107827],[-5.9009192,43.3107759],[-5.9008499,43.3107519],[-5.9007665,43.3107256],[-5.9007075,43.3107062],[-5.9006758,43.310695],[-5.9006282,43.3106774],[-5.9005417,43.3106446],[-5.9004879,43.3106231],[-5.9004746,43.310618],[-5.9004403,43.3106066],[-5.9004297,43.3106033],[-5.9004191,43.3106006],[-5.9004085,43.3105984],[-5.9003873,43.3105952],[-5.9003439,43.3105907],[-5.9003361,43.3105894],[-5.9003214,43.3105865],[-5.9003146,43.3105847],[-5.9003085,43.3105827],[-5.9002862,43.3105741],[-5.9002715,43.3105673],[-5.9002302,43.3105468],[-5.9002039,43.3105317],[-5.9001901,43.3105243],[-5.9001806,43.3105198],[-5.900147,43.3105059],[-5.9001339,43.3105],[-5.9001076,43.310487],[-5.9000618,43.3104628],[-5.9000447,43.3104551],[-5.90003,43.3104494],[-5.8999953,43.3104379],[-5.8999798,43.3104324],[-5.8999644,43.3104264],[-5.8999462,43.3104185],[-5.8999284,43.31041],[-5.8999111,43.3104011],[-5.8998611,43.3103739],[-5.8998503,43.3103688],[-5.8998391,43.310364],[-5.8998256,43.310359],[-5.8998119,43.3103546],[-5.8997982,43.3103505],[-5.8997804,43.3103456],[-5.8997629,43.3103416],[-5.8997378,43.3103371],[-5.8996989,43.3103285],[-5.8996624,43.310322],[-5.8996499,43.3103201],[-5.8996335,43.3103181],[-5.8996169,43.3103169],[-5.8996005,43.3103163],[-5.8995699,43.3103164],[-5.8995556,43.3103159],[-5.8995415,43.3103144],[-5.8995284,43.3103121],[-5.899517,43.3103092],[-5.8995082,43.3103056],[-5.8995042,43.3103031],[-5.899501,43.3103002],[-5.8994903,43.3102891],[-5.8994824,43.3102816],[-5.8994742,43.3102733],[-5.8994679,43.3102652],[-5.8994577,43.3102499],[-5.8994524,43.3102439],[-5.8994449,43.310239],[-5.8994322,43.3102335],[-5.8994282,43.3102313],[-5.8994238,43.3102272],[-5.8994213,43.3102224],[-5.8994211,43.3102172],[-5.8994234,43.3102124],[-5.8994317,43.3102016],[-5.8994352,43.3101961],[-5.899438,43.3101899],[-5.8994404,43.3101796],[-5.8994412,43.3101683],[-5.8994414,43.3101566],[-5.8994412,43.3101459],[-5.8994401,43.3101353],[-5.8994376,43.3101254],[-5.8994331,43.310114],[-5.8994261,43.310104],[-5.8994164,43.3100951],[-5.8994045,43.3100878],[-5.8993916,43.3100829],[-5.8993756,43.310079],[-5.8993603,43.3100762],[-5.8993446,43.3100737],[-5.8993288,43.3100716],[-5.8993137,43.31007],[-5.8992985,43.3100691],[-5.8992976,43.3100691],[-5.8992866,43.3100968],[-5.8993003,43.3101052],[-5.8993107,43.3101123],[-5.8993188,43.3101192],[-5.8993256,43.3101264],[-5.8993299,43.3101323],[-5.8993327,43.310138],[-5.8993336,43.3101445],[-5.8993319,43.31015],[-5.8993279,43.3101541],[-5.8993227,43.3101561],[-5.8993164,43.3101568],[-5.8993104,43.3101565],[-5.8993035,43.3101558],[-5.8992838,43.310153],[-5.8992744,43.3101522],[-5.8992645,43.3101521],[-5.8992532,43.3101531],[-5.8992417,43.3101547],[-5.8992032,43.3101613],[-5.8991945,43.3101625],[-5.8991832,43.3101632],[-5.8991731,43.3101621],[-5.8991651,43.3101592],[-5.8990564,43.310167],[-5.8990435,43.310173],[-5.8990317,43.3101771],[-5.8990159,43.3101817],[-5.8990005,43.3101854],[-5.8989927,43.3101867],[-5.8989818,43.3101878],[-5.8989705,43.3101885],[-5.8989577,43.3101885],[-5.8989427,43.3101878],[-5.8989201,43.3101858],[-5.898907,43.310184],[-5.8988966,43.310182],[-5.8988869,43.3101797],[-5.8988803,43.3101776],[-5.898874,43.310175],[-5.8988626,43.3101688],[-5.8988551,43.3101624],[-5.8988505,43.3101571],[-5.898847,43.3101515],[-5.8988446,43.310144],[-5.8988414,43.3101281],[-5.8988385,43.3101201],[-5.8988343,43.3101121],[-5.8988295,43.310105],[-5.8988231,43.3100981],[-5.898813,43.3100897],[-5.8988005,43.3100818],[-5.898786,43.3100745],[-5.8987699,43.310068],[-5.8987526,43.3100623],[-5.898736,43.3100579],[-5.8987189,43.3100542],[-5.8987014,43.3100513],[-5.8986838,43.3100491],[-5.8986645,43.3100474],[-5.8986128,43.3100439],[-5.8984398,43.3100305],[-5.8984393,43.3100307],[-5.898434,43.3100321],[-5.8984284,43.3100331],[-5.8984183,43.3100335],[-5.8984079,43.3100325],[-5.8983979,43.3100304],[-5.8983839,43.3100262],[-5.898098,43.3100885],[-5.8981097,43.3100921],[-5.8981319,43.3100976],[-5.8981452,43.3101016],[-5.898155,43.3101063],[-5.8981592,43.3101103],[-5.8981607,43.3101143],[-5.8981596,43.3101177],[-5.8981569,43.3101196],[-5.8981383,43.3101259],[-5.8981128,43.3101394],[-5.8981021,43.3101433],[-5.8980891,43.3101459],[-5.8980747,43.3101473],[-5.8980456,43.3101485],[-5.8980318,43.3101486],[-5.897995,43.3101482],[-5.8979848,43.3101485],[-5.8979749,43.3101493],[-5.8979472,43.3101521],[-5.8979322,43.3101524],[-5.8979231,43.310152],[-5.8979044,43.3101501],[-5.897885,43.3101468],[-5.8978779,43.3101451],[-5.8978598,43.3101403],[-5.8978418,43.3101347],[-5.8978181,43.3101268],[-5.897799,43.3101214],[-5.8977794,43.3101169],[-5.8977184,43.3101055],[-5.8977043,43.310103],[-5.8976866,43.3101005],[-5.8976696,43.310099],[-5.8976537,43.3100988],[-5.8976387,43.3101001],[-5.8976242,43.3101023],[-5.8976158,43.3101042],[-5.8975978,43.3101092],[-5.8975858,43.3101122],[-5.8975733,43.3101148],[-5.8975448,43.31012],[-5.8975293,43.3101219],[-5.8975212,43.3101222],[-5.8975126,43.3101218],[-5.8975038,43.310121],[-5.8974912,43.3101193],[-5.8974784,43.3101169],[-5.897463,43.3101127],[-5.897434,43.310104],[-5.8974203,43.3101005],[-5.8974064,43.3100977],[-5.8973955,43.3100963],[-5.8973805,43.3100953],[-5.897366,43.3100957],[-5.8973548,43.3100973],[-5.8972966,43.3101099],[-5.8972811,43.3101136],[-5.8972539,43.3101213],[-5.8972404,43.3101248],[-5.8972318,43.3101265],[-5.8972079,43.31013],[-5.8971896,43.3101314],[-5.8971522,43.3101325],[-5.8971389,43.3101335],[-5.8970972,43.3101382],[-5.8970342,43.3101432],[-5.8970155,43.3101442],[-5.8969903,43.3101443],[-5.8969724,43.310144],[-5.8969371,43.3101428],[-5.8969046,43.3101412],[-5.8967749,43.3102068],[-5.8967735,43.3102112],[-5.8967701,43.3102191],[-5.8967648,43.3102294],[-5.896758,43.3102411],[-5.896746,43.3102591],[-5.8967251,43.3102882],[-5.8967138,43.3103032],[-5.8967017,43.3103181],[-5.8966894,43.310332],[-5.8966771,43.3103447],[-5.8966641,43.3103573],[-5.8966503,43.3103697],[-5.8966356,43.3103816],[-5.8966196,43.3103932],[-5.896603,43.3104042],[-5.8965859,43.3104147],[-5.8965516,43.3104343],[-5.8965349,43.3104432],[-5.8964937,43.3104639],[-5.8964854,43.3104688],[-5.8964773,43.3104742],[-5.8964278,43.3105086],[-5.8964098,43.3105225],[-5.8963981,43.3105323],[-5.8963918,43.3105394],[-5.896389,43.310544],[-5.8963881,43.3105481],[-5.8963886,43.3105519],[-5.8963916,43.3105581],[-5.8963958,43.310565],[-5.8964056,43.3105799],[-5.8964112,43.3105922],[-5.8964146,43.3105983],[-5.8964188,43.3106036],[-5.8964281,43.3106137],[-5.896433,43.31062],[-5.8964399,43.3106315],[-5.8964433,43.310636],[-5.8964507,43.3106432],[-5.8964699,43.3106596],[-5.8964816,43.3106716],[-5.8964893,43.3106818],[-5.8964955,43.3106925],[-5.8964995,43.3107035],[-5.896501,43.3107155],[-5.8964998,43.3107273],[-5.8964963,43.3107385],[-5.89649,43.3107484],[-5.8964814,43.3107556],[-5.8964725,43.3107601],[-5.8964625,43.3107635],[-5.8964518,43.3107662],[-5.8964402,43.3107684],[-5.8964274,43.31077],[-5.8964052,43.3107715],[-5.8963963,43.3107715],[-5.896372,43.3107687],[-5.8963655,43.3107693],[-5.8963594,43.3107719],[-5.8963539,43.310776],[-5.8963406,43.3107886],[-5.8963349,43.3107925],[-5.8963288,43.3107951],[-5.8963224,43.3107959],[-5.8963151,43.3107941],[-5.8963082,43.3107896],[-5.8963022,43.3107833],[-5.8962975,43.3107755],[-5.8962948,43.3107667],[-5.8962943,43.3107591],[-5.8962952,43.3107512],[-5.8963,43.3107322],[-5.8963018,43.310723],[-5.8963019,43.3107141],[-5.8962993,43.3107051],[-5.8962905,43.3106872],[-5.8962869,43.3106775],[-5.8962845,43.3106676],[-5.8962835,43.3106583],[-5.8962837,43.3106445],[-5.8962834,43.3106404],[-5.8962812,43.3106344],[-5.896277,43.3106282],[-5.8962719,43.3106198],[-5.8962692,43.3106168],[-5.8962661,43.3106157],[-5.8962619,43.3106158],[-5.8962561,43.3106172],[-5.8962478,43.3106203],[-5.896238,43.3106246],[-5.8962259,43.3106306],[-5.8961988,43.3106453],[-5.8961072,43.3106982],[-5.8960512,43.3107316],[-5.8958986,43.3108253],[-5.8956788,43.310962],[-5.8954843,43.3110824],[-5.8954515,43.3111031],[-5.8954174,43.3111256],[-5.8953842,43.3111486],[-5.895368,43.3111604],[-5.8953522,43.3111724],[-5.8953371,43.3111848],[-5.8953227,43.3111975],[-5.89531,43.31121],[-5.895298,43.3112229],[-5.8952868,43.3112362],[-5.895276,43.3112497],[-5.8952659,43.3112634],[-5.8952563,43.3112774],[-5.8952468,43.3112924],[-5.895238,43.3113075],[-5.8952214,43.3113382],[-5.8952059,43.3113693],[-5.8951914,43.3114006],[-5.8951775,43.3114337],[-5.8951643,43.311467],[-5.8951266,43.311567],[-5.8951083,43.3116181],[-5.8950622,43.3117493],[-5.895047,43.3117963],[-5.8950348,43.311829],[-5.8950216,43.3118615],[-5.8949926,43.3119293],[-5.8949844,43.3119495],[-5.8949717,43.3119826],[-5.8949474,43.312043],[-5.8949333,43.3120742],[-5.894918,43.3121054],[-5.8949099,43.3121209],[-5.8948928,43.3121517],[-5.8948836,43.3121669],[-5.8948738,43.3121819],[-5.8948633,43.3121965],[-5.8948521,43.3122104],[-5.8948402,43.312224],[-5.8948276,43.3122373],[-5.8948146,43.3122502],[-5.8948011,43.3122628],[-5.8947872,43.3122751],[-5.8947755,43.3122848],[-5.8947515,43.3123033],[-5.8947391,43.3123121],[-5.8947213,43.3123229],[-5.8947023,43.3123329],[-5.8946823,43.3123423],[-5.8946617,43.3123512],[-5.8946406,43.3123598],[-5.894619,43.3123681],[-5.8945753,43.3123841],[-5.8945306,43.312399],[-5.8945091,43.3124058],[-5.8944661,43.3124186],[-5.8943382,43.3124556],[-5.8942748,43.3124743],[-5.8940214,43.3125507],[-5.8939354,43.3125772],[-5.8938511,43.3126049],[-5.8937673,43.3126335],[-5.8937028,43.3126564],[-5.8935718,43.3127038],[-5.8935279,43.3127191],[-5.8934465,43.3127461],[-5.8933223,43.312786],[-5.8932798,43.3127994],[-5.8932371,43.3128122],[-5.8931936,43.3128241],[-5.8931494,43.3128348],[-5.8931048,43.3128447],[-5.8930599,43.312854],[-5.8930373,43.3128584],[-5.8929738,43.3128696],[-5.8928169,43.3128951],[-5.8926808,43.3129161],[-5.8924847,43.3129485],[-5.8924402,43.3129552],[-5.8923733,43.3129645],[-5.8923061,43.312973],[-5.8922611,43.3129779],[-5.8922269,43.312981],[-5.8921543,43.3129868],[-5.8920812,43.3129922],[-5.8920322,43.3129955],[-5.891983,43.3129982],[-5.8919584,43.3129992],[-5.8919338,43.3129997],[-5.8919097,43.3129997],[-5.8918857,43.3129992],[-5.8918621,43.3129983],[-5.8918389,43.3129969],[-5.8918166,43.3129949],[-5.8917954,43.3129923],[-5.8917759,43.3129889],[-5.8917588,43.3129844],[-5.891745,43.3129784],[-5.8917384,43.3129737],[-5.8917336,43.3129685],[-5.8917311,43.3129641],[-5.8917298,43.3129597],[-5.89173,43.3129551],[-5.8917331,43.3129479],[-5.8917369,43.3129429],[-5.8917434,43.312936],[-5.8917516,43.3129292],[-5.8917614,43.3129228],[-5.8917766,43.3129157],[-5.891794,43.3129101],[-5.8918129,43.3129062],[-5.8918289,43.3129044],[-5.8918505,43.3129028],[-5.8919194,43.3128995],[-5.8919428,43.312898],[-5.8919659,43.3128958],[-5.8920274,43.3128874],[-5.892044,43.3128856],[-5.8920605,43.3128845],[-5.8920797,43.3128841],[-5.8921179,43.3128844],[-5.8921369,43.3128839],[-5.8921557,43.3128828],[-5.8921742,43.3128812],[-5.8921922,43.3128791],[-5.892204,43.3128773],[-5.8922155,43.3128752],[-5.8922297,43.3128715],[-5.8922412,43.3128678],[-5.8922754,43.3128553],[-5.8922816,43.3128533],[-5.8923148,43.3128444],[-5.8923326,43.3128403],[-5.8923503,43.3128371],[-5.8923678,43.3128354],[-5.8923766,43.3128352],[-5.8923861,43.3128355],[-5.8924132,43.3128372],[-5.8924227,43.3128374],[-5.8924319,43.3128368],[-5.8924411,43.3128357],[-5.8924876,43.3128284],[-5.8925243,43.3128234],[-5.8925814,43.3128163],[-5.8925998,43.3128138],[-5.8926181,43.3128108],[-5.8926339,43.3128076],[-5.8926495,43.3128039],[-5.8926857,43.3127946],[-5.8927228,43.3127847],[-5.892734,43.312782],[-5.8927861,43.3127704],[-5.8928625,43.3127543],[-5.8928773,43.3127509],[-5.8929079,43.3127432],[-5.892927,43.3127387],[-5.8929465,43.3127346],[-5.8929663,43.3127308],[-5.8930177,43.3127216],[-5.8930874,43.3127081],[-5.8931265,43.3127011],[-5.8932288,43.3126805],[-5.8932498,43.3126759],[-5.8932702,43.312671],[-5.8932819,43.3126679],[-5.8933074,43.3126605],[-5.893333,43.3126524],[-5.8933444,43.3126483],[-5.8933745,43.3126354],[-5.8933903,43.3126293],[-5.8934029,43.3126255],[-5.8934436,43.3126148],[-5.8934906,43.3125995],[-5.8935067,43.3125933],[-5.8935504,43.3125729],[-5.8935784,43.3125604],[-5.8936151,43.3125443],[-5.8936561,43.312527],[-5.8936725,43.3125198],[-5.8937089,43.3125021],[-5.8937481,43.3124847],[-5.8937632,43.3124774],[-5.8938056,43.312453],[-5.8938197,43.3124446],[-5.8938839,43.312408],[-5.8939139,43.3123912],[-5.8939294,43.3123835],[-5.8939461,43.3123765],[-5.8939577,43.3123725],[-5.8940047,43.3123582],[-5.8940227,43.3123524],[-5.8940438,43.3123449],[-5.894065,43.3123367],[-5.8941071,43.3123191],[-5.8941268,43.3123103],[-5.894146,43.3123011],[-5.8941643,43.3122913],[-5.8941787,43.3122826],[-5.8941924,43.3122736],[-5.8942056,43.3122644],[-5.8942173,43.3122557],[-5.8942283,43.3122469],[-5.8942382,43.3122378],[-5.8942461,43.3122289],[-5.8942529,43.3122198],[-5.8942585,43.3122106],[-5.8942787,43.3121719],[-5.8942808,43.312165],[-5.8942815,43.3121594],[-5.8942805,43.312155],[-5.8942772,43.3121521],[-5.8942724,43.3121507],[-5.8942682,43.3121508],[-5.8942639,43.3121522],[-5.8942595,43.3121548],[-5.8942383,43.3121709],[-5.8942304,43.3121761],[-5.8941706,43.3122127],[-5.8941638,43.3122164],[-5.8941315,43.3122338],[-5.8941224,43.3122382],[-5.8941057,43.3122447],[-5.894089,43.3122505],[-5.8940705,43.3122555],[-5.8940507,43.3122604],[-5.8940164,43.3122699],[-5.8939943,43.3122766],[-5.8939873,43.3122785],[-5.8939652,43.3122835],[-5.8939525,43.3122868],[-5.8939258,43.3122953],[-5.8939016,43.3123038],[-5.8938752,43.3123139],[-5.8938411,43.3123254],[-5.8937893,43.3123409],[-5.8937514,43.3123528],[-5.893717,43.3123624],[-5.8936816,43.312373],[-5.8936644,43.3123773],[-5.8936509,43.31238],[-5.8936277,43.3123834],[-5.8936181,43.3123842],[-5.8936057,43.3123848],[-5.8935931,43.312385],[-5.8935808,43.3123847],[-5.8935662,43.3123839],[-5.8935248,43.3123796],[-5.8935112,43.3123775],[-5.8934929,43.312374],[-5.8934824,43.3123717],[-5.8934671,43.3123676],[-5.8934513,43.3123625],[-5.8934434,43.3123594],[-5.8934315,43.3123545],[-5.8934195,43.3123488],[-5.8934087,43.3123426],[-5.893398,43.3123358],[-5.8933772,43.312322],[-5.8933521,43.3123036],[-5.8933141,43.3122739],[-5.893287,43.3122551],[-5.8932762,43.312248],[-5.8932655,43.3122416],[-5.8932467,43.3122318],[-5.8932364,43.3122275],[-5.8932274,43.3122249],[-5.8932186,43.3122234],[-5.8932117,43.3122231],[-5.8931973,43.3122239],[-5.8931533,43.3122273],[-5.893139,43.3122275],[-5.8931238,43.3122268],[-5.8931079,43.3122252],[-5.8930892,43.3122226],[-5.8930629,43.3122176],[-5.8930438,43.3122125],[-5.8930369,43.3122102],[-5.8930235,43.3122049],[-5.8930107,43.3121987],[-5.8929971,43.3121908],[-5.892975,43.3121768],[-5.8929643,43.3121705],[-5.8929528,43.3121648],[-5.8929409,43.3121596],[-5.8928827,43.3121371],[-5.8928629,43.3121316],[-5.8928507,43.3121286],[-5.8928387,43.312126],[-5.8928256,43.3121244],[-5.8928134,43.3121244],[-5.892802,43.3121262],[-5.8927941,43.3121296],[-5.8927915,43.3121321],[-5.8927899,43.3121352],[-5.8927879,43.3121415],[-5.8927849,43.3121448],[-5.8927794,43.3121472],[-5.892772,43.3121484],[-5.8927632,43.3121487],[-5.8927548,43.312148],[-5.892745,43.312146],[-5.892736,43.3121429],[-5.8927324,43.3121411],[-5.892727,43.3121377],[-5.892722,43.312134],[-5.8927171,43.3121297],[-5.8927135,43.3121257],[-5.8927079,43.3121171],[-5.8926932,43.3120877],[-5.8926894,43.3120812],[-5.892685,43.3120744],[-5.8926768,43.3120643],[-5.8926676,43.3120549],[-5.8926574,43.3120457],[-5.8926464,43.3120378],[-5.8926343,43.3120319],[-5.8926192,43.312028],[-5.892603,43.3120261],[-5.8925864,43.3120248],[-5.8925716,43.3120231],[-5.892558,43.3120208],[-5.8925467,43.3120177],[-5.8925388,43.312014],[-5.8925356,43.3120106],[-5.8925355,43.3120063],[-5.8925381,43.312004],[-5.8925433,43.3120019],[-5.8925484,43.3120005],[-5.8925541,43.3119992],[-5.8925699,43.3119966],[-5.8925762,43.311995],[-5.8925795,43.3119932],[-5.8925809,43.3119905],[-5.8925804,43.3119868],[-5.8925768,43.3119803],[-5.8925705,43.311973],[-5.892561,43.311965],[-5.8925497,43.3119573],[-5.8925375,43.31195],[-5.8925256,43.3119436],[-5.892518,43.31194],[-5.8924962,43.3119314],[-5.8924884,43.3119277],[-5.8924813,43.3119232],[-5.8924756,43.3119179],[-5.8924723,43.3119125],[-5.8924712,43.3119069],[-5.8924735,43.3118995],[-5.8924803,43.3118935],[-5.8924898,43.31189],[-5.8924964,43.3118886],[-5.8925099,43.3118872],[-5.8925256,43.3118867],[-5.8925424,43.3118875],[-5.8925544,43.3118886],[-5.8925666,43.3118902],[-5.8925954,43.3118947],[-5.8926315,43.3119011],[-5.892729,43.3119235],[-5.8927675,43.311932],[-5.8928345,43.3119457],[-5.8928583,43.3119501],[-5.8928956,43.3119558],[-5.8929797,43.3119659],[-5.8930047,43.3119686],[-5.8930187,43.3119695],[-5.8930325,43.3119697],[-5.8930504,43.3119683],[-5.893066,43.3119654],[-5.8930793,43.3119614],[-5.8930924,43.3119563],[-5.8931253,43.3119421],[-5.8931628,43.3119267],[-5.8931765,43.3119206],[-5.8931937,43.3119117],[-5.8932103,43.311902],[-5.8932261,43.3118913],[-5.8932409,43.3118798],[-5.8932498,43.3118719],[-5.8932584,43.3118636],[-5.8932719,43.3118496],[-5.8932848,43.3118352],[-5.8932972,43.3118204],[-5.8933094,43.3118052],[-5.8933213,43.3117899],[-5.8933431,43.3117607],[-5.8933529,43.3117468],[-5.8933612,43.3117342],[-5.8933779,43.3117074],[-5.8933851,43.3116935],[-5.893391,43.3116797],[-5.8933962,43.3116643],[-5.8933979,43.3116563],[-5.8933988,43.3116457],[-5.8933977,43.3116296],[-5.8933956,43.3116153],[-5.893393,43.3116038],[-5.8933884,43.3115917],[-5.8933817,43.3115799],[-5.8933729,43.3115685],[-5.8933637,43.3115593],[-5.8933534,43.3115505],[-5.8933425,43.3115419],[-5.8933202,43.3115253],[-5.893305,43.3115144],[-5.893244,43.3114757],[-5.8932197,43.3114593],[-5.8931902,43.3114386],[-5.8931331,43.311397],[-5.8931193,43.3113875],[-5.8930863,43.3113667],[-5.8930763,43.3113601],[-5.893068,43.3113536],[-5.8930618,43.311347],[-5.8930591,43.3113424],[-5.8930574,43.3113358],[-5.8930577,43.3113292],[-5.8930614,43.3113201],[-5.8930686,43.311311],[-5.8930776,43.311303],[-5.8930891,43.3112944],[-5.8931016,43.3112859],[-5.893114,43.3112781],[-5.8931294,43.3112697],[-5.8931607,43.3112539],[-5.8931989,43.3112342],[-5.8932679,43.3111959],[-5.893316,43.3111706],[-5.8934292,43.3111129],[-5.8934834,43.3110829],[-5.8935103,43.311069],[-5.8935505,43.3110466],[-5.8935675,43.3110375],[-5.8936113,43.3110163],[-5.8936388,43.3110026],[-5.8937176,43.310968],[-5.8937339,43.3109603],[-5.8937506,43.3109528],[-5.8937767,43.310942],[-5.8937957,43.3109353],[-5.8938302,43.3109246],[-5.893849,43.3109193],[-5.8938684,43.3109143],[-5.8938881,43.3109099],[-5.8939082,43.3109063],[-5.8939275,43.3109038],[-5.893947,43.310902],[-5.8939666,43.3109008],[-5.8939861,43.3108999],[-5.8940056,43.3108996],[-5.8940249,43.3108999],[-5.894044,43.3109009],[-5.8940583,43.3109023],[-5.8940723,43.3109042],[-5.8940868,43.3109067],[-5.8941009,43.3109098],[-5.8941164,43.310914],[-5.8941323,43.3109189],[-5.8941478,43.3109241],[-5.8941637,43.3109301],[-5.8941814,43.3109382],[-5.8941986,43.3109471],[-5.8942181,43.3109574],[-5.8942384,43.3109687],[-5.8942528,43.3109761],[-5.8942674,43.3109829],[-5.8942819,43.3109889],[-5.8942946,43.3109933],[-5.8943072,43.3109966],[-5.8943188,43.3109983],[-5.894342,43.3110004],[-5.8943557,43.3110024],[-5.8943641,43.3110041],[-5.8943773,43.3110081],[-5.8943904,43.3110141],[-5.8944017,43.3110213],[-5.8944075,43.3110258],[-5.8944124,43.3110305],[-5.8944161,43.311035],[-5.8944189,43.3110395],[-5.8944226,43.3110479],[-5.8944297,43.3110714],[-5.8944319,43.3110814],[-5.8944332,43.3110913],[-5.8944339,43.3111017],[-5.894435,43.3111086],[-5.8944368,43.3111146],[-5.8944487,43.311147],[-5.8944571,43.3111732],[-5.8944677,43.3112122],[-5.8944706,43.3112209],[-5.894495,43.3112839],[-5.8944987,43.3112955],[-5.8945138,43.3113511],[-5.8945249,43.3113901],[-5.894528,43.311403],[-5.8945298,43.311415],[-5.8945301,43.3114213],[-5.8945301,43.311439],[-5.8945306,43.3114449],[-5.8945316,43.3114507],[-5.8945354,43.3114619],[-5.8945382,43.3114672],[-5.8945415,43.3114722],[-5.8945493,43.3114818],[-5.8945537,43.3114863],[-5.8945675,43.3114991],[-5.8945741,43.3115044],[-5.8945859,43.3115126],[-5.8945957,43.3115201],[-5.8946286,43.3115478],[-5.8946343,43.311552],[-5.8946576,43.311567],[-5.8946987,43.311595],[-5.8947083,43.3116004],[-5.8947169,43.3116046],[-5.8947258,43.3116086],[-5.8947423,43.3116148],[-5.8947559,43.3116185],[-5.8947699,43.311621],[-5.894784,43.3116221],[-5.8947985,43.3116217],[-5.8948077,43.3116209],[-5.8948257,43.3116181],[-5.8948426,43.3116135],[-5.8948504,43.3116105],[-5.8948579,43.3116071],[-5.8948722,43.3115997],[-5.8948788,43.3115955],[-5.8948852,43.311591],[-5.8948971,43.3115812],[-5.8949025,43.3115759],[-5.8949097,43.3115672],[-5.8949202,43.3115513],[-5.8949321,43.3115308],[-5.8949423,43.3115109],[-5.8949517,43.3114906],[-5.8949711,43.3114535],[-5.8949829,43.3114344],[-5.8949956,43.3114163],[-5.8950033,43.3114038],[-5.8950102,43.311391],[-5.8950223,43.3113666],[-5.8950261,43.3113599],[-5.8950338,43.3113487],[-5.895061,43.3113153],[-5.8950699,43.3113034],[-5.8950779,43.3112914],[-5.8950849,43.3112794],[-5.89509,43.3112682],[-5.8950988,43.3112461],[-5.8951066,43.3112293],[-5.89511,43.3112229],[-5.895117,43.3112118],[-5.8951205,43.3112069],[-5.8951249,43.3112016],[-5.8951323,43.3111942],[-5.8951736,43.3111581],[-5.8951968,43.3111384],[-5.8952153,43.3111235],[-5.8952352,43.3111084],[-5.8952568,43.3110932],[-5.8953391,43.3110391],[-5.8953527,43.3110295],[-5.8953792,43.3110097],[-5.8953931,43.311],[-5.8954348,43.3109732],[-5.8954745,43.3109493],[-5.89549,43.3109395],[-5.8955526,43.3108966],[-5.8955723,43.3108837],[-5.8955852,43.3108764],[-5.8955984,43.3108694],[-5.8956558,43.3108408],[-5.8956728,43.3108318],[-5.8956969,43.3108179],[-5.8957297,43.3107981],[-5.8957623,43.3107793],[-5.8957937,43.3107626],[-5.8958165,43.3107497],[-5.8958385,43.3107356],[-5.8958568,43.3107228],[-5.8958847,43.3107029],[-5.8959385,43.3106633],[-5.8959543,43.3106502],[-5.895968,43.3106371],[-5.8959748,43.3106293],[-5.8959871,43.3106135],[-5.8959916,43.3106051],[-5.8959936,43.3105949],[-5.8959938,43.3105839],[-5.8959932,43.3105635],[-5.8959945,43.3105519],[-5.8959977,43.3105408],[-5.8960027,43.3105311],[-5.8960104,43.3105231],[-5.8960212,43.3105172],[-5.8960346,43.3105127],[-5.8960501,43.3105091],[-5.8961065,43.3104982],[-5.8961267,43.3104936],[-5.8961467,43.3104883],[-5.8961619,43.3104836],[-5.8961846,43.3104757],[-5.8961957,43.3104714],[-5.8962143,43.3104631],[-5.896232,43.3104541],[-5.8962464,43.3104454],[-5.8962742,43.3104276],[-5.8963279,43.3103961],[-5.8964018,43.3103517],[-5.8964354,43.3103292],[-5.8964866,43.3102917],[-5.8965,43.3102826],[-5.8965132,43.3102745],[-5.8965647,43.3102456],[-5.896494,43.3102317],[-5.8964768,43.3102361],[-5.896432,43.3102456],[-5.8964034,43.3102521],[-5.8963759,43.3102579],[-5.896359,43.310262],[-5.896349,43.3102641],[-5.8963188,43.3102679],[-5.8963025,43.310271],[-5.8962851,43.3102752],[-5.8962044,43.3102965],[-5.8961836,43.3103024],[-5.8961635,43.3103085],[-5.8961283,43.3103201],[-5.8961111,43.3103266],[-5.8960658,43.3103463],[-5.8960568,43.3103492],[-5.8960481,43.3103508],[-5.8960278,43.310352],[-5.8960074,43.3103544],[-5.8959969,43.310355],[-5.8959855,43.310355],[-5.8959597,43.3103536],[-5.8959452,43.3103533],[-5.8959301,43.3103542],[-5.895915,43.3103561],[-5.8959003,43.3103591],[-5.8958712,43.3103666],[-5.8958626,43.3103684],[-5.8958446,43.3103707],[-5.8958252,43.3103715],[-5.895805,43.3103712],[-5.8957665,43.3103691],[-5.8957484,43.3103685],[-5.8957266,43.3103689],[-5.8957043,43.3103707],[-5.8956817,43.3103733],[-5.8956591,43.3103765],[-5.8955935,43.3103869],[-5.8955734,43.3103898],[-5.8955552,43.310392],[-5.8955394,43.310393],[-5.8955272,43.3103924],[-5.8955201,43.3103902],[-5.895518,43.310387],[-5.8955211,43.3103837],[-5.8955285,43.3103807],[-5.895539,43.3103778],[-5.8955817,43.3103684],[-5.8955974,43.3103646],[-5.8956267,43.3103569],[-5.8956426,43.3103521],[-5.89565,43.3103495],[-5.8956545,43.3103472],[-5.8956553,43.3103453],[-5.8956532,43.3103437],[-5.8956493,43.3103423],[-5.8956449,43.3103414],[-5.8956401,43.310341],[-5.8956041,43.3103404],[-5.8955871,43.3103408],[-5.8955684,43.310342],[-5.895548,43.3103441],[-5.895497,43.3103515],[-5.8954802,43.3103544],[-5.8954633,43.3103577],[-5.8954024,43.3103717],[-5.8953507,43.3103827],[-5.8953346,43.310387],[-5.8953187,43.3103921],[-5.8952843,43.3104045],[-5.8952327,43.3104215],[-5.8951882,43.3104349],[-5.8951696,43.3104398],[-5.8951549,43.3104431],[-5.8951177,43.3104497],[-5.8950768,43.3104562],[-5.8950623,43.3104581],[-5.8950425,43.3104597],[-5.8949816,43.3104618],[-5.8949613,43.3104632],[-5.8949467,43.3104648],[-5.8949321,43.3104668],[-5.8948819,43.3104744],[-5.8948224,43.3104812],[-5.8948036,43.3104842],[-5.8947901,43.3104869],[-5.8947509,43.3104958],[-5.894693,43.3105098],[-5.8946819,43.3105122],[-5.8946709,43.3105142],[-5.8946596,43.3105159],[-5.8946206,43.3105196],[-5.8946088,43.3105217],[-5.8945953,43.3105264],[-5.8945698,43.3105368],[-5.894547,43.3105451],[-5.8945368,43.3105484],[-5.894486,43.3105637],[-5.8944688,43.3105695],[-5.8944483,43.310577],[-5.894437,43.3105805],[-5.8944195,43.3105844],[-5.8943467,43.3105959],[-5.894328,43.3105991],[-5.8943093,43.3106026],[-5.8942899,43.3106067],[-5.8942518,43.3106156],[-5.8942316,43.3106207],[-5.8942132,43.3106259],[-5.894178,43.310637],[-5.894145,43.3106456],[-5.894113,43.3106545],[-5.8941036,43.3106567],[-5.8940859,43.3106601],[-5.8940729,43.3106621],[-5.8940464,43.3106646],[-5.8940377,43.3106661],[-5.8940144,43.3106713],[-5.8939588,43.3106828],[-5.893932,43.3106898],[-5.893894,43.3107014],[-5.8938789,43.3107065],[-5.8938644,43.3107119],[-5.8938507,43.3107176],[-5.8938217,43.3107312],[-5.8938115,43.3107352],[-5.8938007,43.3107387],[-5.8937826,43.3107431],[-5.8937639,43.3107465],[-5.8937265,43.3107519],[-5.8937134,43.3107541],[-5.8937004,43.3107569],[-5.893685,43.3107609],[-5.8936748,43.3107637],[-5.8936585,43.310769],[-5.8936372,43.3107773],[-5.8935323,43.3108202],[-5.8935012,43.3108357],[-5.893471,43.3108498],[-5.8934524,43.3108589],[-5.8934402,43.3108641],[-5.8934338,43.310866],[-5.8934242,43.3108679],[-5.893402,43.3108713],[-5.893394,43.3108731],[-5.8933866,43.3108755],[-5.8933793,43.3108786],[-5.89334,43.3108977],[-5.8933248,43.310906],[-5.8933102,43.3109152],[-5.8932993,43.3109234],[-5.8932627,43.3109544],[-5.8932562,43.3109593],[-5.8932418,43.3109685],[-5.8932261,43.3109774],[-5.8931893,43.3109963],[-5.8931603,43.3110121],[-5.8930918,43.3110514],[-5.893056,43.311074],[-5.893041,43.3110822],[-5.8929979,43.3111046],[-5.8929642,43.3111243],[-5.8929402,43.3111407],[-5.8929091,43.3111608],[-5.892857,43.3111928],[-5.8928349,43.3112059],[-5.8927763,43.3112431],[-5.8927608,43.3112535],[-5.8927196,43.3112833],[-5.8927082,43.3112912],[-5.8926896,43.3113034],[-5.8926482,43.3113282],[-5.8926358,43.3113351],[-5.8926247,43.3113418],[-5.8926118,43.3113505],[-5.8925933,43.3113618],[-5.8925674,43.3113768],[-5.8925433,43.3113899],[-5.8925199,43.3114041],[-5.8924949,43.311418],[-5.8924837,43.3114246],[-5.892451,43.3114422],[-5.8924054,43.3114695],[-5.8923952,43.3114758],[-5.8923556,43.3115034],[-5.8923342,43.3115177],[-5.8923239,43.3115239],[-5.8922773,43.3115496],[-5.8922607,43.3115594],[-5.8922448,43.3115696],[-5.8922136,43.3115907],[-5.8921913,43.3116045],[-5.8921739,43.3116139],[-5.8921395,43.3116319],[-5.8921302,43.3116371],[-5.8920849,43.3116644],[-5.8920662,43.311676],[-5.8920529,43.3116832],[-5.8920428,43.3116878],[-5.8920328,43.3116919],[-5.8920125,43.3116995],[-5.8920019,43.3117039],[-5.8919798,43.311715],[-5.8919666,43.3117205],[-5.8919465,43.3117298],[-5.8919198,43.3117439],[-5.891901,43.3117553],[-5.8918701,43.3117765],[-5.8918589,43.3117837],[-5.8918468,43.3117905],[-5.8918239,43.3118016],[-5.8917988,43.3118127],[-5.8917317,43.3118404],[-5.8917125,43.3118494],[-5.8917042,43.311853],[-5.8916783,43.3118618],[-5.891672,43.3118644],[-5.8916609,43.3118702],[-5.8916047,43.3119039],[-5.8915891,43.3119116],[-5.8915766,43.3119169],[-5.8915692,43.3119195],[-5.8915482,43.3119256],[-5.8915259,43.3119313],[-5.8914943,43.3119408],[-5.891418,43.3119669],[-5.8914023,43.3119726],[-5.8913661,43.3119876],[-5.8913349,43.3119998],[-5.8913013,43.3120138],[-5.891271,43.3120237],[-5.8912475,43.3120307],[-5.8911994,43.3120466],[-5.8911834,43.3120524],[-5.8911576,43.3120629],[-5.8911403,43.3120685],[-5.8911093,43.3120771],[-5.8910446,43.3120944],[-5.8910047,43.3121063],[-5.8909764,43.3121143],[-5.8909437,43.312122],[-5.8909151,43.31213],[-5.8909045,43.3121327],[-5.8908937,43.3121351],[-5.8908784,43.3121378],[-5.8908321,43.3121449],[-5.8908175,43.3121475],[-5.8907704,43.312158],[-5.8907551,43.3121623],[-5.8906964,43.312182],[-5.8906844,43.3121857],[-5.8906654,43.3121908],[-5.8906506,43.3121939],[-5.890598,43.3122039],[-5.8905712,43.3122081],[-5.8905593,43.3122103],[-5.8905475,43.3122128],[-5.8905316,43.3122169],[-5.8905174,43.3122214],[-5.8905039,43.3122264],[-5.8904908,43.3122318],[-5.8904639,43.3122441],[-5.8904496,43.3122502],[-5.8904384,43.3122543],[-5.8904144,43.3122615],[-5.8903608,43.312276],[-5.890353,43.3122787],[-5.8903274,43.3122891],[-5.8903206,43.3122914],[-5.8903133,43.3122933],[-5.8902706,43.3123012],[-5.8902095,43.3123139],[-5.8901855,43.3123181],[-5.8901697,43.3123213],[-5.8901417,43.312328],[-5.8900906,43.3123416],[-5.8899878,43.3123662],[-5.8899515,43.3123744],[-5.8899183,43.3123804],[-5.8898607,43.3123899],[-5.8898346,43.3123939],[-5.8897954,43.3123981],[-5.8897822,43.3123997],[-5.8897663,43.3124019],[-5.8897245,43.3124087],[-5.8897051,43.3124115],[-5.889629,43.3124187],[-5.8895736,43.3124259],[-5.8895596,43.3124274],[-5.8895454,43.3124282],[-5.8895269,43.3124282],[-5.8895085,43.3124273],[-5.8894816,43.3124255],[-5.8894636,43.3124252],[-5.8894465,43.312426],[-5.8894003,43.3124309],[-5.889389,43.312433],[-5.8893596,43.3124394],[-5.8893415,43.3124425],[-5.8893214,43.3124449],[-5.8892566,43.3124499],[-5.8891924,43.3124562],[-5.8891596,43.3124584],[-5.8891463,43.3124588],[-5.8891331,43.3124587],[-5.889119,43.3124578],[-5.8890731,43.3124535],[-5.8890539,43.3124522],[-5.8890028,43.3124494],[-5.88899,43.3124489],[-5.8889461,43.3124488],[-5.8889275,43.3124483],[-5.8889108,43.3124476],[-5.8888656,43.3124443],[-5.8888449,43.3124433],[-5.8888095,43.3124425],[-5.8887887,43.3124406],[-5.8887677,43.3124371],[-5.8887469,43.3124322],[-5.8887266,43.3124257],[-5.888714,43.3124207],[-5.8887016,43.3124151],[-5.8886879,43.3124084],[-5.8886743,43.3124013],[-5.8886277,43.3123759],[-5.8886109,43.3123677],[-5.8885939,43.3123604],[-5.8885802,43.3123556],[-5.8885646,43.3123516],[-5.8885489,43.3123492],[-5.8885333,43.3123486],[-5.8885174,43.3123501],[-5.8885019,43.3123533],[-5.8884868,43.3123577],[-5.8884722,43.3123627],[-5.8884484,43.3123719],[-5.8884369,43.3123759],[-5.8884249,43.312379],[-5.8884125,43.3123814],[-5.8883748,43.3123877],[-5.8883627,43.3123903],[-5.8883339,43.3123984],[-5.8883199,43.3124019],[-5.8883117,43.3124033],[-5.8883004,43.3124045],[-5.8882889,43.3124052],[-5.8882802,43.3124052],[-5.8882704,43.3124046],[-5.8882537,43.3124028],[-5.8882188,43.312398],[-5.8882021,43.3123965],[-5.8881582,43.3123949],[-5.8881282,43.3123952],[-5.8880417,43.3123941],[-5.8880176,43.3123932],[-5.8879991,43.312392],[-5.8879907,43.3123912],[-5.8879789,43.3123898],[-5.8879597,43.3123869],[-5.8879067,43.3123773],[-5.8878491,43.3123651],[-5.8878401,43.3123628],[-5.8878311,43.3123601],[-5.8878221,43.312357],[-5.8877984,43.3123473],[-5.8877808,43.3123395],[-5.8877309,43.3123164],[-5.8877179,43.3123111],[-5.8877047,43.3123062],[-5.8876906,43.3123015],[-5.8876726,43.3122967],[-5.8876549,43.3122933],[-5.8876377,43.3122918],[-5.8876271,43.3122919],[-5.8876171,43.3122926],[-5.8876019,43.3122949],[-5.8875897,43.3122984],[-5.8875802,43.3123027],[-5.8875742,43.3123069],[-5.8875689,43.3123111],[-5.8875627,43.3123153],[-5.8875568,43.312318],[-5.8875499,43.3123205],[-5.887539,43.3123239],[-5.8875268,43.3123265],[-5.8875118,43.312328],[-5.8874955,43.312329],[-5.8874265,43.3123366],[-5.8874124,43.3123386],[-5.8873991,43.312341],[-5.887387,43.3123438],[-5.887378,43.3123467],[-5.8873703,43.3123503],[-5.8873633,43.3123548],[-5.8873575,43.3123595],[-5.8873519,43.3123647],[-5.8873466,43.3123702],[-5.8873417,43.3123761],[-5.8873352,43.3123869],[-5.8873305,43.3123987],[-5.8873289,43.3124041],[-5.8873275,43.3124121],[-5.8873269,43.3124236],[-5.8873281,43.3124353],[-5.8873307,43.312445],[-5.8873341,43.3124548],[-5.88734,43.3124695],[-5.8873502,43.312491],[-5.8873748,43.3125354],[-5.88738,43.3125437],[-5.8873856,43.3125502],[-5.8873954,43.3125603],[-5.8873988,43.3125645],[-5.8874073,43.3125786],[-5.8874139,43.3125877],[-5.8874223,43.3125968],[-5.887439,43.312611],[-5.8874462,43.3126179],[-5.887451,43.3126251],[-5.8874526,43.3126311],[-5.8874525,43.3126373],[-5.8874515,43.3126438],[-5.8874492,43.3126528],[-5.8874462,43.3126594],[-5.8874424,43.312666],[-5.8874335,43.3126792],[-5.887412,43.3127072],[-5.887401,43.3127196],[-5.8873955,43.3127248],[-5.8873873,43.3127312],[-5.8873703,43.3127435],[-5.8873636,43.3127498],[-5.887358,43.3127566],[-5.8873532,43.3127653],[-5.8873452,43.312783],[-5.8873395,43.3127913],[-5.8873338,43.3127967],[-5.8873268,43.3128017],[-5.8873174,43.3128068],[-5.8873071,43.3128116],[-5.8872943,43.3128169],[-5.8872853,43.3128203],[-5.8872733,43.3128243],[-5.8872536,43.3128296],[-5.8872433,43.3128316],[-5.8872284,43.3128327],[-5.8872149,43.3128319],[-5.8872037,43.3128296],[-5.8871962,43.3128259],[-5.8871935,43.3128216],[-5.8871932,43.3128173],[-5.8871945,43.3128075],[-5.8871946,43.3128023],[-5.887194,43.3127976],[-5.8871925,43.3127928],[-5.8871882,43.3127858],[-5.8871818,43.312779],[-5.887174,43.3127725],[-5.8871585,43.3127608],[-5.8871508,43.3127537],[-5.8871443,43.3127462],[-5.8871396,43.3127385],[-5.8871372,43.312731],[-5.8871377,43.3127226],[-5.8871422,43.3127061],[-5.8871422,43.3126997],[-5.8871408,43.3126934],[-5.887137,43.3126862],[-5.8871278,43.3126739],[-5.8871244,43.3126684],[-5.8871224,43.3126629],[-5.8871229,43.3126555],[-5.8871261,43.3126482],[-5.887135,43.3126365],[-5.8871387,43.3126302],[-5.8871405,43.3126235],[-5.8871403,43.3126164],[-5.8871374,43.3126074],[-5.8871327,43.3125984],[-5.8871231,43.3125815],[-5.8871187,43.3125749],[-5.8871138,43.3125688],[-5.8871079,43.3125642],[-5.8871006,43.3125614],[-5.8870922,43.3125604],[-5.8870841,43.3125608],[-5.8870675,43.3125628],[-5.8870573,43.3125627],[-5.8870483,43.3125609],[-5.8870415,43.3125578],[-5.8870382,43.3125544],[-5.8870381,43.312552],[-5.8870406,43.3125482],[-5.8870455,43.3125442],[-5.8870498,43.3125412],[-5.8870784,43.3125238],[-5.8871123,43.312504],[-5.8871266,43.3124966],[-5.8871484,43.3124866],[-5.8871569,43.3124822],[-5.8871669,43.3124752],[-5.8871756,43.312467],[-5.8871834,43.3124562],[-5.8871873,43.312449],[-5.8871903,43.3124415],[-5.8871927,43.3124312],[-5.8871928,43.3124193],[-5.8871913,43.3124116],[-5.8871886,43.3124039],[-5.8871853,43.3123973],[-5.8871812,43.3123909],[-5.8871726,43.3123803],[-5.8871606,43.3123693],[-5.8871467,43.3123593],[-5.8871311,43.3123509],[-5.8871141,43.3123443],[-5.8871036,43.3123415],[-5.8870927,43.3123393],[-5.8870816,43.3123374],[-5.8870703,43.312336],[-5.8870504,43.3123342],[-5.8870306,43.3123336],[-5.8870195,43.312334],[-5.8870086,43.3123348],[-5.8869928,43.3123368],[-5.8869802,43.3123394],[-5.8869685,43.3123426],[-5.8869595,43.3123455],[-5.8869189,43.3123599],[-5.8868939,43.3123694],[-5.886847,43.312389],[-5.8868344,43.312393],[-5.8868215,43.312396],[-5.886815,43.312397],[-5.8868062,43.3123976],[-5.8867989,43.3123977],[-5.8867832,43.3123965],[-5.8867675,43.3123943],[-5.886733,43.3123881],[-5.8867196,43.3123869],[-5.8867064,43.3123871],[-5.8866923,43.312389],[-5.8866638,43.3123945],[-5.8866151,43.3124027],[-5.886579,43.3124092],[-5.8865468,43.3124154],[-5.8865329,43.3124184],[-5.8865197,43.3124218],[-5.8865077,43.3124257],[-5.8864966,43.31243],[-5.8864865,43.3124346],[-5.886468,43.3124444],[-5.8864553,43.3124501],[-5.8864487,43.3124524],[-5.8864303,43.3124574],[-5.8864162,43.31246],[-5.8863748,43.3124661],[-5.8863552,43.3124699],[-5.8863269,43.3124749],[-5.8862954,43.3124817],[-5.8862223,43.3124971],[-5.8861877,43.3125026],[-5.8861557,43.3125082],[-5.8861402,43.3125101],[-5.8861254,43.312511],[-5.8861014,43.3125118],[-5.8860566,43.3125166],[-5.8859989,43.3125204],[-5.8859791,43.312522],[-5.885962,43.312524],[-5.8859448,43.3125266],[-5.8859278,43.3125299],[-5.8859166,43.3125324],[-5.8859044,43.3125356],[-5.8858924,43.3125393],[-5.8858734,43.3125462],[-5.8858548,43.3125539],[-5.8857997,43.3125784],[-5.885781,43.3125859],[-5.8857673,43.3125909],[-5.8857534,43.3125954],[-5.8857346,43.3126007],[-5.8856881,43.3126126],[-5.8856568,43.3126201],[-5.8856369,43.3126243],[-5.8856173,43.3126289],[-5.885602,43.3126332],[-5.8855782,43.3126409],[-5.885526,43.31266],[-5.8855088,43.3126658],[-5.8854795,43.3126752],[-5.8854396,43.3126864],[-5.8853716,43.3127042],[-5.885321,43.3127139],[-5.8853055,43.3127178],[-5.88529,43.3127223],[-5.8852389,43.3127386],[-5.8852188,43.3127443],[-5.8851988,43.3127492],[-5.885162,43.3127558],[-5.8851451,43.3127593],[-5.8851298,43.3127639],[-5.8851216,43.3127675],[-5.8851139,43.3127716],[-5.8851061,43.3127763],[-5.8850986,43.3127812],[-5.8850867,43.3127904],[-5.8850693,43.3128049],[-5.8850635,43.3128092],[-5.8850511,43.3128174],[-5.8850401,43.3128233],[-5.8850287,43.3128285],[-5.8850174,43.3128329],[-5.8850057,43.3128358],[-5.8849982,43.3128366],[-5.8849899,43.3128365],[-5.8849814,43.3128357],[-5.8849697,43.312834],[-5.8849459,43.3128298],[-5.8849337,43.3128283],[-5.8849157,43.3128279],[-5.884897,43.3128292],[-5.8848778,43.312832],[-5.8848586,43.3128361],[-5.8848398,43.3128412],[-5.8848228,43.3128472],[-5.8848082,43.3128537],[-5.8847539,43.3128811],[-5.8847389,43.3128882],[-5.8847235,43.3128951],[-5.8847037,43.3129033],[-5.8846632,43.3129192],[-5.8846111,43.312939],[-5.8845511,43.3129637],[-5.8845216,43.3129749],[-5.8845036,43.3129811],[-5.8844726,43.3129904],[-5.8844514,43.3129965],[-5.8844341,43.3130009],[-5.884367,43.3130166],[-5.8842844,43.3130371],[-5.8842531,43.3130446],[-5.8842066,43.3130565],[-5.8841767,43.3130635],[-5.8841619,43.3130673],[-5.8841207,43.3130798],[-5.8840946,43.3130868],[-5.8840649,43.3130939],[-5.8840319,43.3131013],[-5.8839843,43.3131134],[-5.8839734,43.3131163],[-5.8839631,43.3131197],[-5.8839539,43.3131239],[-5.883943,43.3131309],[-5.8839354,43.313139],[-5.8839325,43.3131472],[-5.8839329,43.3131535],[-5.8839352,43.3131601],[-5.8839399,43.3131682],[-5.8839464,43.313176],[-5.8839546,43.3131832],[-5.8839645,43.3131891],[-5.883978,43.3131939],[-5.883993,43.3131961],[-5.8840025,43.313196],[-5.8840121,43.3131949]],[[-5.8931308,43.3144897],[-5.8931193,43.3144913],[-5.8931083,43.3144934],[-5.8930945,43.3144964],[-5.8930817,43.3145],[-5.89307,43.3145039],[-5.8930561,43.3145097],[-5.8930428,43.3145147],[-5.8930327,43.3145172],[-5.8930223,43.3145186],[-5.8929886,43.3145192],[-5.8929732,43.3145212],[-5.8929483,43.3145266],[-5.8929204,43.3145339],[-5.8929064,43.3145372],[-5.8928846,43.3145405],[-5.8928768,43.314542],[-5.8928695,43.3145443],[-5.8928624,43.3145473],[-5.8928246,43.3145664],[-5.8928152,43.3145719],[-5.8928062,43.3145779],[-5.892798,43.3145842],[-5.8927783,43.3146019],[-5.8927654,43.3146127],[-5.8927593,43.3146168],[-5.8927495,43.3146215],[-5.892738,43.3146248],[-5.892726,43.3146265],[-5.8926691,43.3146295],[-5.8926538,43.3146302],[-5.892627,43.3146307],[-5.8926125,43.3146318],[-5.8925991,43.3146333],[-5.8925859,43.3146353],[-5.8925589,43.3146412],[-5.8925551,43.3146418],[-5.8925576,43.31464],[-5.8925597,43.3146381],[-5.8925602,43.3146369],[-5.8925596,43.3146363],[-5.8925575,43.3146357],[-5.8925465,43.3146338],[-5.8925501,43.3146422],[-5.8925505,43.3146426],[-5.8925439,43.3146438],[-5.8925067,43.3146493],[-5.8924874,43.3146534],[-5.8924628,43.314657],[-5.8924558,43.3146585],[-5.892407,43.3146711],[-5.8923758,43.3146777],[-5.8923652,43.3146808],[-5.8923433,43.3146882],[-5.8923322,43.3146922],[-5.8923172,43.3146982],[-5.8923029,43.3147048],[-5.8922899,43.3147122],[-5.8922702,43.3147266],[-5.8922609,43.314733],[-5.8922513,43.3147387],[-5.8922414,43.3147435],[-5.8922333,43.3147466],[-5.8922147,43.3147529],[-5.8922028,43.3147578],[-5.8921862,43.3147674],[-5.8921776,43.3147717],[-5.8921678,43.3147747],[-5.892157,43.3147768],[-5.8921498,43.3147778],[-5.8921425,43.3147784],[-5.8921345,43.3147784],[-5.8921264,43.3147779],[-5.8921043,43.3147757],[-5.892095,43.3147755],[-5.8920879,43.3147757],[-5.892081,43.3147765],[-5.8920714,43.3147791],[-5.8920617,43.3147828],[-5.8920529,43.3147868],[-5.8920422,43.3147928],[-5.8920344,43.3147978],[-5.8920269,43.3148033],[-5.8920183,43.3148107],[-5.8920104,43.3148186],[-5.8919935,43.3148368],[-5.8919784,43.3148505],[-5.8919713,43.3148561],[-5.8919365,43.3148805],[-5.8919204,43.314891],[-5.8919142,43.3148957],[-5.8918996,43.314908],[-5.8918798,43.3149237],[-5.8918372,43.3149599],[-5.8918185,43.3149747],[-5.8918074,43.3149829],[-5.8917958,43.3149908],[-5.8917838,43.3149982],[-5.8917714,43.3150051],[-5.8917464,43.3150179],[-5.8917363,43.3150235],[-5.8917207,43.3150326],[-5.891712,43.3150383],[-5.8916986,43.3150485],[-5.8916874,43.315059],[-5.8916789,43.3150693],[-5.8916674,43.3150884],[-5.8916621,43.3150937],[-5.8916555,43.3150968],[-5.8916467,43.3150972],[-5.8916368,43.3150954],[-5.891626,43.315093],[-5.8916185,43.3150917],[-5.8916042,43.3150898],[-5.8915972,43.3150893],[-5.8915898,43.3150894],[-5.8915817,43.3150903],[-5.8915701,43.3150924],[-5.8915612,43.3150944],[-5.8915478,43.3150979],[-5.8914995,43.3151125],[-5.8914735,43.3151198],[-5.8914475,43.3151264],[-5.8914386,43.3151289],[-5.8914306,43.3151316],[-5.8914159,43.3151374],[-5.8914042,43.3151412],[-5.8913888,43.3151453],[-5.8913819,43.3151475],[-5.8913755,43.31515],[-5.8913678,43.315154],[-5.8913581,43.315161],[-5.8913408,43.3151757],[-5.8913259,43.3151875],[-5.8913183,43.315195],[-5.8913111,43.315203],[-5.8912953,43.3152222],[-5.8912785,43.3152457],[-5.8911037,43.3155113],[-5.8911078,43.3155182],[-5.8911095,43.3155253],[-5.8911084,43.3155314],[-5.8911047,43.315536],[-5.8910973,43.3155391],[-5.8910879,43.3155399],[-5.8910773,43.3155395],[-5.8910658,43.3155396],[-5.8910557,43.3155412],[-5.8910484,43.3155447],[-5.8910457,43.315548],[-5.891044,43.315552],[-5.8910402,43.3155647],[-5.8910376,43.3155705],[-5.8910342,43.3155766],[-5.891029,43.3155841],[-5.8910222,43.3155914],[-5.891013,43.3155985],[-5.891002,43.315605],[-5.8909897,43.3156112],[-5.890972,43.3156187],[-5.8909343,43.3156334],[-5.8909154,43.3156413],[-5.890889,43.3156539],[-5.8908706,43.3156635],[-5.8908579,43.315671],[-5.890846,43.3156789],[-5.8907835,43.3157247],[-5.8907706,43.3157333],[-5.8907572,43.3157407],[-5.8907477,43.3157447],[-5.890738,43.3157482],[-5.8907253,43.3157519],[-5.8907125,43.3157546],[-5.8906998,43.3157564],[-5.890657,43.3157596],[-5.8906489,43.3157609],[-5.8906258,43.3157666],[-5.8905987,43.3157723],[-5.8905903,43.3157749],[-5.8905843,43.3157771],[-5.890569,43.3157836],[-5.8905647,43.3157852],[-5.8905597,43.3157865],[-5.8905505,43.3157879],[-5.8905403,43.3157887],[-5.8905199,43.3157899],[-5.8905108,43.31579],[-5.8905033,43.315789],[-5.8904979,43.3157862],[-5.8904949,43.3157824],[-5.8904946,43.3157781],[-5.8904973,43.3157738],[-5.8905123,43.3157603],[-5.89052,43.3157515],[-5.8905236,43.3157481],[-5.8905302,43.3157435],[-5.8905402,43.3157381],[-5.8905633,43.3157284],[-5.8905792,43.3157213],[-5.8905953,43.3157128],[-5.8906065,43.3157057],[-5.8906144,43.3157],[-5.890622,43.315694],[-5.8906325,43.3156846],[-5.8906423,43.3156747],[-5.8906774,43.3156371],[-5.8906862,43.3156291],[-5.8906955,43.3156222],[-5.8907178,43.3156085],[-5.8907296,43.3156018],[-5.8907449,43.3155937],[-5.8907611,43.3155858],[-5.890778,43.3155782],[-5.890835,43.3155543],[-5.8908619,43.315542],[-5.8908796,43.3155346],[-5.8909147,43.3155207],[-5.8909313,43.3155134],[-5.8909913,43.3154845],[-5.8911013,43.3152006],[-5.891099,43.3151962],[-5.8910988,43.315192],[-5.8911003,43.3151881],[-5.8911086,43.3151765],[-5.891117,43.3151625],[-5.8911263,43.3151488],[-5.8911306,43.3151415],[-5.8911347,43.3151314],[-5.8911366,43.3151211],[-5.8911356,43.3151112],[-5.8911332,43.3151051],[-5.8911294,43.3150995],[-5.8911245,43.3150942],[-5.8910989,43.3150726],[-5.8907482,43.3151727],[-5.8906113,43.3152156],[-5.8906088,43.3152178],[-5.8906028,43.3152208],[-5.8905955,43.3152232],[-5.8905875,43.3152248],[-5.8905792,43.3152256],[-5.8903521,43.315349],[-5.8903425,43.3153704],[-5.8903392,43.3153803],[-5.8903369,43.3153843],[-5.8903337,43.3153875],[-5.8903302,43.31539],[-5.8903259,43.3153923],[-5.8903245,43.3153919],[-5.8903224,43.3153902],[-5.89032,43.3153873],[-5.8900936,43.3154917],[-5.8900838,43.3155012],[-5.8900759,43.3155064],[-5.8900724,43.3155068],[-5.8900741,43.3155038],[-5.890076,43.3154981],[-5.8900769,43.3154923],[-5.8900772,43.315486],[-5.8900769,43.3154782],[-5.8900751,43.3154714],[-5.8900705,43.3154665],[-5.890064,43.315465],[-5.890056,43.3154667],[-5.8900476,43.3154707],[-5.8900399,43.3154764],[-5.8900336,43.315483],[-5.8900256,43.3154948],[-5.8900192,43.3155013],[-5.8900086,43.3155081],[-5.8899958,43.3155143],[-5.8899586,43.3155301],[-5.8899486,43.3155338],[-5.8899382,43.3155363],[-5.8899167,43.31554],[-5.8898874,43.315546],[-5.8898786,43.315547],[-5.8898706,43.3155468],[-5.8898496,43.315544],[-5.8898373,43.3155428],[-5.8898253,43.3155425],[-5.8898168,43.3155431],[-5.8898089,43.3155448],[-5.8898049,43.315546],[-5.8897912,43.3155511],[-5.8897849,43.3155531],[-5.8897785,43.3155543],[-5.8897608,43.3155566],[-5.8897397,43.3155609],[-5.8897284,43.3155617],[-5.8897214,43.3155612],[-5.8897195,43.3155608],[-5.8894486,43.3155887],[-5.8894365,43.3155979],[-5.8894208,43.3156083],[-5.8894102,43.3156142],[-5.8893976,43.3156197],[-5.8893853,43.3156231],[-5.8893755,43.315624],[-5.889366,43.3156237],[-5.889357,43.3156225],[-5.8893403,43.3156193],[-5.8893317,43.3156184],[-5.8893209,43.3156188],[-5.8893101,43.3156204],[-5.8892958,43.3156232],[-5.8892808,43.315627],[-5.8892656,43.3156318],[-5.8892292,43.3156455],[-5.8892153,43.3156503],[-5.8891955,43.3156562],[-5.8891749,43.3156615],[-5.8891113,43.3156764],[-5.8890844,43.3156829],[-5.8889525,43.3157108],[-5.8889151,43.3157198],[-5.8888972,43.3157249],[-5.8888802,43.3157306],[-5.8888645,43.3157373],[-5.8888501,43.3157451],[-5.8888375,43.3157537],[-5.8888264,43.3157628],[-5.8888172,43.315772],[-5.8888101,43.315781],[-5.8888003,43.3157973],[-5.888795,43.3158031],[-5.8887907,43.3158055],[-5.8887856,43.3158072],[-5.8887791,43.3158083],[-5.8887551,43.3158101],[-5.8887464,43.3158113],[-5.888741,43.3158128],[-5.8887356,43.3158147],[-5.8887191,43.3158214],[-5.8886617,43.315841],[-5.8886465,43.3158467],[-5.8886365,43.3158512],[-5.8886267,43.3158561],[-5.8886091,43.3158657],[-5.8885837,43.3158808],[-5.8885737,43.3158862],[-5.88856,43.315892],[-5.8885454,43.3158967],[-5.8885303,43.3159003],[-5.8885152,43.3159028],[-5.888476,43.3159063],[-5.8884649,43.3159082],[-5.8884552,43.3159114],[-5.888448,43.3159162],[-5.8884437,43.3159243],[-5.8884436,43.315934],[-5.8884452,43.3159396],[-5.8884505,43.3159497],[-5.8884585,43.3159596],[-5.8884696,43.3159707],[-5.8884787,43.3159804],[-5.8884871,43.3159923],[-5.888493,43.3160053],[-5.8884957,43.3160162],[-5.8884964,43.3160271],[-5.8884955,43.3160367],[-5.8884929,43.3160456],[-5.8884886,43.3160534],[-5.8884828,43.3160603],[-5.8884727,43.3160679],[-5.8884638,43.3160727],[-5.8884511,43.3160773],[-5.8884384,43.3160796],[-5.8884299,43.3160798],[-5.8883832,43.3160766],[-5.8883716,43.3160744],[-5.8883624,43.3160718],[-5.8883538,43.3160684],[-5.8883463,43.3160645],[-5.8883399,43.3160597],[-5.8883297,43.316051],[-5.8883244,43.3160478],[-5.8883186,43.3160458],[-5.888312,43.3160448],[-5.8883054,43.3160448],[-5.8882984,43.3160457],[-5.888291,43.3160475],[-5.8882833,43.3160502],[-5.8882705,43.3160559],[-5.8882576,43.3160629],[-5.8882486,43.3160682],[-5.8882188,43.3160866],[-5.8882028,43.3160976],[-5.8881943,43.3161039],[-5.8881768,43.3161172],[-5.8881681,43.3161244],[-5.8881602,43.3161319],[-5.88814,43.3161534],[-5.8881159,43.3161748],[-5.8880857,43.3161976],[-5.8880743,43.3162055],[-5.8880632,43.3162116],[-5.8880264,43.3162282],[-5.8879913,43.3162461],[-5.8879091,43.3162892],[-5.8878136,43.3163371],[-5.8877856,43.3163499],[-5.8877209,43.3163779],[-5.8876382,43.3164154],[-5.8876195,43.3164231],[-5.8876089,43.3164265],[-5.887592,43.3164307],[-5.8875172,43.3164463],[-5.8874985,43.3164498],[-5.8874803,43.3164528],[-5.8874532,43.3164558],[-5.8874271,43.3164581],[-5.8873836,43.3164642],[-5.8873343,43.3164683],[-5.887319,43.3164708],[-5.8873039,43.3164746],[-5.8872669,43.3164865],[-5.8872531,43.3164906],[-5.8872287,43.3164968],[-5.8871898,43.3165053],[-5.8871748,43.3165091],[-5.8871433,43.3165188],[-5.8871102,43.3165277],[-5.8870938,43.316531],[-5.8870623,43.3165361],[-5.8870455,43.3165384],[-5.8870191,43.3165414],[-5.8869985,43.3165441],[-5.8869401,43.3165529],[-5.8869089,43.3165581],[-5.886894,43.3165614],[-5.8868797,43.3165653],[-5.8868662,43.31657],[-5.8868544,43.3165752],[-5.8868057,43.3165998],[-5.8867816,43.3166125],[-5.8867596,43.3166248],[-5.8867445,43.3166323],[-5.8867364,43.3166356],[-5.8867253,43.3166394],[-5.8867137,43.3166427],[-5.8866991,43.3166461],[-5.8866845,43.3166486],[-5.886662,43.3166513],[-5.8866464,43.3166535],[-5.8866194,43.3166583],[-5.8865911,43.3166641],[-5.886545,43.3166744],[-5.8865108,43.3166814],[-5.8864494,43.3166965],[-5.8864111,43.3167066],[-5.8863264,43.3167268],[-5.8863664,43.3168194],[-5.8864768,43.3170557],[-5.8865708,43.3171547],[-5.8867357,43.3171757],[-5.8874639,43.317041],[-5.8875117,43.3170303],[-5.8875341,43.317026],[-5.8875569,43.3170221],[-5.8876027,43.3170154],[-5.8877232,43.3169992],[-5.8877626,43.3169923],[-5.8877755,43.3169893],[-5.8877844,43.3169859],[-5.8877888,43.3169818],[-5.8877923,43.3169738],[-5.8877944,43.3169706],[-5.8877981,43.3169674],[-5.8878027,43.316965],[-5.8878067,43.3169638],[-5.8878108,43.3169629],[-5.8878528,43.3169562],[-5.8879041,43.316946],[-5.8879376,43.3169416],[-5.8879779,43.3169369],[-5.8879918,43.3169342],[-5.8880042,43.3169304],[-5.8880353,43.3169185],[-5.8880481,43.316914],[-5.8880613,43.3169097],[-5.8881056,43.3168965],[-5.8881238,43.3168902],[-5.8881316,43.316887],[-5.8881439,43.3168809],[-5.8881482,43.3168783],[-5.8881548,43.3168737],[-5.8881602,43.3168687],[-5.8881646,43.3168629],[-5.8881726,43.3168494],[-5.8881879,43.3168186],[-5.8881911,43.3168142],[-5.8881942,43.3168122],[-5.8881964,43.3168124],[-5.8881985,43.3168139],[-5.8882008,43.3168171],[-5.8882026,43.3168215],[-5.8882115,43.3168492],[-5.8882144,43.3168558],[-5.8882178,43.3168604],[-5.8882216,43.3168638],[-5.8882272,43.3168663],[-5.8882303,43.3168667],[-5.8882363,43.3168661],[-5.8882552,43.3168619],[-5.8882683,43.3168598],[-5.888283,43.3168565],[-5.8882904,43.3168554],[-5.8882961,43.3168551],[-5.8883016,43.3168554],[-5.8883164,43.3168575],[-5.8883236,43.3168583],[-5.888332,43.3168587],[-5.8883507,43.316859],[-5.888364,43.3168588],[-5.8884089,43.316857],[-5.8884248,43.3168561],[-5.8884492,43.3168538],[-5.8884632,43.3168521],[-5.8884767,43.3168498],[-5.8884893,43.3168464],[-5.8885027,43.3168411],[-5.8885436,43.3168197],[-5.8885689,43.3168076],[-5.8885784,43.3168036],[-5.8885874,43.3168005],[-5.8885959,43.3167978],[-5.8886092,43.3167944],[-5.8886323,43.3167894],[-5.8886463,43.3167877],[-5.8886629,43.3167885],[-5.8886807,43.3167912],[-5.8887193,43.3167989],[-5.8887323,43.3168011],[-5.8887656,43.3168061],[-5.8887857,43.3168087],[-5.8888232,43.3168122],[-5.8888404,43.3168132],[-5.8888928,43.3168144],[-5.8889063,43.3168144],[-5.8889605,43.3168118],[-5.8889935,43.3168091],[-5.8890672,43.3168036],[-5.8891105,43.3167996],[-5.8891713,43.3167957],[-5.8891908,43.3167942],[-5.889226,43.3167907],[-5.8892431,43.3167898],[-5.8892795,43.3167899],[-5.8892929,43.3167896],[-5.8893158,43.3167883],[-5.8893439,43.3167871],[-5.8893657,43.3167852],[-5.8893992,43.3167803],[-5.8894059,43.3167798],[-5.8894122,43.31678],[-5.8894237,43.3167809],[-5.8894301,43.3167808],[-5.8894376,43.3167803],[-5.8894484,43.316779],[-5.8894597,43.3167772],[-5.8894802,43.3167731],[-5.8895043,43.3167688],[-5.8895183,43.316767],[-5.8895693,43.3167612],[-5.889591,43.3167582],[-5.889613,43.3167548],[-5.8896949,43.3167406],[-5.8897292,43.3167354],[-5.8897934,43.3167263],[-5.8898691,43.3167163],[-5.88989,43.3167139],[-5.8899109,43.316712],[-5.8899349,43.3167107],[-5.889959,43.3167101],[-5.8900501,43.3167092],[-5.8901311,43.3167101],[-5.8901518,43.3167106],[-5.8901714,43.3167116],[-5.8901781,43.3167123],[-5.890243,43.3166362],[-5.8902484,43.3166286],[-5.890255,43.3166213],[-5.8902648,43.3166134],[-5.8902763,43.3166061],[-5.8902891,43.3165992],[-5.8903175,43.3165857],[-5.8903332,43.3165794],[-5.8903503,43.3165739],[-5.8903623,43.3165707],[-5.8904084,43.3165596],[-5.8904408,43.3165531],[-5.8904552,43.3165507],[-5.8904776,43.3165481],[-5.8905209,43.3165447],[-5.8905412,43.3165436],[-5.8905608,43.3165432],[-5.8906194,43.3165451],[-5.8906273,43.316546],[-5.8906319,43.3165479],[-5.890632,43.3165522],[-5.8906312,43.3165529],[-5.8907567,43.3166349],[-5.8907643,43.3166361],[-5.8907727,43.3166385],[-5.8907785,43.3166412],[-5.8907823,43.3166441],[-5.8907838,43.3166469],[-5.8907833,43.3166491],[-5.8907795,43.3166509],[-5.8907661,43.3166537],[-5.8907592,43.3166561],[-5.8907545,43.3166587],[-5.8907447,43.3166652],[-5.8907306,43.3166736],[-5.8907257,43.3166769],[-5.8907217,43.31668],[-5.8907183,43.3166837],[-5.8907167,43.3166872],[-5.8907172,43.3166904],[-5.89072,43.316693],[-5.8907279,43.3166953],[-5.8907392,43.3166957],[-5.8907525,43.3166945],[-5.8907667,43.3166919],[-5.8907802,43.3166879],[-5.8907923,43.316682],[-5.8908031,43.3166729],[-5.8908112,43.3166618],[-5.8908153,43.3166534],[-5.8908179,43.3166445],[-5.8908188,43.3166354],[-5.8908168,43.3166218],[-5.8908119,43.3166081],[-5.8907989,43.3165809],[-5.8907931,43.316568],[-5.8907889,43.3165559],[-5.8907874,43.3165493],[-5.8907869,43.3165433],[-5.8907882,43.3165356],[-5.8907918,43.316529],[-5.8907962,43.3165233],[-5.8908001,43.3165174],[-5.8908019,43.3165108],[-5.8908012,43.3165048],[-5.890799,43.3164981],[-5.8907957,43.3164908],[-5.8907789,43.3164568],[-5.8907749,43.3164463],[-5.8907721,43.3164361],[-5.8907707,43.3164268],[-5.890771,43.3164188],[-5.890773,43.3164128],[-5.8907771,43.3164091],[-5.8907825,43.3164067],[-5.8907886,43.3164047],[-5.8907947,43.3164019],[-5.8908006,43.3163974],[-5.8908056,43.3163917],[-5.8908127,43.3163822],[-5.890817,43.316378],[-5.8908214,43.3163753],[-5.8908267,43.3163734],[-5.8908327,43.3163722],[-5.8908427,43.3163715],[-5.8908649,43.3163713],[-5.8908974,43.3163682],[-5.8909055,43.3163677],[-5.8909178,43.3163682],[-5.8909298,43.3163705],[-5.8909542,43.3163775],[-5.8909645,43.3163797],[-5.8909749,43.3163812],[-5.8909996,43.3163824],[-5.8910165,43.3163841],[-5.8910362,43.316387],[-5.891059,43.3163912],[-5.8910638,43.3163917],[-5.891069,43.3163916],[-5.891076,43.3163904],[-5.8911073,43.3163811],[-5.8911172,43.3163777],[-5.8911292,43.3163721],[-5.8911449,43.3163632],[-5.8911588,43.3163558],[-5.8911741,43.3163484],[-5.8911902,43.316341],[-5.891217,43.3163295],[-5.8912439,43.316319],[-5.8912721,43.3163087],[-5.8912943,43.3163019],[-5.8913056,43.3162993],[-5.8913188,43.3162975],[-5.891332,43.3162968],[-5.8913451,43.3162972],[-5.8913783,43.3163009],[-5.8914399,43.3163091],[-5.8914496,43.3163101],[-5.8914608,43.3163104],[-5.8914713,43.3163095],[-5.8914806,43.3163071],[-5.8914895,43.3163023],[-5.8914956,43.3162963],[-5.8915002,43.3162872],[-5.8915022,43.3162767],[-5.8915022,43.3162656],[-5.8915008,43.3162543],[-5.891498,43.3162393],[-5.8914974,43.3162325],[-5.8914978,43.3162258],[-5.8915012,43.3162149],[-5.8915078,43.3162049],[-5.8915173,43.3161967],[-5.8915285,43.316191],[-5.891541,43.3161875],[-5.8915537,43.3161862],[-5.8915656,43.3161875],[-5.8915762,43.3161916],[-5.8915842,43.3161978],[-5.8915863,43.3162005],[-5.8915879,43.3162033],[-5.8915897,43.3162083],[-5.8915924,43.316221],[-5.8915944,43.3162336],[-5.8915967,43.3162396],[-5.8915999,43.3162441],[-5.8916045,43.3162481],[-5.8916142,43.3162528],[-5.8916264,43.3162558],[-5.8916405,43.3162571],[-5.8916557,43.3162566],[-5.8916714,43.3162544],[-5.8916876,43.3162507],[-5.8917041,43.3162462],[-5.8917196,43.3162414],[-5.8917349,43.316236],[-5.891753,43.316228],[-5.8917706,43.316219],[-5.8918158,43.3161943],[-5.8918286,43.3161878],[-5.8918579,43.3161744],[-5.891874,43.3161664],[-5.8918884,43.3161584],[-5.8919004,43.3161508],[-5.891908,43.3161451],[-5.8919124,43.316141],[-5.8919147,43.3161377],[-5.8919148,43.3161356],[-5.8919136,43.3161342],[-5.891911,43.3161333],[-5.8918991,43.3161319],[-5.8918901,43.3161303],[-5.8918846,43.3161287],[-5.8918685,43.3161233],[-5.8918609,43.3161198],[-5.8918573,43.3161152],[-5.8918586,43.3161106],[-5.8918631,43.3161051],[-5.8918701,43.3160991],[-5.8918792,43.3160928],[-5.8919153,43.3160711],[-5.891928,43.3160628],[-5.8919428,43.3160514],[-5.8919568,43.3160391],[-5.8919704,43.3160263],[-5.8920056,43.3159909],[-5.8920151,43.3159822],[-5.8920653,43.3159411],[-5.8920739,43.3159352],[-5.8920948,43.3159219],[-5.8921047,43.3159151],[-5.892113,43.3159087],[-5.8921204,43.3159021],[-5.892129,43.3158928],[-5.8921343,43.3158831],[-5.8921352,43.3158723],[-5.8921324,43.3158608],[-5.8921294,43.3158534],[-5.8921256,43.3158458],[-5.8921191,43.315835],[-5.8921099,43.3158213],[-5.892102,43.3158114],[-5.8920943,43.3158024],[-5.8920851,43.3157929],[-5.8920634,43.3157723],[-5.892025,43.3157381],[-5.8919912,43.315709],[-5.8919843,43.3157022],[-5.8919675,43.3156842],[-5.8919455,43.3156595],[-5.8919355,43.3156473],[-5.8919267,43.3156355],[-5.8919196,43.315624],[-5.891915,43.3156132],[-5.8919134,43.3156047],[-5.8919141,43.3155972],[-5.8919165,43.3155923],[-5.8919204,43.3155886],[-5.8919292,43.315586],[-5.8919408,43.3155861],[-5.8919541,43.3155886],[-5.8919684,43.315593],[-5.8919743,43.3155954],[-5.89199,43.3156028],[-5.8920053,43.3156118],[-5.8920197,43.3156219],[-5.8920266,43.3156277],[-5.8920364,43.3156366],[-5.892044,43.3156441],[-5.8920509,43.3156518],[-5.8920694,43.315676],[-5.8920785,43.3156872],[-5.8920885,43.3156982],[-5.8920982,43.3157077],[-5.8921111,43.3157187],[-5.8921251,43.3157291],[-5.89214,43.3157386],[-5.8921561,43.3157468],[-5.8921749,43.3157539],[-5.8921948,43.315759],[-5.8922153,43.3157622],[-5.892236,43.3157633],[-5.8922511,43.3157625],[-5.892266,43.3157604],[-5.8922806,43.3157571],[-5.8922937,43.3157527],[-5.8923064,43.3157474],[-5.8923166,43.3157425],[-5.8923266,43.3157372],[-5.8923463,43.3157257],[-5.8923626,43.3157153],[-5.8923786,43.3157044],[-5.8923944,43.3156932],[-5.8924098,43.3156816],[-5.8924246,43.3156697],[-5.8924896,43.3156134],[-5.89252,43.3155861],[-5.892529,43.3155774],[-5.8925388,43.3155672],[-5.892554,43.3155497],[-5.8925611,43.3155431],[-5.8925677,43.3155388],[-5.8925806,43.3155318],[-5.8925851,43.3155282],[-5.8925885,43.3155237],[-5.8925906,43.315516],[-5.8925899,43.315507],[-5.8925865,43.3154973],[-5.8925802,43.3154872],[-5.89257,43.3154761],[-5.892557,43.3154653],[-5.892542,43.3154547],[-5.8925254,43.3154444],[-5.8925077,43.3154344],[-5.8924892,43.3154248],[-5.8924702,43.3154158],[-5.8924346,43.3154001],[-5.8924176,43.3153923],[-5.8924001,43.315383],[-5.8923844,43.3153734],[-5.8923736,43.3153657],[-5.8923647,43.3153577],[-5.8923586,43.3153491],[-5.8923557,43.3153391],[-5.892356,43.3153284],[-5.8923586,43.315317],[-5.8923635,43.3153042],[-5.8923699,43.3152911],[-5.892377,43.3152777],[-5.8923849,43.3152637],[-5.8923933,43.3152498],[-5.8924024,43.3152364],[-5.8924126,43.3152239],[-5.8924225,43.3152142],[-5.8924335,43.3152058],[-5.8924458,43.3151991],[-5.8924605,43.3151939],[-5.8924763,43.3151908],[-5.8924925,43.3151892],[-5.8925086,43.3151891],[-5.8925412,43.3151907],[-5.8925585,43.315191],[-5.8925751,43.3151904],[-5.8926071,43.3151882],[-5.8926218,43.3151879],[-5.8926352,43.3151891],[-5.8926455,43.3151916],[-5.8926545,43.3151952],[-5.8926628,43.3151997],[-5.8926669,43.3152027],[-5.8926703,43.3152058],[-5.8926722,43.3152081],[-5.8926785,43.3152189],[-5.8926836,43.3152253],[-5.8926917,43.3152341],[-5.8926943,43.3152376],[-5.8927024,43.3152544],[-5.8927141,43.3152708],[-5.8927194,43.3152805],[-5.8927245,43.315291],[-5.8927301,43.3153013],[-5.892737,43.3153106],[-5.8927463,43.3153179],[-5.8927576,43.3153221],[-5.8927711,43.3153243],[-5.892786,43.3153251],[-5.8927984,43.315325],[-5.8928109,43.3153241],[-5.8928235,43.3153224],[-5.8928341,43.3153201],[-5.8928516,43.3153144],[-5.8928673,43.3153086],[-5.8928976,43.3152962],[-5.8929259,43.3152837],[-5.8929421,43.3152761],[-5.8929578,43.3152683],[-5.8929741,43.3152594],[-5.8929892,43.3152506],[-5.8930026,43.315242],[-5.8930105,43.3152364],[-5.8930176,43.3152306],[-5.8930241,43.3152243],[-5.8930663,43.3151791],[-5.8930755,43.3151705],[-5.8930801,43.3151666],[-5.8930904,43.3151592],[-5.8931015,43.3151528],[-5.893116,43.3151464],[-5.893126,43.3151425],[-5.8932164,43.3151117],[-5.893248,43.3151018],[-5.8932886,43.3150908],[-5.8933005,43.3150872],[-5.893324,43.3150796],[-5.8933435,43.3150723],[-5.8933821,43.3150562],[-5.8934231,43.3150383],[-5.8934413,43.3150298],[-5.8934747,43.3150134],[-5.8934898,43.3150055],[-5.8935111,43.3149938],[-5.8935599,43.3149681],[-5.8935776,43.3149584],[-5.8935911,43.31495],[-5.8935998,43.314944],[-5.8936125,43.3149334],[-5.8936234,43.3149219],[-5.8936322,43.3149097],[-5.893638,43.3148985],[-5.8936416,43.3148871],[-5.893643,43.3148756],[-5.893642,43.3148646],[-5.8936387,43.3148539],[-5.8936346,43.3148457],[-5.8936295,43.3148379],[-5.8936236,43.3148302],[-5.8936166,43.314823],[-5.8936038,43.3148128],[-5.8935894,43.3148034],[-5.8935557,43.3147831],[-5.8935387,43.3147724],[-5.8935263,43.3147652],[-5.8935149,43.3147591],[-5.89351,43.314756],[-5.8935059,43.3147527],[-5.8935037,43.3147503],[-5.8935013,43.3147458],[-5.8935014,43.3147415],[-5.8935045,43.3147373],[-5.8935104,43.3147341],[-5.8935184,43.3147321],[-5.8935264,43.3147317],[-5.8935353,43.3147322],[-5.8935451,43.3147334],[-5.8935583,43.314736],[-5.8935907,43.3147434],[-5.8936049,43.3147463],[-5.8936202,43.3147486],[-5.8936285,43.3147495],[-5.893639,43.3147503],[-5.8936489,43.3147502],[-5.8936572,43.3147492],[-5.8936651,43.3147473],[-5.893674,43.3147442],[-5.8936818,43.31474],[-5.8936863,43.314736],[-5.8936903,43.3147314],[-5.8936957,43.314723],[-5.8937,43.3147135],[-5.8937032,43.3147026],[-5.8937048,43.3146926],[-5.8937052,43.3146825],[-5.8937049,43.3146759],[-5.8937039,43.3146652],[-5.8937019,43.3146543],[-5.8936982,43.314644],[-5.8936919,43.3146347],[-5.8936821,43.3146265],[-5.8936695,43.3146194],[-5.8936549,43.3146129],[-5.8936253,43.3146015],[-5.8936122,43.314597],[-5.8935857,43.3145885],[-5.8935724,43.3145847],[-5.8935526,43.3145801],[-5.8935326,43.3145763],[-5.8934256,43.314559],[-5.8934092,43.3145556],[-5.8933946,43.3145511],[-5.8933843,43.3145462],[-5.8933641,43.3145348],[-5.8933465,43.3145259],[-5.8933359,43.3145214],[-5.8933064,43.3145104],[-5.8932872,43.3145039],[-5.8932673,43.3144981],[-5.8932466,43.3144935],[-5.8932297,43.3144911],[-5.8932124,43.3144894],[-5.8931951,43.3144884],[-5.8931732,43.3144878],[-5.8931516,43.3144881],[-5.8931308,43.3144897]],[[-5.8875347,43.3160541],[-5.88754,43.3160487],[-5.8875467,43.3160444],[-5.8875496,43.3160546],[-5.8875506,43.3160568],[-5.8875514,43.3160573],[-5.8875524,43.3160569],[-5.8875534,43.3160557],[-5.8875575,43.3160498],[-5.8875594,43.3160463],[-5.8875596,43.3160441],[-5.8875585,43.3160429],[-5.8875566,43.316042],[-5.8875641,43.3160427],[-5.8875735,43.3160453],[-5.8875905,43.3160509],[-5.8875976,43.3160528],[-5.8876045,43.3160542],[-5.887614,43.3160548],[-5.887623,43.3160531],[-5.8876308,43.3160486],[-5.8876375,43.3160418],[-5.8876433,43.3160333],[-5.8876483,43.3160236],[-5.8876528,43.3160127],[-5.887657,43.3160012],[-5.8876604,43.3159895],[-5.8876622,43.3159777],[-5.8876623,43.3159695],[-5.8876615,43.3159615],[-5.8876602,43.3159538],[-5.8876583,43.3159463],[-5.8876548,43.3159366],[-5.8876471,43.3159179],[-5.8876425,43.3159083],[-5.8876394,43.3158993],[-5.8876394,43.3158923],[-5.887642,43.3158862],[-5.8876471,43.315882],[-5.8876548,43.3158801],[-5.8876643,43.31588],[-5.8876835,43.3158817],[-5.8876931,43.3158821],[-5.8877214,43.315881],[-5.8877323,43.315881],[-5.8877454,43.3158816],[-5.8877559,43.3158826],[-5.8877659,43.315884],[-5.8877739,43.3158858],[-5.8877813,43.3158879],[-5.8877901,43.3158909],[-5.8877973,43.315894],[-5.8878024,43.3158972],[-5.8878049,43.3159009],[-5.8878042,43.3159033],[-5.8878018,43.3159056],[-5.8877881,43.3159136],[-5.8877849,43.315917],[-5.8877838,43.3159201],[-5.887784,43.3159235],[-5.8877873,43.3159297],[-5.8877935,43.3159365],[-5.8877999,43.3159425],[-5.8878073,43.3159485],[-5.8878158,43.3159541],[-5.8878232,43.315958],[-5.8878414,43.3159659],[-5.8878518,43.3159696],[-5.8878606,43.315972],[-5.8878682,43.3159732],[-5.8878753,43.3158889],[-5.8878586,43.315818],[-5.8877786,43.3157028],[-5.8877693,43.3157083],[-5.8877591,43.3157134],[-5.8877381,43.3157233],[-5.8877123,43.3157362],[-5.8876666,43.3157574],[-5.8876515,43.3157652],[-5.8876395,43.3157724],[-5.8875969,43.3158013],[-5.8875752,43.3158148],[-5.8875514,43.3158306],[-5.8875413,43.3158366],[-5.8875285,43.3158428],[-5.8875149,43.3158481],[-5.8875012,43.3158527],[-5.8874782,43.3158595],[-5.8874411,43.3158722],[-5.8874006,43.3158853],[-5.8873892,43.3158889],[-5.8873388,43.315903],[-5.8873126,43.3159116],[-5.887276,43.3159255],[-5.8872321,43.3159432],[-5.8871986,43.3159556],[-5.8871893,43.3159595],[-5.8871629,43.3159712],[-5.887095,43.3160005],[-5.8870629,43.3160152],[-5.8870466,43.3160221],[-5.8870305,43.3160281],[-5.8870142,43.3160333],[-5.8869769,43.3160445],[-5.8869597,43.3160491],[-5.8869443,43.3160526],[-5.8869315,43.3160545],[-5.8869224,43.3160542],[-5.8869196,43.3160529],[-5.8869182,43.316051],[-5.8869192,43.3160468],[-5.8869237,43.3160416],[-5.8869325,43.3160348],[-5.8869841,43.3160027],[-5.8870194,43.3159825],[-5.8870408,43.3159684],[-5.8870524,43.315962],[-5.887065,43.3159557],[-5.8870913,43.315944],[-5.8871179,43.3159331],[-5.887127,43.3159282],[-5.8871338,43.315923],[-5.8871376,43.3159178],[-5.8871375,43.3159121],[-5.887134,43.3159072],[-5.887129,43.3159032],[-5.8871252,43.3159011],[-5.8871217,43.3158999],[-5.8871192,43.3158998],[-5.8871173,43.3159002],[-5.8871156,43.3159012],[-5.8871125,43.3159039],[-5.8871102,43.3159053],[-5.8871057,43.3159067],[-5.8871002,43.315907],[-5.8870972,43.3159067],[-5.88709,43.3159042],[-5.8870834,43.3158996],[-5.8870796,43.315895],[-5.8870721,43.3158819],[-5.8870685,43.3158768],[-5.8870642,43.3158721],[-5.8870593,43.3158682],[-5.8870533,43.3158651],[-5.8870459,43.3158627],[-5.8870411,43.3158616],[-5.8870276,43.3158594],[-5.8870124,43.3158582],[-5.8869962,43.315858],[-5.8869796,43.3158591],[-5.8869631,43.3158617],[-5.8869472,43.3158661],[-5.8869352,43.3158704],[-5.8869064,43.3158819],[-5.8868929,43.3158866],[-5.8868675,43.3158935],[-5.8868553,43.3158972],[-5.8868438,43.315902],[-5.8868319,43.3159096],[-5.8868213,43.3159191],[-5.8868121,43.31593],[-5.8868049,43.3159408],[-5.8867989,43.315953],[-5.8867944,43.3159658],[-5.8867914,43.3159791],[-5.8867898,43.3159919],[-5.8867861,43.3160309],[-5.8867854,43.3160465],[-5.8867855,43.3160623],[-5.886786,43.3160781],[-5.8867883,43.3161084],[-5.8867901,43.3161225],[-5.8867926,43.3161355],[-5.886795,43.3161434],[-5.8867979,43.3161505],[-5.8868024,43.3161576],[-5.8868067,43.3161618],[-5.8868114,43.3161648],[-5.8868169,43.3161668],[-5.8868378,43.3161706],[-5.8868466,43.3161728],[-5.8868758,43.3161817],[-5.8868876,43.3161851],[-5.8869002,43.3161881],[-5.8869136,43.3161906],[-5.8869319,43.3161927],[-5.8869511,43.3161937],[-5.886971,43.3161941],[-5.8870544,43.3161933],[-5.8871155,43.3161935],[-5.8871333,43.3161938],[-5.8871499,43.3161946],[-5.8871708,43.316196],[-5.8871871,43.3161963],[-5.8872029,43.3161958],[-5.8872245,43.3161946],[-5.8872351,43.3161949],[-5.8872511,43.3161974],[-5.8872979,43.3162101],[-5.8873112,43.3162131],[-5.8873238,43.3162152],[-5.8873358,43.316216],[-5.8873474,43.3162151],[-5.8873583,43.3162129],[-5.8873661,43.3162108],[-5.8873733,43.3162084],[-5.8873904,43.3162018],[-5.8873968,43.3162001],[-5.8874028,43.316199],[-5.8874153,43.3161976],[-5.8874212,43.3161963],[-5.8874293,43.3161924],[-5.8874364,43.3161871],[-5.887445,43.3161792],[-5.887449,43.3161762],[-5.8874535,43.3161735],[-5.8874666,43.3161672],[-5.8874713,43.3161646],[-5.8874754,43.3161617],[-5.887479,43.3161581],[-5.8874813,43.3161543],[-5.8874821,43.3161488],[-5.8874804,43.316137],[-5.887481,43.3161304],[-5.8874829,43.3161256],[-5.8874859,43.3161206],[-5.887491,43.316114],[-5.8875102,43.3160935],[-5.8875198,43.3160813],[-5.8875234,43.3160758],[-5.8875307,43.3160607],[-5.8875347,43.3160541]],[[-5.8866504,43.3156798],[-5.8866578,43.3156764],[-5.8866681,43.315671],[-5.8866769,43.3156653],[-5.8866857,43.3156568],[-5.8866917,43.3156482],[-5.8866944,43.3156432],[-5.886696,43.3156386],[-5.8866983,43.3156246],[-5.8867003,43.3156188],[-5.8867055,43.3156067],[-5.8867072,43.3156011],[-5.8867081,43.3155935],[-5.8867068,43.315572],[-5.8867068,43.3155629],[-5.8867079,43.3155427],[-5.8867238,43.3154606],[-5.8867283,43.3154306],[-5.8867348,43.3153832],[-5.8867394,43.3153547],[-5.8867406,43.3153413],[-5.8867402,43.3153201],[-5.8867406,43.3153098],[-5.8867422,43.3153003],[-5.8867447,43.3152925],[-5.8867479,43.3152845],[-5.8867554,43.3152683],[-5.886774,43.3152298],[-5.8867798,43.3152152],[-5.886783,43.3152034],[-5.8867843,43.3151954],[-5.886785,43.3151874],[-5.886785,43.3151714],[-5.8867829,43.3151555],[-5.8867799,43.3151443],[-5.8867757,43.3151333],[-5.8867705,43.3151227],[-5.8867563,43.315099],[-5.8867477,43.3150854],[-5.8867384,43.315072],[-5.8867283,43.3150589],[-5.8866966,43.3150231],[-5.8865074,43.3149686],[-5.8864931,43.3149654],[-5.8864787,43.3149612],[-5.8864609,43.3149551],[-5.8864424,43.3149492],[-5.8864319,43.3149466],[-5.8864216,43.3149444],[-5.8864025,43.3149413],[-5.8863826,43.314939],[-5.8863625,43.3149377],[-5.88635,43.3149377],[-5.8863376,43.3149383],[-5.8863215,43.3149401],[-5.8863033,43.3149438],[-5.8862864,43.3149487],[-5.8862732,43.3149539],[-5.8862594,43.3149616],[-5.8862472,43.314971],[-5.8862368,43.3149817],[-5.8862286,43.3149927],[-5.8862229,43.3150019],[-5.8862182,43.3150114],[-5.8862151,43.3150204],[-5.886213,43.315031],[-5.8862131,43.3150425],[-5.8862154,43.3150543],[-5.8862207,43.3150671],[-5.8862305,43.3150836],[-5.8862426,43.3151009],[-5.8862532,43.3151151],[-5.8862644,43.3151289],[-5.8862763,43.3151421],[-5.8862883,43.315154],[-5.8863154,43.3151784],[-5.8863974,43.3152134],[-5.8864016,43.3152142],[-5.886413,43.3152187],[-5.8864238,43.3152247],[-5.8864955,43.3152622],[-5.8865988,43.3152683],[-5.8866005,43.3152675],[-5.8866108,43.3152646],[-5.8866209,43.3152625],[-5.8866315,43.3152608],[-5.8866413,43.3152601],[-5.8866501,43.3152611],[-5.8866578,43.3152649],[-5.8866637,43.3152721],[-5.8866664,43.3152789],[-5.8866675,43.3152867],[-5.8866667,43.3152951],[-5.8866625,43.3153066],[-5.8866587,43.3153136],[-5.8866543,43.3153208],[-5.8866335,43.3153497],[-5.8866174,43.3153733],[-5.8865553,43.3154719],[-5.8865499,43.3154821],[-5.8865468,43.3154912],[-5.8865446,43.3154997],[-5.8865415,43.3155077],[-5.8865371,43.3155142],[-5.8865212,43.3155297],[-5.8865127,43.3155386],[-5.8865054,43.3155483],[-5.8865013,43.315556],[-5.8864987,43.3155638],[-5.8864978,43.3155717],[-5.8864987,43.3155802],[-5.8865027,43.3155978],[-5.8865038,43.3156099],[-5.886504,43.3156227],[-5.8865038,43.3156338],[-5.8865028,43.315645],[-5.886496,43.3156971],[-5.8864958,43.3157068],[-5.8864977,43.3157144],[-5.8865022,43.3157194],[-5.8865084,43.3157226],[-5.8865124,43.3157238],[-5.8865176,43.3157246],[-5.8865236,43.3157243],[-5.8865305,43.3157229],[-5.8865405,43.3157196],[-5.8865637,43.3157102],[-5.8865725,43.315707],[-5.8866187,43.3156916],[-5.8866382,43.3156847],[-5.8866504,43.3156798]],[[-5.8873129,43.3149946],[-5.887305,43.314999],[-5.8872965,43.3150031],[-5.8872862,43.3150075],[-5.8872752,43.3150112],[-5.8872618,43.3150143],[-5.8872479,43.3150162],[-5.8872293,43.3150174],[-5.8872111,43.3150168],[-5.8871976,43.315015],[-5.886966,43.3149897],[-5.8869605,43.3149916],[-5.8869557,43.3149953],[-5.8869522,43.3150012],[-5.886946,43.3150161],[-5.8869401,43.3150275],[-5.886937,43.3150349],[-5.8869333,43.3150468],[-5.8869332,43.315051],[-5.8869341,43.3150537],[-5.8869359,43.3150559],[-5.8869387,43.3150577],[-5.8869499,43.3150624],[-5.8869548,43.3150654],[-5.8869592,43.315069],[-5.8869626,43.3150727],[-5.8869673,43.3150801],[-5.8869701,43.315084],[-5.8869762,43.3150898],[-5.8869836,43.3150961],[-5.8869868,43.3150994],[-5.8869827,43.3150986],[-5.8869863,43.3151071],[-5.8869874,43.3151083],[-5.8869883,43.3151084],[-5.88699,43.3151076],[-5.8869925,43.3151057],[-5.8869966,43.3151116],[-5.8869998,43.3151192],[-5.8870066,43.3151425],[-5.8870079,43.3151482],[-5.8870079,43.3151531],[-5.8870063,43.315157],[-5.8870019,43.3151616],[-5.8869964,43.3151657],[-5.8869917,43.3151709],[-5.8869894,43.3151772],[-5.8869891,43.3151847],[-5.8869901,43.3151931],[-5.8871195,43.3152355],[-5.887269,43.3152253],[-5.8872886,43.3152187],[-5.8873096,43.3152124],[-5.887321,43.3152092],[-5.887338,43.3152052],[-5.8873856,43.3151968],[-5.8874431,43.3151861],[-5.8874451,43.3151858],[-5.887449,43.315187],[-5.8874546,43.3151898],[-5.8874607,43.3151944],[-5.887466,43.3152007],[-5.8874686,43.3152067],[-5.887466,43.3152062],[-5.8874439,43.315204],[-5.8874488,43.3152118],[-5.8874498,43.3152128],[-5.8874597,43.3152122],[-5.8874677,43.3152089],[-5.8874692,43.3152081],[-5.8874697,43.3152095],[-5.8874701,43.315213],[-5.8877668,43.3152376],[-5.8877791,43.3152336],[-5.8877871,43.3152314],[-5.8877996,43.3152291],[-5.8878121,43.3152284],[-5.8878213,43.3152294],[-5.8878301,43.3152315],[-5.8878381,43.3152341],[-5.8878468,43.3152378],[-5.8878629,43.3152456],[-5.8878693,43.3152483],[-5.8878757,43.3152504],[-5.8878815,43.3152516],[-5.887887,43.3152519],[-5.8879045,43.3152516],[-5.8879127,43.3152525],[-5.8879214,43.3152541],[-5.8879302,43.3152563],[-5.8879428,43.3152598],[-5.887952,43.315262],[-5.8879732,43.3152665],[-5.8879937,43.315272],[-5.8880015,43.3152734],[-5.8880092,43.3152742],[-5.8880185,43.3152741],[-5.8880291,43.3152729],[-5.8880379,43.3152707],[-5.8880437,43.3152676],[-5.8880454,43.3152643],[-5.8880443,43.3152608],[-5.8880417,43.3152582],[-5.8880328,43.3152525],[-5.8880268,43.3152493],[-5.8880148,43.3152445],[-5.8880083,43.3152414],[-5.8880025,43.3152376],[-5.8879998,43.3152352],[-5.8879939,43.3152282],[-5.8879684,43.315193],[-5.8879643,43.3151862],[-5.8879529,43.3151613],[-5.8879516,43.3151546],[-5.8879526,43.3151478],[-5.8879557,43.3151404],[-5.887961,43.3151329],[-5.8879686,43.3151252],[-5.8879778,43.3151178],[-5.8879877,43.3151107],[-5.888003,43.3151004],[-5.8880116,43.3150952],[-5.88802,43.315091],[-5.8880283,43.3150882],[-5.8880384,43.3150872],[-5.888066,43.3150892],[-5.8880725,43.3150889],[-5.8880789,43.3150882],[-5.8880974,43.3150853],[-5.888108,43.3150833],[-5.8881262,43.3150782],[-5.888135,43.3150767],[-5.8881502,43.3150751],[-5.8881685,43.3150717],[-5.8881753,43.315071],[-5.8881824,43.3150713],[-5.8881904,43.3150733],[-5.8881963,43.315076],[-5.8882046,43.3150808],[-5.8882125,43.3150866],[-5.8882136,43.3150877],[-5.8882028,43.3150858],[-5.8882064,43.3150943],[-5.8882075,43.3150955],[-5.8882085,43.3150956],[-5.8882101,43.3150947],[-5.8882139,43.315092],[-5.888216,43.3150901],[-5.888216,43.3150899],[-5.8882193,43.3150931],[-5.8882326,43.315111],[-5.8882386,43.3151161],[-5.88825,43.3151211],[-5.8882649,43.3151242],[-5.8882822,43.3151255],[-5.8882966,43.3151251],[-5.8883116,43.3151238],[-5.8883269,43.3151217],[-5.8883424,43.3151191],[-5.8883651,43.3151146],[-5.8883826,43.3151118],[-5.8883936,43.3151103],[-5.8884102,43.3151085],[-5.8884581,43.3151049],[-5.8884936,43.3151013],[-5.8885069,43.3151004],[-5.8885197,43.3151007],[-5.8885332,43.3151028],[-5.888546,43.3151064],[-5.888558,43.3151107],[-5.8885766,43.3151181],[-5.8885839,43.3151214],[-5.8885881,43.3151237],[-5.888599,43.3151308],[-5.88861,43.3151385],[-5.8886219,43.3151458],[-5.8886354,43.3151517],[-5.8886493,43.315155],[-5.8886646,43.3151565],[-5.8886808,43.3151566],[-5.8886975,43.3151555],[-5.8887144,43.3151534],[-5.8887311,43.3151503],[-5.8887573,43.3151442],[-5.88878,43.3151396],[-5.8888379,43.3151286],[-5.8888589,43.3151255],[-5.8888799,43.3151241],[-5.8888962,43.3151246],[-5.8889124,43.3151264],[-5.8889283,43.3151291],[-5.8889471,43.3151333],[-5.8889648,43.3151385],[-5.8889806,43.3151448],[-5.8889937,43.3151523],[-5.889,43.3151575],[-5.8890055,43.3151631],[-5.8890142,43.3151735],[-5.889022,43.3151846],[-5.8890282,43.315196],[-5.8890316,43.3152049],[-5.8890339,43.3152132],[-5.8890349,43.315219],[-5.889035,43.3152241],[-5.8890916,43.3153133],[-5.8891445,43.3153996],[-5.8892142,43.3154605],[-5.8892293,43.3154576],[-5.8892445,43.3154538],[-5.8892667,43.3154464],[-5.8892766,43.3154436],[-5.889285,43.3154422],[-5.8893033,43.3154404],[-5.8893142,43.3154385],[-5.8893525,43.3154283],[-5.889368,43.3154247],[-5.8893782,43.3154228],[-5.8893878,43.3154214],[-5.8894034,43.3154198],[-5.8894103,43.3154194],[-5.8894162,43.3154194],[-5.8894217,43.31542],[-5.889427,43.3154211],[-5.8894363,43.3154248],[-5.889443,43.3154303],[-5.8894554,43.3154462],[-5.8894623,43.315453],[-5.8894706,43.3154597],[-5.8894867,43.3154715],[-5.8894965,43.3154782],[-5.8895063,43.3154837],[-5.8895147,43.3154869],[-5.8895995,43.315457],[-5.8896,43.3154564],[-5.8896057,43.3154507],[-5.8896113,43.3154476],[-5.8896187,43.3154468],[-5.8896252,43.3154479],[-5.8896415,43.3154526],[-5.889646,43.3154532],[-5.8896548,43.3154528],[-5.8896646,43.315451],[-5.8896892,43.3154447],[-5.8897034,43.3154418],[-5.8897094,43.3154403],[-5.8897154,43.3154378],[-5.8897199,43.3154347],[-5.8897266,43.3154275],[-5.8897298,43.3154248],[-5.8897345,43.3154221],[-5.8897446,43.3154189],[-5.8897577,43.3154164],[-5.889773,43.3154146],[-5.8898169,43.3154119],[-5.8898321,43.3154106],[-5.8898841,43.3154045],[-5.8899022,43.3154022],[-5.8899204,43.3153994],[-5.8899727,43.3153894],[-5.889997,43.3153853],[-5.8900271,43.3153816],[-5.8900414,43.3153804],[-5.8900554,43.3153799],[-5.8902578,43.3152813],[-5.8902576,43.3152769],[-5.8902593,43.3152725],[-5.8902629,43.3152689],[-5.8902672,43.3152669],[-5.8902723,43.3152655],[-5.8902782,43.3152648],[-5.8902847,43.3152645],[-5.8902915,43.3152649],[-5.8905212,43.3150793],[-5.8905204,43.3150722],[-5.8905272,43.3150745],[-5.8906532,43.315052],[-5.8907186,43.3150448],[-5.8907176,43.3150411],[-5.8907157,43.3150313],[-5.8907325,43.3150433],[-5.8910713,43.3149762],[-5.8913181,43.3149375],[-5.8913323,43.3149314],[-5.8913482,43.314926],[-5.8913734,43.314918],[-5.8913822,43.3149147],[-5.8913898,43.3149112],[-5.8913962,43.314907],[-5.8914017,43.3149021],[-5.8914075,43.3148955],[-5.891413,43.3148884],[-5.8914181,43.3148813],[-5.8914228,43.314874],[-5.8914266,43.3148665],[-5.8914293,43.314859],[-5.8914354,43.314836],[-5.8914374,43.314828],[-5.8914384,43.3148199],[-5.8914383,43.3148022],[-5.8914347,43.3147412],[-5.8914332,43.3147241],[-5.8914312,43.3147093],[-5.8914248,43.3146662],[-5.8914234,43.3146515],[-5.8914223,43.3146311],[-5.8914225,43.3146247],[-5.891424,43.3146164],[-5.8914266,43.3146088],[-5.8914301,43.3146034],[-5.8914345,43.314601],[-5.8914388,43.314602],[-5.8914432,43.3146054],[-5.8914474,43.314611],[-5.8914514,43.3146183],[-5.8914587,43.3146337],[-5.8914709,43.3146635],[-5.8914744,43.3146714],[-5.8914808,43.3146833],[-5.8914881,43.3146948],[-5.8914966,43.3147058],[-5.8915028,43.3147129],[-5.8915096,43.3147195],[-5.8915213,43.3147282],[-5.8915348,43.314735],[-5.8915482,43.3147389],[-5.8915625,43.3147413],[-5.8915788,43.3147423],[-5.8915952,43.3147417],[-5.891609,43.3147398],[-5.8916223,43.3147368],[-5.8916347,43.3147331],[-5.8916744,43.3147189],[-5.8916946,43.314711],[-5.8917025,43.3147071],[-5.8917285,43.314692],[-5.8917477,43.3146818],[-5.8917851,43.3146637],[-5.891804,43.3146538],[-5.8918128,43.3146497],[-5.8918472,43.3146373],[-5.8918754,43.3146264],[-5.8919079,43.3146135],[-5.8919215,43.3146091],[-5.8919346,43.3146056],[-5.8919536,43.3146013],[-5.8919598,43.3145996],[-5.8919649,43.3145976],[-5.8919694,43.3145951],[-5.891974,43.3145914],[-5.8919849,43.3145807],[-5.892014,43.3145548],[-5.892021,43.3145491],[-5.8920324,43.3145408],[-5.89204,43.3145364],[-5.8920482,43.3145324],[-5.8920728,43.3145221],[-5.8921236,43.3144982],[-5.8921332,43.3144945],[-5.8921567,43.3144867],[-5.8921678,43.3144818],[-5.8921801,43.3144756],[-5.8921895,43.3144713],[-5.8921999,43.3144671],[-5.8922297,43.3144577],[-5.8922445,43.3144526],[-5.892258,43.3144463],[-5.8922661,43.3144412],[-5.8922837,43.3144276],[-5.8923073,43.3144064],[-5.8923272,43.3143874],[-5.8923386,43.3143774],[-5.8923446,43.3143731],[-5.8923507,43.31437],[-5.8923608,43.3143681],[-5.8923706,43.3143696],[-5.8923797,43.3143742],[-5.8923993,43.3143888],[-5.8924185,43.3144047],[-5.8924251,43.314408],[-5.892436,43.3144099],[-5.8924444,43.3144098],[-5.8924562,43.3144082],[-5.892485,43.3144021],[-5.8925015,43.3143975],[-5.8925159,43.3143923],[-5.8925295,43.3143859],[-5.8925372,43.3143814],[-5.8925584,43.3143678],[-5.8925714,43.3143585],[-5.8925829,43.3143485],[-5.8925884,43.3143427],[-5.8926069,43.3143195],[-5.8926119,43.314314],[-5.8926206,43.3143068],[-5.892638,43.3142956],[-5.8926439,43.31429],[-5.8926578,43.314273],[-5.8926606,43.314269],[-5.8926667,43.3142576],[-5.8926693,43.3142537],[-5.8926732,43.3142492],[-5.8926838,43.3142396],[-5.8927222,43.3142121],[-5.8927421,43.3141992],[-5.8927548,43.3141921],[-5.8927684,43.3141857],[-5.8927827,43.3141802],[-5.8927973,43.3141753],[-5.8928118,43.3141712],[-5.8928249,43.314168],[-5.8928376,43.3141658],[-5.8928501,43.3141652],[-5.8928627,43.3141665],[-5.8928753,43.3141693],[-5.892899,43.3141761],[-5.8929117,43.3141792],[-5.89293,43.3141823],[-5.8929496,43.3141842],[-5.89297,43.3141853],[-5.892991,43.3141857],[-5.8930123,43.3141857],[-5.893047,43.3141851],[-5.8930604,43.3141846],[-5.8930719,43.3141837],[-5.8930848,43.3141823],[-5.8930998,43.31418],[-5.8931542,43.3141709],[-5.8931342,43.3141235],[-5.8931258,43.3141213],[-5.8931182,43.3141186],[-5.893112,43.3141155],[-5.8931078,43.3141121],[-5.8931052,43.3141087],[-5.8931039,43.3141053],[-5.8931039,43.3141041],[-5.8929963,43.3140356],[-5.892993,43.3140358],[-5.8929893,43.3140345],[-5.8929858,43.3140315],[-5.8929829,43.3140271],[-5.8929808,43.3140212],[-5.8929789,43.3140099],[-5.8929784,43.3139989],[-5.892979,43.3139872],[-5.8929828,43.3139613],[-5.8929829,43.3139491],[-5.8929803,43.3139389],[-5.8929753,43.3139293],[-5.8929677,43.31392],[-5.8929585,43.3139117],[-5.8929483,43.3139045],[-5.892938,43.3138984],[-5.8929281,43.3138937],[-5.8929185,43.31389],[-5.8929102,43.3138862],[-5.8929042,43.3138819],[-5.8928993,43.3138767],[-5.8928897,43.3138631],[-5.8928835,43.3138582],[-5.8928788,43.3138562],[-5.8928733,43.3138545],[-5.8928541,43.3138494],[-5.8928452,43.3138473],[-5.8928268,43.3138438],[-5.8928145,43.3138407],[-5.8927847,43.3138311],[-5.892776,43.3138279],[-5.8927674,43.3138243],[-5.892758,43.3138197],[-5.8927321,43.313804],[-5.892718,43.3137961],[-5.8927029,43.3137882],[-5.8926848,43.3137791],[-5.8926564,43.3137657],[-5.8926435,43.313759],[-5.8926325,43.3137521],[-5.8926255,43.3137466],[-5.8926115,43.3137336],[-5.8926045,43.3137262],[-5.8925983,43.3137177],[-5.8925956,43.3137128],[-5.892594,43.3137089],[-5.8924991,43.3136356],[-5.8924848,43.3136318],[-5.892478,43.3136302],[-5.8924747,43.3136292],[-5.8922725,43.313576],[-5.8922608,43.3135787],[-5.8922463,43.3135798],[-5.8922305,43.3135793],[-5.8922029,43.3135771],[-5.8921745,43.3135742],[-5.8921566,43.3135719],[-5.8921385,43.3135691],[-5.8920693,43.3135565],[-5.8920478,43.3135533],[-5.8920264,43.313551],[-5.8920049,43.3135499],[-5.8919891,43.31355],[-5.8919732,43.3135508],[-5.8919452,43.3135526],[-5.8918798,43.3135576],[-5.8918502,43.3135605],[-5.8918263,43.3135635],[-5.8917846,43.3135701],[-5.8917549,43.313574],[-5.8916024,43.31359],[-5.8915633,43.3135933],[-5.8915408,43.3135956],[-5.8915126,43.3135993],[-5.8914986,43.3136016],[-5.8914847,43.3136045],[-5.8914695,43.3136083],[-5.8914544,43.3136126],[-5.8914248,43.313622],[-5.8913874,43.3136345],[-5.8913758,43.313638],[-5.8913627,43.3136414],[-5.8913492,43.3136444],[-5.8913289,43.3136482],[-5.8913083,43.3136512],[-5.8912718,43.3136547],[-5.8912502,43.3136572],[-5.8912283,43.3136604],[-5.8912064,43.3136641],[-5.8911846,43.3136683],[-5.891163,43.3136729],[-5.8911418,43.3136781],[-5.8911301,43.3136812],[-5.8910844,43.3136952],[-5.8910469,43.3137061],[-5.8910317,43.3137109],[-5.8910019,43.3137215],[-5.8909875,43.313727],[-5.8909503,43.3137428],[-5.8909343,43.3137491],[-5.8909189,43.3137545],[-5.8909045,43.3137588],[-5.8908854,43.3137641],[-5.8908789,43.3137666],[-5.890869,43.3137718],[-5.890863,43.3137754],[-5.8908579,43.3137793],[-5.8908547,43.313783],[-5.8908529,43.3137875],[-5.8908523,43.313793],[-5.8908531,43.3138025],[-5.8908606,43.3138389],[-5.8908617,43.3138505],[-5.8908617,43.3138583],[-5.890861,43.3138657],[-5.8908586,43.3138766],[-5.8908544,43.3138871],[-5.8908478,43.3138971],[-5.8908415,43.3139036],[-5.8908341,43.3139098],[-5.8908255,43.3139159],[-5.8908044,43.3139299],[-5.8907925,43.3139382],[-5.8907809,43.313947],[-5.8907341,43.313987],[-5.8907241,43.3139963],[-5.8906969,43.3140262],[-5.8906844,43.3140393],[-5.8906712,43.3140522],[-5.8906136,43.3141049],[-5.8905934,43.314125],[-5.8905804,43.3141367],[-5.8905584,43.3141537],[-5.8905441,43.3141654],[-5.8905351,43.3141719],[-5.8905154,43.3141843],[-5.8904961,43.314198],[-5.8904857,43.3142056],[-5.8904644,43.3142231],[-5.8904556,43.3142294],[-5.8904458,43.3142352],[-5.8904353,43.3142404],[-5.8904136,43.3142491],[-5.8903876,43.3142609],[-5.8903764,43.3142657],[-5.8903676,43.314269],[-5.8903585,43.314272],[-5.8903431,43.3142765],[-5.8902923,43.3142905],[-5.8902776,43.3142955],[-5.8902628,43.3143014],[-5.8902485,43.314308],[-5.8902352,43.3143153],[-5.8902236,43.3143237],[-5.8902132,43.314334],[-5.8902057,43.3143431],[-5.8902006,43.3143506],[-5.8901962,43.3143584],[-5.8901914,43.3143688],[-5.8901879,43.3143804],[-5.8901825,43.3144038],[-5.8901788,43.314415],[-5.8901741,43.3144256],[-5.8901685,43.3144355],[-5.8901625,43.3144435],[-5.8901576,43.3144484],[-5.8901521,43.3144526],[-5.8901442,43.3144573],[-5.8901356,43.3144616],[-5.8901251,43.3144658],[-5.8900941,43.3144774],[-5.8900544,43.3144913],[-5.8900403,43.3144978],[-5.8900265,43.3145048],[-5.8900122,43.3145113],[-5.8899983,43.3145163],[-5.8899701,43.3145252],[-5.8899431,43.3145323],[-5.889912,43.3145396],[-5.8898987,43.3145425],[-5.8898749,43.3145466],[-5.8898577,43.3145501],[-5.8897204,43.314581],[-5.8896977,43.3145857],[-5.8896611,43.3145925],[-5.8896437,43.3145961],[-5.8896263,43.3146003],[-5.8896107,43.3146044],[-5.8895896,43.3146108],[-5.8895687,43.3146181],[-5.8895143,43.3146385],[-5.889501,43.3146438],[-5.889489,43.3146492],[-5.8894775,43.3146547],[-5.889439,43.314675],[-5.8894294,43.3146795],[-5.8894212,43.3146823],[-5.8894148,43.3146827],[-5.8894112,43.314681],[-5.8894087,43.3146779],[-5.8894073,43.3146736],[-5.889407,43.3146684],[-5.8894083,43.3146598],[-5.8894119,43.3146499],[-5.8894177,43.3146396],[-5.8894254,43.3146291],[-5.889435,43.3146191],[-5.8894466,43.3146098],[-5.8894576,43.314603],[-5.8894698,43.3145969],[-5.889498,43.3145845],[-5.8895331,43.3145699],[-5.8895538,43.3145621],[-5.8895956,43.3145475],[-5.8896399,43.3145314],[-5.8896795,43.3145186],[-5.8897312,43.3145001],[-5.8897495,43.3144921],[-5.8897841,43.3144747],[-5.889798,43.3144689],[-5.8898141,43.3144636],[-5.8898445,43.3144556],[-5.889862,43.3144505],[-5.8898788,43.3144448],[-5.8899125,43.3144319],[-5.8899287,43.3144261],[-5.8899357,43.3144233],[-5.8899403,43.3144207],[-5.8899439,43.3144176],[-5.8899479,43.3144111],[-5.8899502,43.3144034],[-5.8899522,43.3143947],[-5.8899554,43.3143854],[-5.8899593,43.314378],[-5.8899645,43.3143704],[-5.8899719,43.3143612],[-5.8899805,43.3143521],[-5.8899909,43.3143426],[-5.890005,43.3143327],[-5.8900211,43.3143239],[-5.8900389,43.3143163],[-5.8900565,43.3143104],[-5.8900872,43.3143014],[-5.8901094,43.3142943],[-5.8901212,43.3142898],[-5.8901323,43.3142847],[-5.8901463,43.3142766],[-5.890185,43.3142504],[-5.8901979,43.3142426],[-5.8902116,43.3142355],[-5.8902302,43.314228],[-5.8902499,43.3142217],[-5.8902702,43.3142163],[-5.8902906,43.3142117],[-5.8903194,43.3142056],[-5.8903505,43.3141982],[-5.8903638,43.3141945],[-5.8903735,43.3141913],[-5.8903823,43.3141876],[-5.8903906,43.3141832],[-5.8904004,43.3141774],[-5.8904373,43.3141541],[-5.8904474,43.3141471],[-5.8904572,43.3141396],[-5.890467,43.3141316],[-5.8904762,43.3141233],[-5.8904877,43.3141116],[-5.8904972,43.3140997],[-5.8905028,43.3140906],[-5.8905128,43.3140725],[-5.8905205,43.3140611],[-5.8905289,43.3140498],[-5.8905365,43.3140384],[-5.890542,43.3140274],[-5.8905465,43.3140155],[-5.8905521,43.3139951],[-5.8905547,43.3139824],[-5.8905567,43.3139693],[-5.8905582,43.3139561],[-5.890559,43.3139442],[-5.8905596,43.3139087],[-5.8905586,43.3138774],[-5.8905563,43.313854],[-5.8905537,43.3138404],[-5.8905521,43.3138344],[-5.89055,43.313829],[-5.8905461,43.3138225],[-5.8905422,43.313819],[-5.8905373,43.3138173],[-5.890531,43.3138172],[-5.8905225,43.3138188],[-5.8905153,43.313821],[-5.8904962,43.3138278],[-5.8904718,43.3138373],[-5.8904444,43.3138488],[-5.8904278,43.3138561],[-5.890418,43.3138608],[-5.8904034,43.3138687],[-5.8903845,43.3138798],[-5.8903533,43.3138989],[-5.8903385,43.3139086],[-5.8903283,43.3139158],[-5.8902965,43.3139392],[-5.8902891,43.3139452],[-5.8902682,43.3139631],[-5.8902479,43.3139792],[-5.890234,43.3139897],[-5.8902194,43.3139999],[-5.8902056,43.3140084],[-5.8901912,43.3140164],[-5.8901765,43.3140238],[-5.8901617,43.3140306],[-5.8901286,43.314045],[-5.8901032,43.3140571],[-5.8900945,43.3140609],[-5.8900859,43.3140641],[-5.8900752,43.3140673],[-5.890065,43.3140689],[-5.8900537,43.3140682],[-5.8900535,43.3140682],[-5.8899425,43.3140822],[-5.8896659,43.3140994],[-5.8896628,43.3141045],[-5.8896481,43.3141262],[-5.8896325,43.3141462],[-5.8896291,43.3141517],[-5.8896249,43.3141612],[-5.8896227,43.3141676],[-5.8896211,43.3141743],[-5.8896195,43.3141991],[-5.8896174,43.3142108],[-5.8896142,43.3142231],[-5.8896102,43.3142358],[-5.8895989,43.3142704],[-5.8895932,43.314284],[-5.8895885,43.3142925],[-5.8895832,43.3143005],[-5.889575,43.3143103],[-5.8895646,43.314319],[-5.8895532,43.3143263],[-5.8895405,43.3143327],[-5.889524,43.3143393],[-5.8894778,43.3143561],[-5.8894662,43.3143601],[-5.8894543,43.3143634],[-5.8894375,43.3143663],[-5.8894201,43.3143677],[-5.8894094,43.314368],[-5.8893678,43.3143675],[-5.8893118,43.3143658],[-5.8893024,43.3143657],[-5.8892897,43.3143672],[-5.8892787,43.3143704],[-5.8892678,43.3143751],[-5.8892571,43.3143808],[-5.889235,43.3143943],[-5.8892244,43.3144018],[-5.8892121,43.3144121],[-5.889198,43.3144248],[-5.8891831,43.3144394],[-5.889171,43.3144492],[-5.8891449,43.3144691],[-5.8891332,43.3144803],[-5.889125,43.3144907],[-5.8891177,43.3145019],[-5.8891042,43.3145253],[-5.889097,43.31454],[-5.8890917,43.3145542],[-5.8890886,43.3145641],[-5.8890862,43.3145738],[-5.8890839,43.3145874],[-5.8890809,43.3146105],[-5.8890778,43.3146212],[-5.889073,43.314632],[-5.889066,43.314642],[-5.8890562,43.314651],[-5.889044,43.3146588],[-5.8890335,43.3146638],[-5.8890222,43.314668],[-5.8890066,43.3146715],[-5.8889921,43.3146733],[-5.8889773,43.3146739],[-5.8889611,43.3146732],[-5.8889451,43.3146714],[-5.8889053,43.3146649],[-5.8888878,43.3146638],[-5.8888693,43.3146643],[-5.8888502,43.3146659],[-5.8888311,43.3146684],[-5.8887549,43.3146822],[-5.8887335,43.3146858],[-5.8886862,43.3146927],[-5.8886509,43.3146991],[-5.8885995,43.3147074],[-5.8885831,43.3147109],[-5.8885676,43.3147153],[-5.8885574,43.3147193],[-5.8885477,43.3147238],[-5.8885389,43.3147284],[-5.888528,43.3147354],[-5.8885184,43.3147433],[-5.8885104,43.3147522],[-5.8885053,43.3147603],[-5.8885015,43.314769],[-5.8884987,43.3147806],[-5.8884977,43.3147928],[-5.8884981,43.3148054],[-5.8885002,43.3148211],[-5.8885036,43.3148371],[-5.888508,43.3148533],[-5.8885129,43.3148697],[-5.8885343,43.3149361],[-5.8885438,43.3149679],[-5.8885477,43.3149825],[-5.8885507,43.3149959],[-5.8885525,43.3150073],[-5.8885528,43.3150161],[-5.888551,43.3150215],[-5.8885477,43.3150226],[-5.8885436,43.3150208],[-5.8885387,43.3150153],[-5.8885194,43.3149867],[-5.888511,43.3149755],[-5.8884942,43.3149543],[-5.8884872,43.3149447],[-5.8884824,43.3149371],[-5.8884743,43.3149219],[-5.8884514,43.3148764],[-5.88844,43.3148576],[-5.8884349,43.3148483],[-5.8884205,43.314811],[-5.8884146,43.3147983],[-5.8884029,43.3147772],[-5.8883957,43.314762],[-5.8883938,43.3147589],[-5.8883912,43.3147563],[-5.8883885,43.3147543],[-5.8883856,43.3147532],[-5.8883819,43.3147532],[-5.8883777,43.3147546],[-5.8883744,43.3147577],[-5.8883728,43.3147621],[-5.8883721,43.3147677],[-5.8883721,43.3147836],[-5.8883712,43.3147934],[-5.88837,43.3148003],[-5.8883672,43.3148107],[-5.8883633,43.3148212],[-5.8883595,43.3148292],[-5.8883552,43.3148369],[-5.888349,43.3148462],[-5.888342,43.3148547],[-5.8883338,43.314862],[-5.8883254,43.3148673],[-5.8883161,43.314872],[-5.8883046,43.3148768],[-5.8882922,43.3148809],[-5.8882807,43.3148837],[-5.8882686,43.3148859],[-5.8882581,43.3148874],[-5.8882473,43.3148887],[-5.8882309,43.31489],[-5.888217,43.3148907],[-5.8882031,43.314891],[-5.8881871,43.3148907],[-5.8881715,43.3148898],[-5.8881535,43.314888],[-5.8881435,43.3148864],[-5.8881186,43.3148819],[-5.8881041,43.3148786],[-5.8880924,43.3148751],[-5.8880728,43.3148681],[-5.8880493,43.3148586],[-5.888037,43.3148542],[-5.8880321,43.3148514],[-5.8880276,43.3148468],[-5.8880234,43.314841],[-5.8880155,43.3148284],[-5.888012,43.3148238],[-5.8880077,43.3148197],[-5.8880025,43.3148159],[-5.8879979,43.314813],[-5.8879896,43.3148084],[-5.8879804,43.3148042],[-5.8879702,43.314801],[-5.8879599,43.3147996],[-5.8879491,43.3147994],[-5.8879391,43.3147999],[-5.8879215,43.3148015],[-5.8879072,43.3148033],[-5.8878931,43.3148055],[-5.8878652,43.3148106],[-5.8878426,43.3148166],[-5.887831,43.3148194],[-5.887798,43.3148264],[-5.8877896,43.3148288],[-5.887766,43.3148368],[-5.8877249,43.314849],[-5.8877107,43.314853],[-5.887654,43.3148676],[-5.8876374,43.3148723],[-5.8875752,43.3148913],[-5.887568,43.3148942],[-5.8875497,43.314903],[-5.8875433,43.3149067],[-5.8875332,43.3149147],[-5.8875281,43.3149182],[-5.887523,43.3149209],[-5.8875104,43.3149258],[-5.8874855,43.3149336],[-5.8874714,43.3149374],[-5.8874565,43.3149408],[-5.8874413,43.3149438],[-5.887428,43.3149462],[-5.8874058,43.3149492],[-5.8873924,43.3149515],[-5.8873798,43.3149545],[-5.8873683,43.3149582],[-5.8873586,43.3149626],[-5.887353,43.3149663],[-5.8873354,43.3149797],[-5.8873208,43.3149896],[-5.8873129,43.3149946]],[[-5.892622,43.3136867],[-5.8926299,43.3136864],[-5.8926384,43.3136869],[-5.8926543,43.3136894],[-5.8926711,43.3136936],[-5.8926885,43.3136989],[-5.8927145,43.3137079],[-5.8927554,43.313724],[-5.8927698,43.31373],[-5.8928158,43.3137527],[-5.8928772,43.3137799],[-5.8929094,43.313795],[-5.892944,43.3138081],[-5.8929566,43.313811],[-5.8929682,43.3138122],[-5.8929785,43.3138112],[-5.8929868,43.3138078],[-5.8929936,43.3138023],[-5.8929977,43.3137971],[-5.8930009,43.3137911],[-5.8930038,43.3137815],[-5.8930055,43.313772],[-5.8930067,43.3137622],[-5.893009,43.3137308],[-5.8930104,43.3137219],[-5.8930128,43.313717],[-5.8930155,43.3137167],[-5.8930187,43.3137189],[-5.8930218,43.3137232],[-5.8930245,43.3137292],[-5.8930268,43.3137368],[-5.8930338,43.3137652],[-5.8930466,43.3138142],[-5.8930524,43.3138346],[-5.8930593,43.3138537],[-5.8930679,43.3138716],[-5.8930766,43.3138859],[-5.8930826,43.3138938],[-5.8930879,43.313899],[-5.8930912,43.3138997],[-5.8930917,43.3139009],[-5.8930916,43.3139048],[-5.8930905,43.3139124],[-5.8930888,43.3139199],[-5.893086,43.3139286],[-5.8930826,43.3139378],[-5.8930801,43.3139431],[-5.893084,43.3140064],[-5.8931635,43.3140406],[-5.8931643,43.3140407],[-5.8931719,43.3140424],[-5.8931883,43.3140473],[-5.8931969,43.3140506],[-5.893206,43.3140557],[-5.8932142,43.3140624],[-5.8933513,43.3140051],[-5.8933598,43.3139896],[-5.8933659,43.3139796],[-5.8933725,43.3139698],[-5.8933798,43.3139606],[-5.8933883,43.3139523],[-5.8934005,43.3139439],[-5.8934142,43.3139379],[-5.8934288,43.3139346],[-5.8934449,43.3139348],[-5.8934603,43.3139386],[-5.8934725,43.3139447],[-5.8934838,43.3139525],[-5.8934945,43.3139616],[-5.8935157,43.3139812],[-5.8935225,43.3139881],[-5.8935356,43.3140026],[-5.8935416,43.3140101],[-5.893547,43.314018],[-5.8935679,43.3140524],[-5.8935899,43.3140874],[-5.893597,43.3140982],[-5.8936054,43.3141092],[-5.8936124,43.3141169],[-5.8936278,43.3141317],[-5.8936362,43.3141389],[-5.8936785,43.3141719],[-5.893692,43.3141831],[-5.8937327,43.3142189],[-5.8937406,43.3142254],[-5.8937588,43.3142398],[-5.8937787,43.3142541],[-5.8937851,43.3142584],[-5.8938079,43.3142715],[-5.8938176,43.3142783],[-5.8938233,43.3142816],[-5.8938293,43.314284],[-5.8938363,43.3142858],[-5.8938624,43.3142904],[-5.8938703,43.3142914],[-5.8938826,43.3142917],[-5.8938959,43.314291],[-5.8939085,43.3142894],[-5.8939212,43.3142868],[-5.8939313,43.3142838],[-5.893955,43.3142754],[-5.8939682,43.3142696],[-5.893992,43.3142564],[-5.894004,43.3142502],[-5.8940168,43.314244],[-5.8940453,43.3142308],[-5.8940608,43.3142241],[-5.8940762,43.3142179],[-5.8940916,43.3142127],[-5.8941082,43.3142085],[-5.8941239,43.3142063],[-5.8941328,43.314206],[-5.8941409,43.3142069],[-5.894151,43.3142102],[-5.8941594,43.3142154],[-5.8941661,43.3142212],[-5.8941753,43.3142318],[-5.8941824,43.3142412],[-5.894189,43.3142521],[-5.8942026,43.3142767],[-5.8942105,43.314289],[-5.8942198,43.3143002],[-5.8942264,43.3143062],[-5.8942335,43.3143114],[-5.8942424,43.3143165],[-5.894252,43.3143203],[-5.8942643,43.3143226],[-5.8942774,43.3143231],[-5.8942908,43.3143223],[-5.8943042,43.3143206],[-5.8943206,43.3143178],[-5.8943374,43.314316],[-5.8943537,43.3143163],[-5.8943661,43.3143177],[-5.894379,43.3143198],[-5.8944197,43.3143273],[-5.8944413,43.3143306],[-5.894458,43.3143323],[-5.8944749,43.3143335],[-5.8945034,43.3143347],[-5.8945186,43.3143349],[-5.8945482,43.3143349],[-5.8946055,43.3143343],[-5.8946183,43.314335],[-5.8946652,43.3143389],[-5.8946804,43.3143398],[-5.8946958,43.3143401],[-5.8947154,43.3143393],[-5.8947348,43.3143377],[-5.8947461,43.3143364],[-5.8947973,43.3143293],[-5.8948158,43.3143261],[-5.894832,43.3143226],[-5.8948437,43.314319],[-5.8948529,43.3143142],[-5.8948595,43.3143083],[-5.8948632,43.3143019],[-5.894867,43.3142914],[-5.8948715,43.3142841],[-5.8948769,43.3142795],[-5.8948839,43.3142755],[-5.8948921,43.314272],[-5.8948966,43.3142705],[-5.8949102,43.3142671],[-5.8949238,43.314265],[-5.8949495,43.3142624],[-5.894962,43.3142619],[-5.8949705,43.3142625],[-5.8949792,43.3142638],[-5.8949876,43.3142656],[-5.8950042,43.3142706],[-5.8950091,43.3142717],[-5.8950119,43.3142712],[-5.8950128,43.3142694],[-5.8950112,43.3142663],[-5.8950075,43.3142621],[-5.8949701,43.3142254],[-5.8949613,43.3142159],[-5.894953,43.3142062],[-5.8949453,43.3141964],[-5.8949386,43.3141866],[-5.8949288,43.3141709],[-5.8949219,43.3141615],[-5.8949111,43.3141488],[-5.8948948,43.3141275],[-5.8948817,43.3141114],[-5.8948778,43.3141039],[-5.8948776,43.3140959],[-5.8948798,43.3140915],[-5.8948835,43.3140875],[-5.8948884,43.3140838],[-5.8948944,43.3140809],[-5.8949042,43.3140783],[-5.8949154,43.3140769],[-5.8949233,43.3140764],[-5.8949315,43.3140764],[-5.8949442,43.3140775],[-5.8949569,43.3140794],[-5.8949697,43.3140824],[-5.8949869,43.3140882],[-5.8950037,43.3140954],[-5.8950196,43.3141031],[-5.8950343,43.3141113],[-5.8950621,43.3141302],[-5.8950698,43.3141345],[-5.8950783,43.3141385],[-5.8951203,43.3141561],[-5.8951385,43.3141632],[-5.895151,43.3141672],[-5.895188,43.3141765],[-5.8952037,43.3141818],[-5.8952148,43.3141867],[-5.8952253,43.314192],[-5.8952364,43.3141983],[-5.8952488,43.3142071],[-5.8952696,43.3142236],[-5.8952832,43.3142327],[-5.8952965,43.3142392],[-5.8953111,43.3142449],[-5.8953264,43.3142499],[-5.8953709,43.3142625],[-5.8953838,43.3142658],[-5.8953963,43.3142681],[-5.895412,43.3142693],[-5.8954264,43.3142693],[-5.8954394,43.3142685],[-5.8954467,43.3142673],[-5.8954531,43.3142653],[-5.8954591,43.3142625],[-5.8954707,43.3142553],[-5.8954775,43.3142503],[-5.8954927,43.3142366],[-5.8954996,43.31423],[-5.8955118,43.3142174],[-5.8955177,43.3142121],[-5.8955229,43.3142086],[-5.8955278,43.3142062],[-5.8955341,43.3142047],[-5.8955374,43.3142045],[-5.8955495,43.3142046],[-5.8955642,43.3142036],[-5.8955743,43.3142031],[-5.8955851,43.3142032],[-5.8955961,43.3142039],[-5.895619,43.3142064],[-5.8956308,43.3142072],[-5.895638,43.3142071],[-5.8956451,43.3142063],[-5.8956524,43.3142044],[-5.8956616,43.3142009],[-5.89567,43.3141959],[-5.8956768,43.31419],[-5.8956828,43.3141829],[-5.895688,43.3141751],[-5.8956927,43.3141659],[-5.895696,43.3141568],[-5.895704,43.314127],[-5.8957075,43.3141171],[-5.8957121,43.3141079],[-5.8957199,43.3140977],[-5.8957292,43.3140885],[-5.8957383,43.3140806],[-5.8957486,43.3140739],[-5.8957613,43.3140689],[-5.8957757,43.3140649],[-5.8957985,43.3140594],[-5.8958091,43.3140573],[-5.8958231,43.3140552],[-5.8958414,43.3140536],[-5.8958967,43.3140516],[-5.8959114,43.3140501],[-5.8959275,43.3140465],[-5.8959418,43.3140405],[-5.895951,43.3140341],[-5.895959,43.3140266],[-5.8959661,43.3140183],[-5.8959695,43.3140138],[-5.8959741,43.3140069],[-5.8959782,43.3139997],[-5.89599,43.3139749],[-5.8959957,43.3139645],[-5.896002,43.3139548],[-5.8960084,43.313946],[-5.8960142,43.3139392],[-5.8960205,43.3139336],[-5.8960303,43.3139288],[-5.896041,43.3139262],[-5.8960473,43.3139255],[-5.8960575,43.3139261],[-5.896066,43.3139289],[-5.8960702,43.313932],[-5.8960794,43.3139429],[-5.8960864,43.3139505],[-5.8960941,43.3139572],[-5.8961398,43.3139911],[-5.8961529,43.3140017],[-5.8961681,43.3140149],[-5.8962198,43.3140552],[-5.896244,43.3140729],[-5.8962814,43.3140995],[-5.8962936,43.3141074],[-5.89634,43.3141362],[-5.8963536,43.3141438],[-5.8964213,43.3141783],[-5.8964553,43.3141942],[-5.8965269,43.3142262],[-5.896541,43.3142322],[-5.8965554,43.3142372],[-5.8965704,43.314241],[-5.896586,43.3142437],[-5.8966046,43.314246],[-5.8966232,43.3142473],[-5.8966413,43.3142476],[-5.896658,43.3142467],[-5.8966735,43.3142452],[-5.8966839,43.3142438],[-5.8966934,43.3142419],[-5.8967026,43.3142396],[-5.8967214,43.3142342],[-5.8967348,43.3142299],[-5.8967472,43.3142251],[-5.8967575,43.3142195],[-5.8967646,43.314213],[-5.8967674,43.3142063],[-5.896767,43.3141993],[-5.8967637,43.3141924],[-5.8967576,43.3141862],[-5.8967497,43.3141815],[-5.89674,43.3141775],[-5.896725,43.3141728],[-5.896713,43.3141702],[-5.8967007,43.3141681],[-5.8966681,43.3141636],[-5.8966579,43.3141617],[-5.8966541,43.3141605],[-5.8966478,43.3141576],[-5.8966442,43.3141549],[-5.8966423,43.3141519],[-5.8966423,43.3141487],[-5.896644,43.3141453],[-5.8966468,43.3141419],[-5.8966505,43.3141385],[-5.8966636,43.3141281],[-5.8966689,43.3141241],[-5.8966744,43.3141209],[-5.8966804,43.3141187],[-5.8966865,43.3141175],[-5.896692,43.3141174],[-5.8966959,43.3141179],[-5.8967064,43.3141212],[-5.8967131,43.3141226],[-5.8967214,43.314123],[-5.8967328,43.3141218],[-5.8967436,43.3141197],[-5.896768,43.3141138],[-5.8968165,43.3141031],[-5.8968363,43.3140978],[-5.8968554,43.3140919],[-5.896873,43.3140853],[-5.8968884,43.3140783],[-5.8969007,43.3140708],[-5.8969087,43.3140627],[-5.8969113,43.3140567],[-5.8969119,43.3140506],[-5.8969103,43.3140375],[-5.8969102,43.3140309],[-5.8969123,43.3140246],[-5.8969185,43.3140179],[-5.896928,43.3140116],[-5.8969864,43.3139808],[-5.8969951,43.3139755],[-5.8970007,43.3139716],[-5.8970056,43.3139679],[-5.8970104,43.3139633],[-5.8970129,43.3139598],[-5.8970133,43.3139569],[-5.8970121,43.3139547],[-5.8970083,43.3139522],[-5.8970013,43.3139491],[-5.8969961,43.3139459],[-5.8969931,43.3139418],[-5.8969936,43.313937],[-5.896997,43.3139322],[-5.8970023,43.3139272],[-5.8970097,43.3139216],[-5.8970183,43.3139168],[-5.8970277,43.3139134],[-5.8970442,43.3139094],[-5.8970581,43.313907],[-5.897062,43.3139058],[-5.8970657,43.3139041],[-5.8970691,43.3139014],[-5.8970732,43.3138965],[-5.8970787,43.3138855],[-5.8970828,43.3138794],[-5.8970886,43.3138738],[-5.8970961,43.3138679],[-5.8971043,43.3138632],[-5.8971129,43.3138607],[-5.8971205,43.3138612],[-5.8971255,43.3138629],[-5.89713,43.313865],[-5.8971401,43.3138711],[-5.8971462,43.3138742],[-5.8971542,43.3138767],[-5.8971607,43.3138777],[-5.8971671,43.3138781],[-5.8971757,43.3138779],[-5.8971828,43.3138762],[-5.8971862,43.3138738],[-5.8971882,43.3138705],[-5.8971885,43.3138664],[-5.8971871,43.3138619],[-5.8971844,43.3138568],[-5.897179,43.3138486],[-5.8971719,43.31384],[-5.897164,43.3138323],[-5.8971551,43.3138256],[-5.8971341,43.3138138],[-5.8971268,43.3138084],[-5.8971145,43.313797],[-5.8971023,43.3137846],[-5.897096,43.3137788],[-5.897089,43.3137732],[-5.8970771,43.3137654],[-5.8970641,43.3137577],[-5.8970502,43.31375],[-5.8970357,43.3137425],[-5.8969944,43.3137226],[-5.8969808,43.3137167],[-5.8969662,43.3137113],[-5.8969515,43.313707],[-5.8969191,43.3136991],[-5.896906,43.313695],[-5.8968936,43.3136902],[-5.8968858,43.3136867],[-5.8968896,43.3136839],[-5.8968917,43.313682],[-5.8968922,43.3136808],[-5.8968916,43.3136802],[-5.8968895,43.3136796],[-5.8968785,43.3136777],[-5.8968814,43.3136845],[-5.8968607,43.3136732],[-5.896854,43.3136707],[-5.8968471,43.313669],[-5.8968403,43.3136684],[-5.8968332,43.3136691],[-5.8968174,43.3136719],[-5.896805,43.3136731],[-5.8967477,43.3136757],[-5.8967361,43.3136765],[-5.8967024,43.3136803],[-5.8966866,43.3136824],[-5.8966709,43.3136851],[-5.8966369,43.3136931],[-5.8966055,43.3136997],[-5.8965903,43.3137023],[-5.8965806,43.3137036],[-5.8965669,43.3137049],[-5.8965548,43.3137049],[-5.8965478,43.3137041],[-5.8965394,43.3137014],[-5.896534,43.3136968],[-5.896531,43.3136901],[-5.8965299,43.3136826],[-5.8965297,43.3136773],[-5.8965302,43.3136723],[-5.8965334,43.3136597],[-5.8965334,43.3136545],[-5.8965324,43.3136492],[-5.896529,43.3136387],[-5.8965279,43.3136334],[-5.8965282,43.3136273],[-5.8965299,43.313621],[-5.8965363,43.3136064],[-5.8965377,43.3136026],[-5.8965382,43.3135988],[-5.8965376,43.3135951],[-5.8965367,43.3135923],[-5.8965344,43.3135873],[-5.8965334,43.3135826],[-5.8965349,43.3135791],[-5.8965383,43.3135761],[-5.8965423,43.3135739],[-5.8965469,43.3135718],[-5.8965524,43.3135699],[-5.896559,43.3135682],[-5.8965683,43.3135669],[-5.8965787,43.3135662],[-5.8965939,43.3135659],[-5.8966092,43.3135668],[-5.8966237,43.3135694],[-5.8966305,43.3135716],[-5.8966366,43.3135744],[-5.8966398,43.3135767],[-5.896643,43.3135842],[-5.8966441,43.3135854],[-5.896645,43.3135855],[-5.8966467,43.3135847],[-5.8966483,43.3135835],[-5.8966537,43.3135892],[-5.8966592,43.3135959],[-5.8966647,43.313601],[-5.8966706,43.3136041],[-5.8966772,43.3136044],[-5.8966818,43.3136031],[-5.8966858,43.3136007],[-5.896693,43.3135952],[-5.8967088,43.3135845],[-5.8967168,43.3135782],[-5.8967233,43.3135701],[-5.8967269,43.3135615],[-5.8967273,43.3135558],[-5.8967257,43.3135506],[-5.8967225,43.3135464],[-5.896718,43.3135431],[-5.8967137,43.313541],[-5.8967064,43.3135387],[-5.8966947,43.3135368],[-5.8966917,43.313536],[-5.8966878,43.3135335],[-5.8966855,43.3135287],[-5.8966861,43.3135224],[-5.8966885,43.3135173],[-5.8966921,43.3135121],[-5.8967033,43.3134989],[-5.8967064,43.3134935],[-5.8967077,43.3134884],[-5.8967069,43.3134832],[-5.8967025,43.3134768],[-5.896695,43.3134703],[-5.8966856,43.3134636],[-5.8966643,43.31345],[-5.8966529,43.3134434],[-5.8966415,43.3134374],[-5.8966241,43.3134291],[-5.8966053,43.3134194],[-5.8965934,43.3134141],[-5.8965873,43.3134097],[-5.8965852,43.3134056],[-5.8965852,43.3134011],[-5.8965876,43.3133962],[-5.8965911,43.3133918],[-5.8965977,43.3133855],[-5.8965994,43.3133829],[-5.8965989,43.313379],[-5.8965962,43.3133765],[-5.8965881,43.3133717],[-5.8965576,43.3133581],[-5.8965478,43.3133522],[-5.8965403,43.3133457],[-5.8965367,43.3133401],[-5.8965347,43.3133348],[-5.8965325,43.3133242],[-5.896533,43.3133203],[-5.8965345,43.3133178],[-5.89654,43.3133141],[-5.8965495,43.3133121],[-5.8965617,43.3133113],[-5.896588,43.313311],[-5.896599,43.3133101],[-5.8966063,43.3133077],[-5.8966085,43.3133045],[-5.8966078,43.3133005],[-5.8966053,43.3132968],[-5.8965955,43.3132867],[-5.8965878,43.3132802],[-5.8965795,43.3132746],[-5.8965698,43.3132691],[-5.8965589,43.3132639],[-5.8965463,43.3132586],[-5.8964711,43.3132308],[-5.8964554,43.3132245],[-5.896442,43.3132182],[-5.8964303,43.3132121],[-5.8964213,43.3132067],[-5.8964179,43.3132042],[-5.8964129,43.3131993],[-5.8964094,43.3131941],[-5.8964072,43.3131877],[-5.8964069,43.313182],[-5.8964087,43.3131775],[-5.8964122,43.3131749],[-5.8964169,43.3131737],[-5.896423,43.3131743],[-5.8964298,43.3131761],[-5.8964424,43.3131809],[-5.8964477,43.3131832],[-5.896461,43.3131905],[-5.8964694,43.3131945],[-5.8964761,43.3131969],[-5.8964893,43.3132008],[-5.8965018,43.3132039],[-5.8965075,43.3132048],[-5.8965215,43.3132063],[-5.8965272,43.3132077],[-5.896532,43.3132097],[-5.8965339,43.313211],[-5.8965359,43.3132127],[-5.8965404,43.3132177],[-5.8965427,43.3132193],[-5.8965458,43.3132203],[-5.8965499,43.3132207],[-5.8965668,43.3132202],[-5.896576,43.313221],[-5.8965954,43.3132257],[-5.8966051,43.3132276],[-5.8966353,43.313232],[-5.8966448,43.3132329],[-5.8966538,43.3132328],[-5.8966638,43.3132312],[-5.8966835,43.3132261],[-5.8966942,43.3132246],[-5.8967037,43.3132245],[-5.8967139,43.3132252],[-5.8967233,43.3132263],[-5.8967398,43.3132291],[-5.8967682,43.3132345],[-5.8968102,43.3132431],[-5.8968367,43.3132492],[-5.8968593,43.3132556],[-5.8968768,43.3132615],[-5.8968921,43.3132679],[-5.8969238,43.3132826],[-5.8969403,43.313291],[-5.8969573,43.3133005],[-5.8969737,43.3133105],[-5.8969877,43.3133194],[-5.897001,43.3133287],[-5.8970128,43.3133379],[-5.8970348,43.3133562],[-5.897046,43.3133644],[-5.8970604,43.3133728],[-5.8970749,43.3133795],[-5.8970885,43.3133843],[-5.8971001,43.3133872],[-5.8971086,43.3133877],[-5.8971128,43.3133858],[-5.8971126,43.3133829],[-5.8971077,43.3133748],[-5.8971066,43.3133709],[-5.8971075,43.3133667],[-5.8971121,43.3133623],[-5.8971199,43.3133588],[-5.8971275,43.313357],[-5.8971361,43.3133564],[-5.8971487,43.3133582],[-5.8971624,43.3133621],[-5.8971771,43.3133674],[-5.8971891,43.3133721],[-5.8971983,43.3133761],[-5.8972075,43.3133805],[-5.8972204,43.3133877],[-5.8972325,43.3133958],[-5.8972443,43.3134061],[-5.8972552,43.3134174],[-5.8972764,43.3134407],[-5.8972884,43.313452],[-5.8973012,43.3134624],[-5.8973147,43.3134719],[-5.8973289,43.31348],[-5.8973385,43.3134846],[-5.8973929,43.3135089],[-5.8974122,43.313517],[-5.8974523,43.3135331],[-5.8974935,43.3135486],[-5.8975445,43.3135671],[-5.897629,43.3135958],[-5.8976618,43.3136065],[-5.8977015,43.3136189],[-5.8977738,43.3136424],[-5.8977895,43.3136478],[-5.8978043,43.3136535],[-5.8978119,43.3136561],[-5.8978187,43.3136579],[-5.8978249,43.313659],[-5.897831,43.3136595],[-5.8978628,43.3136614],[-5.8978812,43.3136613],[-5.8979013,43.3136599],[-5.8979053,43.31366],[-5.8979088,43.3136605],[-5.8979143,43.3136628],[-5.8979207,43.3136671],[-5.8979238,43.3136684],[-5.8979275,43.3136691],[-5.8979321,43.313669],[-5.8979484,43.3136667],[-5.8979553,43.3136661],[-5.8979626,43.313666],[-5.8979691,43.3136665],[-5.8979754,43.3136673],[-5.8979842,43.3136694],[-5.8979907,43.3136725],[-5.8979935,43.3136765],[-5.8979939,43.3136797],[-5.8979924,43.313685],[-5.8979896,43.3136906],[-5.8979872,43.3136965],[-5.8979866,43.3137005],[-5.8979874,43.3137072],[-5.8979897,43.3137122],[-5.8979946,43.3137206],[-5.8979946,43.3137241],[-5.8979911,43.3137276],[-5.8979857,43.3137296],[-5.8979787,43.3137311],[-5.8979698,43.3137323],[-5.8979604,43.3137325],[-5.8979501,43.3137314],[-5.8979331,43.3137288],[-5.8979258,43.3137285],[-5.8979177,43.3137288],[-5.8979054,43.3137301],[-5.8978925,43.313733],[-5.8978811,43.3137371],[-5.8978475,43.3137524],[-5.8978322,43.3137584],[-5.8977998,43.3137695],[-5.8977904,43.3137724],[-5.89778,43.3137748],[-5.8977696,43.3137765],[-5.8977498,43.313779],[-5.8977418,43.313781],[-5.8977358,43.3137853],[-5.897734,43.3137898],[-5.8977343,43.3137928],[-5.8977356,43.3137958],[-5.8977412,43.3138004],[-5.8977505,43.3138032],[-5.897794,43.3138091],[-5.8978104,43.3138125],[-5.8978224,43.3138158],[-5.897834,43.3138197],[-5.8978477,43.3138247],[-5.8978603,43.3138299],[-5.8978711,43.3138353],[-5.8978874,43.3138456],[-5.8978948,43.3138496],[-5.8979026,43.3138531],[-5.8979105,43.3138561],[-5.8979209,43.3138594],[-5.8979277,43.3138605],[-5.8979349,43.3138608],[-5.8979614,43.3138597],[-5.8979739,43.3138594],[-5.8979785,43.313859],[-5.8979834,43.3138579],[-5.8979872,43.3138563],[-5.8979938,43.3138515],[-5.8979978,43.3138502],[-5.8980029,43.3138506],[-5.8980087,43.3138524],[-5.8980145,43.3138556],[-5.8980179,43.3138586],[-5.8980208,43.313862],[-5.8980241,43.3138682],[-5.8980259,43.3138751],[-5.8980259,43.3138813],[-5.8980224,43.3138915],[-5.8980222,43.3138943],[-5.898023,43.3138971],[-5.8980278,43.3139027],[-5.8980359,43.3139084],[-5.8980678,43.3139258],[-5.8980766,43.3139322],[-5.8980814,43.3139373],[-5.8980849,43.3139423],[-5.898088,43.3139478],[-5.8980918,43.3139532],[-5.8980986,43.3139595],[-5.8981081,43.3139657],[-5.8981195,43.3139712],[-5.8981413,43.3139808],[-5.8981768,43.3139986],[-5.8981905,43.314004],[-5.8982014,43.314007],[-5.8982125,43.3140092],[-5.8982185,43.3140101],[-5.898232,43.3140113],[-5.8982434,43.3140112],[-5.8982547,43.3140105],[-5.898279,43.3140085],[-5.8982924,43.3140068],[-5.8983035,43.3140041],[-5.8983148,43.3140005],[-5.8983263,43.3139963],[-5.8983378,43.3139916],[-5.8983488,43.3139865],[-5.8983617,43.3139798],[-5.8983686,43.3139755],[-5.8983751,43.3139708],[-5.8983807,43.3139661],[-5.8983911,43.3139555],[-5.8983961,43.3139511],[-5.8984027,43.3139468],[-5.8984165,43.3139388],[-5.8984228,43.3139335],[-5.8984275,43.3139275],[-5.8984299,43.3139219],[-5.8984312,43.3139161],[-5.8984323,43.3139062],[-5.8984323,43.3139023],[-5.8984314,43.3138981],[-5.8984293,43.3138939],[-5.8984256,43.3138897],[-5.8984228,43.3138872],[-5.8984162,43.3138822],[-5.8984017,43.3138716],[-5.8983954,43.3138655],[-5.8983916,43.3138603],[-5.8983885,43.3138547],[-5.8983839,43.3138443],[-5.8983801,43.3138368],[-5.8983758,43.3138294],[-5.8983711,43.3138224],[-5.8983653,43.3138151],[-5.8983608,43.313811],[-5.8983561,43.3138076],[-5.8983505,43.3138045],[-5.898345,43.3138026],[-5.8983393,43.3138015],[-5.898317,43.3137995],[-5.8982923,43.3137958],[-5.8982757,43.3137944],[-5.8982582,43.3137938],[-5.8982406,43.3137943],[-5.8982192,43.3137958],[-5.8982064,43.3137963],[-5.8981829,43.3137967],[-5.8981624,43.3137962],[-5.8981517,43.3137955],[-5.8981369,43.3137935],[-5.8981274,43.3137919],[-5.8981193,43.3137902],[-5.8981094,43.3137874],[-5.8981014,43.3137838],[-5.8980956,43.3137796],[-5.8980919,43.3137748],[-5.8980907,43.3137716],[-5.8980893,43.3137647],[-5.8980888,43.3137611],[-5.8980891,43.3137565],[-5.8980915,43.3137515],[-5.8980957,43.3137471],[-5.8981018,43.3137426],[-5.8981298,43.3137255],[-5.8981459,43.3137145],[-5.8981575,43.3137051],[-5.8981769,43.313687],[-5.8981874,43.3136777],[-5.8981986,43.3136694],[-5.8982078,43.3136637],[-5.8982173,43.3136593],[-5.8982222,43.3136577],[-5.8982319,43.3136554],[-5.8982503,43.3136521],[-5.8982563,43.3136507],[-5.8982613,43.3136491],[-5.8982654,43.3136472],[-5.8982678,43.3136447],[-5.8982685,43.3136418],[-5.8982675,43.3136382],[-5.8982652,43.3136345],[-5.8982615,43.313631],[-5.8982424,43.3136144],[-5.8982347,43.3136087],[-5.8982243,43.3136027],[-5.8982126,43.3135972],[-5.8981997,43.3135924],[-5.8981863,43.3135885],[-5.8981759,43.3135862],[-5.8981656,43.3135845],[-5.8981513,43.3135827],[-5.8981382,43.3135817],[-5.8981272,43.3135818],[-5.8981191,43.313583],[-5.8981146,43.3135852],[-5.8981125,43.3135877],[-5.898109,43.3135932],[-5.8981057,43.313596],[-5.898101,43.3135984],[-5.898095,43.3135997],[-5.8980845,43.3135991],[-5.8980728,43.3135958],[-5.8980613,43.3135899],[-5.898052,43.313583],[-5.8980226,43.3135574],[-5.8980122,43.3135494],[-5.8979991,43.31354],[-5.8979926,43.3135348],[-5.8979873,43.3135292],[-5.897985,43.313524],[-5.8979864,43.3135193],[-5.8979906,43.3135148],[-5.8980016,43.3135061],[-5.8980066,43.3135013],[-5.8980114,43.3134932],[-5.8980141,43.3134836],[-5.8980147,43.3134733],[-5.8980129,43.3134629],[-5.8980019,43.3134368],[-5.8979958,43.3134181],[-5.897991,43.3133983],[-5.8979881,43.3133821],[-5.8979843,43.3133558],[-5.8979817,43.3133424],[-5.8979784,43.3133294],[-5.8979746,43.3133169],[-5.8979722,43.3133099],[-5.8979693,43.3133031],[-5.8979639,43.3132935],[-5.8979573,43.3132845],[-5.897952,43.3132782],[-5.8979443,43.3132706],[-5.8979349,43.313263],[-5.8979249,43.313257],[-5.8979161,43.3132535],[-5.8979074,43.3132516],[-5.8978994,43.3132512],[-5.8978931,43.3132522],[-5.8978879,43.3132548],[-5.8978837,43.3132589],[-5.8978795,43.3132652],[-5.8978759,43.313273],[-5.8978731,43.313282],[-5.8978714,43.3132909],[-5.8978702,43.3133004],[-5.8978693,43.3133118],[-5.8978682,43.3133512],[-5.8978668,43.3133611],[-5.8978639,43.3133679],[-5.8978599,43.3133704],[-5.8978555,43.3133696],[-5.8978521,43.3133661],[-5.8978491,43.3133605],[-5.8978466,43.3133542],[-5.8978423,43.3133399],[-5.897838,43.3133223],[-5.8978356,43.313308],[-5.8978339,43.3132931],[-5.8978251,43.3132083],[-5.8978233,43.3131962],[-5.8978208,43.3131847],[-5.8978113,43.313155],[-5.8978073,43.3131382],[-5.8978049,43.3131318],[-5.897802,43.3131265],[-5.8977947,43.3131173],[-5.897786,43.3131104],[-5.8977753,43.3131045],[-5.8977629,43.3130995],[-5.8977492,43.3130956],[-5.8977324,43.3130925],[-5.8977146,43.3130904],[-5.897683,43.3130876],[-5.8976489,43.3130851],[-5.897625,43.3130838],[-5.8975801,43.3130831],[-5.8975672,43.3130825],[-5.8975595,43.3130819],[-5.897533,43.3130788],[-5.8975166,43.3130761],[-5.8975062,43.3130738],[-5.8974968,43.3130704],[-5.8974885,43.3130654],[-5.8974815,43.3130591],[-5.8974755,43.3130516],[-5.8974631,43.313035],[-5.8974579,43.3130297],[-5.8974523,43.313025],[-5.8974443,43.3130198],[-5.8974365,43.3130169],[-5.8974298,43.3130158],[-5.8974127,43.3130148],[-5.8974021,43.3130149],[-5.8973888,43.3130159],[-5.8973606,43.3130201],[-5.8973515,43.3130206],[-5.8973421,43.31302],[-5.8973335,43.3130184],[-5.8973249,43.313016],[-5.8973168,43.3130131],[-5.8973087,43.3130098],[-5.8972981,43.3130047],[-5.8972901,43.3130004],[-5.8972827,43.3129959],[-5.8972738,43.3129892],[-5.8972691,43.312984],[-5.8972655,43.3129784],[-5.8972624,43.3129701],[-5.8972588,43.3129518],[-5.8972506,43.3129199],[-5.8972487,43.3129096],[-5.8972482,43.3128999],[-5.8972494,43.3128928],[-5.8972523,43.3128857],[-5.897263,43.3128681],[-5.8972682,43.3128615],[-5.8972745,43.3128564],[-5.8972822,43.3128521],[-5.8973217,43.3128357],[-5.8973308,43.3128326],[-5.8973408,43.3128306],[-5.8973511,43.3128293],[-5.8973626,43.3128285],[-5.8973733,43.3128291],[-5.8973816,43.3128312],[-5.8973885,43.3128343],[-5.8973931,43.3128372],[-5.8974011,43.3128431],[-5.8974047,43.312847],[-5.8974071,43.3128513],[-5.8974081,43.3128559],[-5.8974081,43.3128702],[-5.8974086,43.3128758],[-5.8974105,43.312887],[-5.8974127,43.3128947],[-5.8974174,43.3129075],[-5.8974197,43.3129121],[-5.8974237,43.3129173],[-5.8974284,43.3129196],[-5.8974328,43.3129187],[-5.8974374,43.3129155],[-5.897441,43.3129118],[-5.8974589,43.3128901],[-5.8974779,43.3128697],[-5.8974869,43.3128587],[-5.8974949,43.3128511],[-5.8975044,43.3128448],[-5.8975107,43.312842],[-5.8975186,43.3128401],[-5.8975284,43.3128398],[-5.8975388,43.3128412],[-5.8975494,43.3128438],[-5.8975742,43.3128522],[-5.897585,43.3128554],[-5.8975962,43.312858],[-5.8976074,43.3128597],[-5.8976227,43.3128604],[-5.8976371,43.3128599],[-5.8976458,43.3128592],[-5.897654,43.312858],[-5.8976622,43.3128555],[-5.8976696,43.312852],[-5.897678,43.3128461],[-5.8976854,43.31284],[-5.897691,43.3128362],[-5.8976969,43.3128333],[-5.8977047,43.3128318],[-5.8977111,43.3128328],[-5.8977169,43.3128354],[-5.8977219,43.312839],[-5.8977263,43.3128435],[-5.8977337,43.3128523],[-5.8977374,43.3128559],[-5.8977523,43.3128691],[-5.8977576,43.3128749],[-5.8977609,43.3128793],[-5.8977636,43.3128839],[-5.897769,43.3128956],[-5.8977775,43.3129106],[-5.8977834,43.3129187],[-5.8977912,43.3129254],[-5.8977983,43.3129287],[-5.8978065,43.3129311],[-5.8978276,43.3129357],[-5.8978392,43.3129386],[-5.8978501,43.3129424],[-5.8978578,43.3129457],[-5.8978648,43.3129481],[-5.8978689,43.3129487],[-5.8978729,43.3129486],[-5.8978782,43.3129472],[-5.8978819,43.3129443],[-5.8978832,43.3129405],[-5.8978823,43.3129373],[-5.8978784,43.3129314],[-5.8978718,43.3129231],[-5.8978645,43.3129126],[-5.8978586,43.3129026],[-5.897853,43.3128907],[-5.8978483,43.3128777],[-5.8978445,43.3128637],[-5.8978427,43.3128553],[-5.8978346,43.3128077],[-5.897831,43.3127921],[-5.8978267,43.3127768],[-5.8978218,43.3127618],[-5.8978166,43.3127474],[-5.8978113,43.3127346],[-5.8978058,43.3127238],[-5.8978016,43.3127171],[-5.8977968,43.3127109],[-5.8977894,43.3127038],[-5.8977809,43.3126978],[-5.8977717,43.312693],[-5.8977603,43.3126892],[-5.8977483,43.3126875],[-5.897739,43.3126871],[-5.8977295,43.3126872],[-5.8977165,43.3126878],[-5.8976941,43.3126894],[-5.8976824,43.3126911],[-5.8976705,43.3126934],[-5.8976438,43.3126995],[-5.8976326,43.3127018],[-5.8975716,43.3127131],[-5.8975316,43.312721],[-5.8974824,43.312732],[-5.8974175,43.3127476],[-5.8973767,43.312757],[-5.8973199,43.3127677],[-5.8973108,43.3127697],[-5.8973027,43.3127721],[-5.8972771,43.3127813],[-5.8972649,43.3127852],[-5.8972552,43.3127873],[-5.8972456,43.3127883],[-5.8972394,43.3127885],[-5.8972291,43.3127873],[-5.89722,43.3127841],[-5.8972136,43.3127798],[-5.8972122,43.3127781],[-5.8972126,43.312778],[-5.8972163,43.3127752],[-5.8972184,43.3127733],[-5.8972189,43.3127721],[-5.8972183,43.3127715],[-5.8972162,43.3127709],[-5.8972071,43.3127694],[-5.8972067,43.3127686],[-5.8972057,43.3127625],[-5.8972043,43.3127487],[-5.8972029,43.3127437],[-5.8972004,43.3127384],[-5.8971975,43.3127337],[-5.8971938,43.312729],[-5.8971847,43.3127208],[-5.8971751,43.3127145],[-5.8971539,43.3127028],[-5.8971442,43.3126966],[-5.8971409,43.3126937],[-5.8971412,43.3126931],[-5.8971405,43.3126925],[-5.897139,43.312692],[-5.8971365,43.3126898],[-5.8971326,43.3126841],[-5.8971301,43.3126782],[-5.8971289,43.312672],[-5.8971291,43.3126658],[-5.8971305,43.3126604],[-5.8971328,43.3126554],[-5.8971364,43.3126497],[-5.8971428,43.3126419],[-5.8971471,43.3126358],[-5.897152,43.3126216],[-5.8971558,43.3126153],[-5.8971581,43.312613],[-5.8971629,43.3126094],[-5.8971687,43.312606],[-5.8971778,43.3126017],[-5.8971852,43.3125989],[-5.8971959,43.3125956],[-5.8972286,43.3125866],[-5.8972386,43.3125826],[-5.8972425,43.3125805],[-5.8972455,43.3125785],[-5.8972477,43.3125751],[-5.8972475,43.312572],[-5.8972458,43.3125703],[-5.8972427,43.3125694],[-5.8972379,43.3125694],[-5.8972317,43.31257],[-5.8972245,43.312571],[-5.8972002,43.3125751],[-5.8971876,43.3125761],[-5.8971659,43.3125761],[-5.8971472,43.3125755],[-5.8971386,43.3125747],[-5.897131,43.3125733],[-5.8971233,43.3125705],[-5.8971114,43.3125631],[-5.8971027,43.3125587],[-5.8970962,43.3125563],[-5.8970868,43.3125536],[-5.897076,43.3125514],[-5.8970502,43.3125478],[-5.8970409,43.312546],[-5.897034,43.3125437],[-5.8970307,43.3125409],[-5.897031,43.312539],[-5.8970328,43.3125369],[-5.8970388,43.3125332],[-5.8970548,43.3125241],[-5.8970612,43.3125189],[-5.8970643,43.3125135],[-5.8970627,43.3125083],[-5.897059,43.3125045],[-5.8970537,43.3125008],[-5.8970399,43.3124922],[-5.8970336,43.3124867],[-5.8970289,43.3124801],[-5.8970252,43.3124725],[-5.8970225,43.3124644],[-5.8970185,43.3124484],[-5.8970163,43.3124412],[-5.8970116,43.3124333],[-5.8970032,43.3124268],[-5.8969919,43.3124222],[-5.8969788,43.3124196],[-5.8969649,43.312419],[-5.896908,43.3124203],[-5.8968963,43.31242],[-5.8968851,43.3124186],[-5.8968735,43.3124162],[-5.8968431,43.3124088],[-5.8968339,43.3124073],[-5.896821,43.3124065],[-5.8968074,43.3124062],[-5.8967931,43.3124051],[-5.8967631,43.3124016],[-5.8967484,43.312399],[-5.8967348,43.3123954],[-5.8967228,43.31239],[-5.8967138,43.3123839],[-5.8967062,43.312375],[-5.8967017,43.3123645],[-5.8967004,43.312353],[-5.8967015,43.3123448],[-5.8967039,43.3123364],[-5.8967072,43.3123284],[-5.8967179,43.3123072],[-5.896726,43.3122941],[-5.8967354,43.3122814],[-5.8967468,43.3122695],[-5.8967567,43.3122615],[-5.8967676,43.312254],[-5.8967793,43.312247],[-5.8967945,43.3122388],[-5.8968103,43.3122309],[-5.8968386,43.3122172],[-5.8968627,43.3122067],[-5.8968858,43.3121975],[-5.89695,43.3121742],[-5.896979,43.3121629],[-5.8969936,43.3121575],[-5.8970109,43.312152],[-5.8970286,43.3121473],[-5.8970466,43.3121434],[-5.8970591,43.3121412],[-5.8970718,43.3121395],[-5.897089,43.3121381],[-5.8971065,43.3121376],[-5.8971242,43.3121377],[-5.8971444,43.3121383],[-5.8971624,43.3121394],[-5.8971805,43.3121409],[-5.8972165,43.312145],[-5.8972867,43.3121554],[-5.8973333,43.3121617],[-5.8973521,43.3121637],[-5.8973745,43.3121655],[-5.8973968,43.3121669],[-5.8974189,43.3121676],[-5.8974404,43.3121676],[-5.8974564,43.3121669],[-5.8974719,43.3121656],[-5.8974997,43.3121627],[-5.8975438,43.3121594],[-5.8975574,43.3121577],[-5.8975699,43.3121557],[-5.8975801,43.3121535],[-5.8975893,43.3121503],[-5.8975954,43.3121476],[-5.8976036,43.3121429],[-5.8976159,43.3121345],[-5.8976216,43.3121303],[-5.8976269,43.3121256],[-5.8976408,43.3121098],[-5.8976532,43.3120941],[-5.8976597,43.3120857],[-5.8976658,43.3120771],[-5.897679,43.3120553],[-5.8977011,43.3120212],[-5.8977119,43.3120032],[-5.8977156,43.3119961],[-5.8977187,43.3119892],[-5.8977222,43.311978],[-5.8977227,43.3119682],[-5.8977201,43.311961],[-5.8977158,43.3119552],[-5.8977125,43.3119518],[-5.8977016,43.3119431],[-5.8976983,43.3119391],[-5.8976958,43.3119341],[-5.8976946,43.3119272],[-5.8976945,43.3119128],[-5.8976937,43.3119058],[-5.8976915,43.3118991],[-5.897688,43.3118925],[-5.8976837,43.3118869],[-5.8976783,43.3118821],[-5.8976701,43.3118778],[-5.8976613,43.3118751],[-5.8976363,43.3118702],[-5.8976268,43.3118671],[-5.8976182,43.3118628],[-5.897611,43.3118574],[-5.8976002,43.3118464],[-5.8975961,43.3118415],[-5.8975865,43.3118285],[-5.8975822,43.3118246],[-5.8975771,43.3118212],[-5.8975712,43.3118183],[-5.8975651,43.3118161],[-5.8975596,43.3118148],[-5.8975545,43.3118143],[-5.8975496,43.3118146],[-5.8975425,43.3118156],[-5.8975342,43.3118162],[-5.8975253,43.3118155],[-5.8975156,43.3118137],[-5.8974933,43.3118087],[-5.8974857,43.3118077],[-5.8974682,43.311806],[-5.8974583,43.3118045],[-5.8974499,43.3118023],[-5.8974413,43.3117994],[-5.8974332,43.311796],[-5.8974051,43.3117832],[-5.8973959,43.3117797],[-5.8973813,43.3117755],[-5.8973656,43.3117722],[-5.8973492,43.3117694],[-5.8973313,43.3117669],[-5.8973132,43.3117652],[-5.8973016,43.3117647],[-5.8972901,43.3117647],[-5.8972749,43.3117651],[-5.897258,43.3117663],[-5.8972428,43.3117678],[-5.8972276,43.3117695],[-5.8971655,43.3117777],[-5.8971501,43.3117793],[-5.8971295,43.31178],[-5.8971085,43.3117799],[-5.8970872,43.3117792],[-5.8970658,43.3117774],[-5.8970509,43.3117754],[-5.8969344,43.3117574],[-5.8969046,43.3117536],[-5.8968917,43.3117504],[-5.8968849,43.3117477],[-5.8968786,43.3117443],[-5.8968708,43.311739],[-5.896856,43.3117278],[-5.8968397,43.3117171],[-5.896832,43.3117117],[-5.8968196,43.311701],[-5.8968095,43.3116933],[-5.8967979,43.3116872],[-5.896791,43.3116849],[-5.8967838,43.3116834],[-5.8967729,43.3116821],[-5.896759,43.3116815],[-5.8967467,43.3116822],[-5.8967193,43.311686],[-5.8967085,43.3116872],[-5.8966974,43.3116878],[-5.8966843,43.3116877],[-5.8966718,43.3116867],[-5.8966597,43.3116843],[-5.896651,43.3116818],[-5.8966402,43.3116776],[-5.8966038,43.3116606],[-5.896574,43.3116474],[-5.8965342,43.3116282],[-5.8965256,43.311625],[-5.8965123,43.3116208],[-5.8964994,43.311616],[-5.8964902,43.3116112],[-5.896481,43.3116054],[-5.8964587,43.3115901],[-5.8964448,43.3115811],[-5.8964375,43.3115769],[-5.8964233,43.3115699],[-5.8964068,43.3115634],[-5.8963733,43.3115526],[-5.896358,43.3115473],[-5.8963305,43.3115362],[-5.8963169,43.3115317],[-5.8962588,43.3115145],[-5.8962506,43.3115123],[-5.8962368,43.31151],[-5.8962223,43.3115091],[-5.8962092,43.3115096],[-5.8961758,43.3115127],[-5.8961602,43.3115135],[-5.8961452,43.3115131],[-5.8959599,43.3115821],[-5.8959594,43.3115885],[-5.8959565,43.3115957],[-5.8959512,43.3116023],[-5.8959425,43.3116091],[-5.8959325,43.3116158],[-5.8959266,43.3116203],[-5.8959199,43.3116259],[-5.8958955,43.3116499],[-5.8958759,43.3116727],[-5.8958654,43.3116842],[-5.8958545,43.3116944],[-5.8958431,43.3117037],[-5.8956482,43.3119544],[-5.8956433,43.3119677],[-5.8956361,43.3119827],[-5.8956282,43.3119972],[-5.8956179,43.3120144],[-5.8956114,43.3120239],[-5.8956053,43.312032],[-5.8956002,43.3120379],[-5.8955961,43.3120421],[-5.895593,43.3120446],[-5.8955925,43.3120446],[-5.8955924,43.3120435],[-5.8955912,43.3120509],[-5.8955898,43.3120569],[-5.8955868,43.3120656],[-5.8955828,43.3120752],[-5.8955778,43.3120855],[-5.8955634,43.312112],[-5.8955535,43.3121279],[-5.8955315,43.312159],[-5.895527,43.3121671],[-5.8955151,43.3121922],[-5.8955098,43.3122051],[-5.8955039,43.3122217],[-5.8955,43.3122298],[-5.8954937,43.3122389],[-5.8954862,43.3122478],[-5.895461,43.3122764],[-5.895453,43.3122849],[-5.8954424,43.3122952],[-5.8954327,43.3123031],[-5.8954219,43.3123097],[-5.8954121,43.3123143],[-5.895402,43.3123182],[-5.8953896,43.3123223],[-5.8953652,43.312329],[-5.8953557,43.312332],[-5.8953471,43.3123355],[-5.8953398,43.3123398],[-5.8953339,43.3123452],[-5.895329,43.3123515],[-5.8953193,43.3123673],[-5.8953058,43.3123921],[-5.8952929,43.3124144],[-5.8952823,43.3124351],[-5.895277,43.3124437],[-5.8952586,43.3124687],[-5.8952338,43.3125063],[-5.8952265,43.3125169],[-5.8952192,43.3125268],[-5.8952037,43.3125456],[-5.8951898,43.3125612],[-5.8951809,43.3125706],[-5.8951454,43.3126074],[-5.8951356,43.3126172],[-5.8951253,43.3126263],[-5.8950728,43.3126703],[-5.8950626,43.3126779],[-5.8950521,43.3126853],[-5.8950333,43.3126972],[-5.8950229,43.312703],[-5.8950092,43.3127101],[-5.8949981,43.3127154],[-5.8949866,43.3127205],[-5.8949647,43.3127293],[-5.8949477,43.3127354],[-5.8949229,43.3127434],[-5.8949059,43.3127482],[-5.894891,43.312752],[-5.8948738,43.3127555],[-5.8948564,43.3127577],[-5.8948396,43.3127588],[-5.8947942,43.3127597],[-5.894782,43.3127603],[-5.89477,43.3127613],[-5.8947582,43.312763],[-5.8947467,43.3127651],[-5.8947304,43.312769],[-5.8947148,43.3127737],[-5.8947031,43.3127779],[-5.8946789,43.312788],[-5.8946667,43.3127936],[-5.894657,43.3127984],[-5.8946486,43.3128035],[-5.8946388,43.3128115],[-5.8946301,43.3128195],[-5.8946204,43.3128268],[-5.8946083,43.3128324],[-5.8945941,43.3128368],[-5.89458,43.31284],[-5.8945681,43.3128417],[-5.8945557,43.3128424],[-5.8945417,43.3128418],[-5.894532,43.3128404],[-5.89452,43.3128378],[-5.8944665,43.3128223],[-5.8944559,43.3128198],[-5.8944453,43.3128178],[-5.8944282,43.3128155],[-5.8944113,43.3128144],[-5.8943949,43.3128145],[-5.8943796,43.3128159],[-5.8943644,43.3128192],[-5.8943511,43.3128233],[-5.8943434,43.3128263],[-5.8943366,43.3128295],[-5.8943305,43.3128338],[-5.8943258,43.3128385],[-5.8943224,43.3128431],[-5.8943203,43.3128477],[-5.8943191,43.3128525],[-5.8943172,43.3128653],[-5.8943156,43.3128711],[-5.8943133,43.3128772],[-5.8943093,43.3128855],[-5.8943033,43.3128964],[-5.8942777,43.312937],[-5.8942728,43.3129427],[-5.8942661,43.312948],[-5.8942582,43.3129525],[-5.8942498,43.3129561],[-5.8942352,43.3129615],[-5.8942276,43.3129641],[-5.8942196,43.3129665],[-5.8942092,43.3129688],[-5.8941979,43.3129705],[-5.8941859,43.3129713],[-5.8941795,43.3129714],[-5.8941698,43.3129709],[-5.8941599,43.3129699],[-5.8941208,43.3129642],[-5.8941041,43.3129623],[-5.8940871,43.312961],[-5.8940727,43.3129605],[-5.8940404,43.3129602],[-5.8940227,43.3129603],[-5.8940055,43.3129611],[-5.893989,43.312963],[-5.8939791,43.3129649],[-5.8939697,43.3129672],[-5.8939596,43.3129701],[-5.8939501,43.3129732],[-5.8939226,43.3129837],[-5.8939141,43.3129873],[-5.8939036,43.3129935],[-5.8938965,43.3129994],[-5.8938896,43.3130075],[-5.8938856,43.3130156],[-5.8938798,43.3130322],[-5.8938773,43.3130375],[-5.8938609,43.3130674],[-5.8938562,43.3130746],[-5.8938388,43.313098],[-5.8938213,43.3131223],[-5.8938129,43.3131328],[-5.8938026,43.3131436],[-5.8937915,43.3131535],[-5.8937802,43.3131622],[-5.8937711,43.3131681],[-5.8937622,43.3131726],[-5.8937533,43.3131751],[-5.8937433,43.3131752],[-5.8937339,43.3131727],[-5.8937254,43.313168],[-5.8937187,43.3131614],[-5.8937138,43.3131517],[-5.8937116,43.3131425],[-5.8937111,43.3131329],[-5.8937106,43.3131105],[-5.8937091,43.3130981],[-5.8937061,43.313086],[-5.893701,43.3130746],[-5.8936943,43.3130654],[-5.8936843,43.3130557],[-5.8936727,43.3130477],[-5.8936643,43.3130435],[-5.8936432,43.3130339],[-5.8936377,43.3130311],[-5.8936241,43.3130233],[-5.8936109,43.3130142],[-5.8935997,43.3130049],[-5.893589,43.3129949],[-5.8935763,43.3129817],[-5.8935644,43.3129679],[-5.8935534,43.3129536],[-5.8935299,43.3129189],[-5.8935206,43.312906],[-5.8935106,43.3128938],[-5.8935012,43.3128841],[-5.8934915,43.312875],[-5.8934632,43.3128502],[-5.8934542,43.3128431],[-5.8934458,43.3128381],[-5.8934331,43.312832],[-5.8934274,43.3128285],[-5.8932927,43.3128752],[-5.8932881,43.3128773],[-5.8932826,43.3128792],[-5.8932742,43.3128816],[-5.8932354,43.3128901],[-5.8932169,43.3128934],[-5.8931975,43.3128961],[-5.8929059,43.3129576],[-5.8929053,43.3129582],[-5.8928981,43.3129627],[-5.8928889,43.3129656],[-5.8928787,43.3129663],[-5.8928683,43.3129655],[-5.8928473,43.3129618],[-5.892837,43.3129605],[-5.8928261,43.3129598],[-5.8924662,43.3130202],[-5.8924445,43.3130262],[-5.8924369,43.3130278],[-5.8924112,43.3130311],[-5.8923797,43.3130358],[-5.8923691,43.313038],[-5.8923622,43.31304],[-5.8923565,43.3130426],[-5.8923517,43.3130459],[-5.8923483,43.3130489],[-5.8923454,43.3130523],[-5.8923425,43.3130568],[-5.8923411,43.3130616],[-5.8923418,43.3130666],[-5.8923455,43.3130727],[-5.8923521,43.3130787],[-5.8923608,43.3130847],[-5.8923681,43.3130887],[-5.8923762,43.3130924],[-5.8923857,43.313096],[-5.8923957,43.3130994],[-5.8924389,43.3131122],[-5.8924669,43.3131215],[-5.8924813,43.3131258],[-5.892496,43.3131287],[-5.8925115,43.3131306],[-5.8925275,43.313132],[-5.8925455,43.3131331],[-5.8925631,43.3131336],[-5.8925799,43.3131335],[-5.8926024,43.3131323],[-5.8926127,43.3131324],[-5.8926227,43.3131335],[-5.8926359,43.3131374],[-5.8926482,43.3131436],[-5.8926594,43.3131513],[-5.8926674,43.313158],[-5.8926931,43.3131816],[-5.8927006,43.3131901],[-5.8927069,43.3131995],[-5.8927157,43.3132163],[-5.8927186,43.3132206],[-5.8927222,43.3132238],[-5.8927264,43.3132261],[-5.8927293,43.3132271],[-5.8927415,43.3132309],[-5.8927561,43.3132364],[-5.8927623,43.3132383],[-5.8927683,43.3132398],[-5.8927744,43.3132407],[-5.8928311,43.313246],[-5.8928496,43.3132471],[-5.8928689,43.313247],[-5.8928845,43.3132461],[-5.8929181,43.3132431],[-5.8929354,43.3132418],[-5.8929529,43.3132412],[-5.8929668,43.3132413],[-5.8929874,43.3132425],[-5.8930074,43.3132452],[-5.8930272,43.3132491],[-5.8930467,43.3132537],[-5.8930977,43.3132673],[-5.8931127,43.3132716],[-5.8931295,43.3132769],[-5.8931417,43.3132819],[-5.893152,43.3132876],[-5.8931596,43.3132938],[-5.8931652,43.3133005],[-5.8931756,43.3133183],[-5.8931829,43.3133269],[-5.893191,43.3133337],[-5.8932007,43.3133403],[-5.8932327,43.3133593],[-5.8932425,43.3133658],[-5.8932537,43.3133747],[-5.8932628,43.3133841],[-5.8932694,43.3133936],[-5.8932728,43.3134027],[-5.8932731,43.3134063],[-5.8932719,43.3134129],[-5.8932689,43.3134187],[-5.8932628,43.3134245],[-5.8932587,43.313427],[-5.8932413,43.3134373],[-5.8932339,43.3134407],[-5.8932238,43.3134439],[-5.8932041,43.3134487],[-5.8931946,43.3134518],[-5.8931849,43.3134555],[-5.8931567,43.3134669],[-5.8931486,43.3134696],[-5.8931404,43.3134713],[-5.8931286,43.3134717],[-5.8931008,43.313469],[-5.8930915,43.3134686],[-5.8930648,43.3134681],[-5.8930084,43.3134677],[-5.8929978,43.3134674],[-5.8929831,43.3134666],[-5.8929342,43.3134622],[-5.8928479,43.3134553],[-5.8928112,43.3134514],[-5.8927499,43.3134437],[-5.8927218,43.3134414],[-5.8927038,43.3134406],[-5.892686,43.3134402],[-5.8926685,43.3134404],[-5.8926514,43.3134411],[-5.8926348,43.3134422],[-5.8926142,43.3134443],[-5.8925675,43.3134516],[-5.8925559,43.313454],[-5.8925384,43.313459],[-5.8925327,43.3134601],[-5.8925272,43.3134601],[-5.8925242,43.3134596],[-5.892527,43.313502],[-5.8925352,43.3135037],[-5.8925416,43.3135065],[-5.8925455,43.3135104],[-5.8925464,43.3135153],[-5.8925445,43.3135209],[-5.8925408,43.3135268],[-5.8925356,43.3135327],[-5.8925247,43.313543],[-5.8925197,43.3135488],[-5.8925124,43.3135581],[-5.8925044,43.3135887],[-5.892622,43.3136867]],[[-5.9000647,43.3114977],[-5.9000758,43.3114955],[-5.9000882,43.3114901],[-5.9000995,43.3114825],[-5.9001218,43.311465],[-5.9001344,43.3114568],[-5.9001482,43.3114501],[-5.9001635,43.3114448],[-5.9001797,43.3114408],[-5.9001967,43.311438],[-5.9002139,43.3114361],[-5.9002303,43.3114348],[-5.9002464,43.3114345],[-5.9002621,43.3114358],[-5.9002774,43.3114384],[-5.9003066,43.3114444],[-5.9003201,43.3114466],[-5.900329,43.3114474],[-5.9003395,43.3114468],[-5.9003498,43.3114441],[-5.90036,43.3114398],[-5.90037,43.3114342],[-5.9003797,43.3114281],[-5.9004137,43.3114054],[-5.9004256,43.3113989],[-5.9004345,43.3113951],[-5.900458,43.3113864],[-5.9004719,43.3113808],[-5.9004944,43.3113699],[-5.9005052,43.3113657],[-5.9005128,43.3113639],[-5.9005205,43.3113632],[-5.9005328,43.3113649],[-5.9005413,43.3113685],[-5.9005494,43.3113736],[-5.9005569,43.3113793],[-5.9005821,43.3114015],[-5.9005905,43.3114071],[-5.9005996,43.3114107],[-5.9006071,43.3114117],[-5.9006152,43.3114113],[-5.9006217,43.3114103],[-5.9006283,43.3114087],[-5.9006348,43.3114065],[-5.9006584,43.3113973],[-5.9006694,43.3113938],[-5.9006849,43.3113906],[-5.9006991,43.3113896],[-5.9007142,43.3113898],[-5.9007299,43.311391],[-5.9007459,43.3113931],[-5.900764,43.311396],[-5.9007821,43.3113995],[-5.9008,43.3114036],[-5.900824,43.3114099],[-5.900839,43.3114135],[-5.9008544,43.3114163],[-5.900874,43.3114184],[-5.9008939,43.3114189],[-5.900914,43.3114178],[-5.9009261,43.3114165],[-5.9009381,43.3114145],[-5.9009563,43.3114102],[-5.9009742,43.3114049],[-5.900992,43.3113989],[-5.9010573,43.3113755],[-5.9010956,43.3113625],[-5.9011084,43.3113587],[-5.9011446,43.31135],[-5.9011614,43.3113454],[-5.9011727,43.3113412],[-5.9011831,43.3113365],[-5.9011922,43.3113316],[-5.9011991,43.3113272],[-5.9012046,43.3113229],[-5.901207,43.3113203],[-5.9012097,43.3113159],[-5.90121,43.3113118],[-5.9012081,43.3113077],[-5.9012029,43.311302],[-5.9011934,43.3112943],[-5.9011809,43.3112864],[-5.9011697,43.3112811],[-5.9011571,43.3112763],[-5.9011435,43.3112722],[-5.901124,43.3112678],[-5.9010835,43.3112602],[-5.901031,43.3112481],[-5.901015,43.3112455],[-5.9009977,43.311244],[-5.9009806,43.3112437],[-5.9009409,43.3112451],[-5.9008927,43.3112433],[-5.9008786,43.3112425],[-5.9008652,43.3112406],[-5.9008517,43.3112371],[-5.9008397,43.3112326],[-5.9008279,43.3112271],[-5.9007949,43.3112099],[-5.9007513,43.3111877],[-5.9007342,43.3111798],[-5.9007242,43.3111756],[-5.9006111,43.3111307],[-5.9005916,43.3111233],[-5.9005722,43.3111162],[-5.9005526,43.3111099],[-5.9005014,43.3110953],[-5.900484,43.3110893],[-5.9004671,43.3110826],[-5.9004506,43.3110753],[-5.9004099,43.3110563],[-5.9003912,43.311048],[-5.9003769,43.3110424],[-5.9003628,43.3110376],[-5.9003483,43.3110335],[-5.9003363,43.3110309],[-5.9003245,43.3110293],[-5.9003159,43.3110285],[-5.9002823,43.3110262],[-5.9002737,43.3110251],[-5.9002576,43.3110219],[-5.900242,43.3110178],[-5.9002094,43.3110078],[-5.9001292,43.3109815],[-5.9000719,43.3109603],[-5.9000516,43.3109537],[-5.8999898,43.3109347],[-5.8999641,43.3109275],[-5.8999563,43.3109255],[-5.8999527,43.3109247],[-5.8999518,43.3109248],[-5.8999535,43.3109256],[-5.8999517,43.3109268],[-5.8999466,43.3109275],[-5.8999183,43.3109282],[-5.899903,43.3109307],[-5.8998903,43.3109353],[-5.8998784,43.3109423],[-5.8998678,43.3109507],[-5.8998587,43.3109594],[-5.8998502,43.3109686],[-5.8998416,43.3109786],[-5.8998346,43.3109884],[-5.8998289,43.310999],[-5.8998236,43.3110104],[-5.8998202,43.3110205],[-5.8998179,43.3110309],[-5.8998167,43.3110416],[-5.8998166,43.3110809],[-5.8998174,43.3111393],[-5.8998183,43.3111683],[-5.8998193,43.3111824],[-5.899821,43.311196],[-5.8998273,43.3112281],[-5.8998302,43.311246],[-5.8998324,43.3112541],[-5.8998352,43.3112623],[-5.8998405,43.3112752],[-5.8998467,43.3112884],[-5.8998568,43.311308],[-5.8998632,43.3113217],[-5.8998693,43.3113359],[-5.8998916,43.3113924],[-5.8998986,43.311409],[-5.8999038,43.3114197],[-5.8999098,43.3114301],[-5.8999189,43.311442],[-5.8999296,43.311453],[-5.8999417,43.3114629],[-5.8999552,43.3114715],[-5.899967,43.3114775],[-5.8999771,43.3114818],[-5.8999874,43.3114856],[-5.9000029,43.3114905],[-5.9000097,43.3114923],[-5.9000249,43.3114955],[-5.9000397,43.3114975],[-5.9000526,43.3114983],[-5.9000647,43.3114977]],[[-5.8772631,43.3150078],[-5.8772518,43.3150116],[-5.8772458,43.3150129],[-5.8772396,43.3150138],[-5.8772152,43.315016],[-5.8772036,43.3150174],[-5.8771925,43.3150193],[-5.8771848,43.3150212],[-5.8771779,43.3150238],[-5.8771713,43.3150271],[-5.877152,43.3150377],[-5.8771402,43.3150427],[-5.8771272,43.3150471],[-5.8771143,43.3150503],[-5.8771043,43.315052],[-5.8770873,43.3150535],[-5.8770748,43.3150535],[-5.877062,43.3150529],[-5.877036,43.3150506],[-5.8769932,43.3150455],[-5.8769602,43.3150402],[-5.8769324,43.3150372],[-5.8768731,43.3150328],[-5.8768391,43.3150294],[-5.8768237,43.3150281],[-5.8768024,43.3150272],[-5.8767888,43.3150258],[-5.8767756,43.3150239],[-5.876751,43.3150197],[-5.8767434,43.3150189],[-5.8767356,43.3150188],[-5.8767103,43.31502],[-5.876697,43.3150197],[-5.8766769,43.3150173],[-5.8766637,43.3150152],[-5.8766507,43.3150136],[-5.8766374,43.3150136],[-5.8766241,43.3150154],[-5.8766063,43.3150187],[-5.8765964,43.3150212],[-5.8765655,43.3150298],[-5.8765445,43.3150362],[-5.8765113,43.3150475],[-5.8764963,43.3150521],[-5.876481,43.3150561],[-5.8764507,43.3150635],[-5.8764197,43.3150691],[-5.8764092,43.3150713],[-5.8764,43.3150741],[-5.8763919,43.3150781],[-5.876385,43.3150827],[-5.8763774,43.3150883],[-5.8763769,43.3151632],[-5.8764457,43.3152031],[-5.8765089,43.3152087],[-5.8766634,43.3151876],[-5.8769345,43.3151508],[-5.8769531,43.3151472],[-5.8769695,43.3151449],[-5.8769808,43.3151437],[-5.8769918,43.315143],[-5.877023,43.3151425],[-5.8770342,43.3151419],[-5.8770458,43.3151408],[-5.8770644,43.3151385],[-5.8770836,43.3151358],[-5.8771031,43.3151324],[-5.8771228,43.3151285],[-5.8771422,43.315124],[-5.877195,43.3151098],[-5.8772111,43.3151049],[-5.8772746,43.3150838],[-5.8772901,43.3150792],[-5.8773079,43.3150745],[-5.8773234,43.315071],[-5.8773437,43.3150673],[-5.8773535,43.3150659],[-5.8773634,43.3150649],[-5.8774607,43.3150599],[-5.8775178,43.3150577],[-5.8775444,43.315058],[-5.8775689,43.3150565],[-5.8775791,43.3150562],[-5.8775897,43.3150563],[-5.8775936,43.3150557],[-5.8775972,43.3150545],[-5.877602,43.3150514],[-5.8776055,43.3150471],[-5.8776086,43.3150399],[-5.8776122,43.3150334],[-5.8776148,43.3150303],[-5.877622,43.3150254],[-5.8776323,43.3150232],[-5.8776447,43.3150238],[-5.8776513,43.3150252],[-5.8776654,43.3150292],[-5.8776917,43.3150375],[-5.8777051,43.3150409],[-5.8777188,43.3150435],[-5.8777324,43.3150447],[-5.8777457,43.3150443],[-5.8777561,43.3150423],[-5.8777657,43.3150391],[-5.8777739,43.315035],[-5.877781,43.31503],[-5.877787,43.3150237],[-5.877792,43.3150166],[-5.8777983,43.3150043],[-5.8778024,43.314991],[-5.8778037,43.3149819],[-5.8778037,43.3149728],[-5.8778021,43.3149627],[-5.8777987,43.3149533],[-5.8777953,43.3149476],[-5.877791,43.3149424],[-5.8777845,43.3149366],[-5.8777769,43.3149317],[-5.8777662,43.3149272],[-5.8777547,43.3149246],[-5.8777429,43.3149239],[-5.8777353,43.3149241],[-5.8777198,43.3149256],[-5.8777062,43.3149275],[-5.8776924,43.3149308],[-5.8776843,43.3149331],[-5.8776493,43.3149443],[-5.8776325,43.3149492],[-5.8776203,43.3149518],[-5.8776075,43.3149541],[-5.8775916,43.3149566],[-5.8775755,43.3149588],[-5.8774998,43.3149653],[-5.8774859,43.314967],[-5.8774681,43.31497],[-5.8774341,43.3149773],[-5.8774169,43.3149803],[-5.8773995,43.3149823],[-5.8773411,43.3149866],[-5.8773294,43.3149884],[-5.8773178,43.3149907],[-5.877305,43.3149936],[-5.8772929,43.3149968],[-5.877282,43.3150002],[-5.8772631,43.3150078]],[[-5.903809,43.3095249],[-5.9038182,43.3094856],[-5.90382,43.3094704],[-5.9038197,43.3094552],[-5.9038167,43.3094404],[-5.9038104,43.309426],[-5.9038012,43.3094125],[-5.9037898,43.3094001],[-5.9037819,43.3093933],[-5.9037736,43.3093869],[-5.90376,43.3093775],[-5.9037462,43.3093692],[-5.9037259,43.3093586],[-5.9037187,43.3093546],[-5.9037116,43.3093504],[-5.9036897,43.3093362],[-5.9036784,43.3093294],[-5.9036675,43.3093238],[-5.9036564,43.3093187],[-5.903642,43.3093127],[-5.9036273,43.3093078],[-5.9036133,43.3093038],[-5.9035985,43.3093007],[-5.9035831,43.309299],[-5.9035707,43.3092987],[-5.9035351,43.3092991],[-5.9035222,43.3092987],[-5.9035091,43.3092976],[-5.9034968,43.3092959],[-5.9034846,43.3092937],[-5.9034683,43.3092896],[-5.9034366,43.3092807],[-5.9034061,43.3092728],[-5.903387,43.3092669],[-5.9033303,43.3092503],[-5.9033061,43.3092427],[-5.9032823,43.3092359],[-5.9032421,43.3092231],[-5.9032359,43.3092216],[-5.9032311,43.3092209],[-5.9032272,43.3092211],[-5.9032261,43.3092218],[-5.9032235,43.3092206],[-5.9032169,43.3092199],[-5.9032077,43.30922],[-5.9031962,43.309221],[-5.9031833,43.3092229],[-5.9031748,43.3092245],[-5.9031426,43.3092318],[-5.9031279,43.3092347],[-5.9031141,43.3092365],[-5.9031046,43.3092371],[-5.9030851,43.3092373],[-5.9030776,43.3092378],[-5.9030713,43.3092391],[-5.9030655,43.3092414],[-5.9030519,43.3092488],[-5.9030439,43.3092537],[-5.9030364,43.3092593],[-5.9030285,43.3092672],[-5.9030217,43.3092756],[-5.9030169,43.3092822],[-5.903006,43.3093001],[-5.9029969,43.309314],[-5.9029938,43.30932],[-5.902988,43.3093358],[-5.9029823,43.309354],[-5.9029759,43.3093823],[-5.9029744,43.3093907],[-5.9029719,43.3094148],[-5.9029667,43.3094539],[-5.902961,43.3094829],[-5.9029533,43.309528],[-5.9029456,43.3095683],[-5.9029447,43.309576],[-5.9029446,43.3095835],[-5.9029468,43.3095945],[-5.9029516,43.3096046],[-5.9029592,43.3096136],[-5.9029703,43.3096214],[-5.902984,43.3096279],[-5.9029992,43.3096334],[-5.9030085,43.3096362],[-5.9030275,43.3096413],[-5.9030438,43.3096445],[-5.9030605,43.3096468],[-5.9030772,43.3096481],[-5.9030936,43.3096484],[-5.9031095,43.3096476],[-5.9031422,43.3096432],[-5.9031599,43.3096417],[-5.903178,43.3096411],[-5.9031964,43.3096414],[-5.9032304,43.3096425],[-5.9032584,43.3096442],[-5.9032647,43.309645],[-5.9032953,43.3096503],[-5.903314,43.309653],[-5.9033338,43.309655],[-5.9033545,43.3096566],[-5.9033757,43.3096578],[-5.9034194,43.3096591],[-5.9034414,43.3096593],[-5.9034634,43.309659],[-5.9034972,43.3096576],[-5.9035212,43.3096557],[-5.9035446,43.309653],[-5.90362,43.3096427],[-5.9036397,43.3096413],[-5.9036799,43.30964],[-5.9036999,43.3096387],[-5.9037173,43.3096365],[-5.903734,43.3096332],[-5.9037499,43.3096288],[-5.9037644,43.3096233],[-5.9037773,43.3096165],[-5.9037862,43.3096099],[-5.9037935,43.3096024],[-5.9037991,43.3095943],[-5.903804,43.3095817],[-5.9038061,43.3095684],[-5.9038066,43.3095474],[-5.9038078,43.3095325],[-5.903809,43.3095249]],[[-5.8654889,43.3050428],[-5.8654774,43.3050453],[-5.865466,43.3050491],[-5.8654437,43.3050571],[-5.8654325,43.3050601],[-5.8654202,43.3050617],[-5.8653691,43.3050632],[-5.8653554,43.3050643],[-5.8653297,43.3050668],[-5.8653035,43.3050706],[-5.8652945,43.3050723],[-5.8652856,43.3050742],[-5.865277,43.3050765],[-5.8652669,43.3050799],[-5.865255,43.3050845],[-5.8652438,43.30509],[-5.8652358,43.3050952],[-5.8652246,43.3051056],[-5.8652149,43.3051175],[-5.8652009,43.305137],[-5.8651946,43.3051466],[-5.8651891,43.3051564],[-5.865185,43.3051664],[-5.8651825,43.3051771],[-5.8651815,43.3051848],[-5.8651809,43.3052003],[-5.8651814,43.3052121],[-5.8651828,43.3052239],[-5.865185,43.3052357],[-5.8651904,43.3052594],[-5.8651935,43.3052704],[-5.8651971,43.3052809],[-5.8652018,43.3052914],[-5.8652085,43.3053039],[-5.8652211,43.3053216],[-5.8652264,43.3053274],[-5.8652327,43.3053322],[-5.8652417,43.3053358],[-5.8652514,43.3053376],[-5.8652626,43.3053385],[-5.8653122,43.3053401],[-5.8653289,43.3053414],[-5.8653458,43.3053434],[-5.8653658,43.3053467],[-5.8653854,43.305351],[-5.865404,43.3053566],[-5.8654149,43.3053608],[-5.8654251,43.3053655],[-5.8654336,43.30537],[-5.8654414,43.3053749],[-5.8654541,43.3053857],[-5.8654643,43.3053983],[-5.8654719,43.3054121],[-5.8654759,43.3054224],[-5.8654787,43.3054332],[-5.865481,43.3054464],[-5.8654821,43.3054599],[-5.865482,43.3054735],[-5.8654792,43.3055058],[-5.8654742,43.3055509],[-5.8654725,43.3055754],[-5.8654701,43.3056494],[-5.8654688,43.3056761],[-5.8654672,43.3056938],[-5.8654649,43.3057114],[-5.8654627,43.3057229],[-5.8654498,43.3057734],[-5.865447,43.3057902],[-5.8654461,43.3058054],[-5.8654465,43.3058208],[-5.8654479,43.3058362],[-5.8654548,43.305894],[-5.8654595,43.3059293],[-5.865464,43.3059556],[-5.8654692,43.3059785],[-5.8654734,43.3059926],[-5.8654856,43.3060282],[-5.8654901,43.3060432],[-5.865498,43.3060736],[-5.865509,43.3061216],[-5.8655122,43.3061341],[-5.8655344,43.3062077],[-5.8655381,43.3062234],[-5.8655412,43.3062426],[-5.8655443,43.3062586],[-5.8655484,43.3062742],[-5.8655537,43.3062892],[-5.8655603,43.3063028],[-5.8655686,43.3063145],[-5.8655736,43.3063194],[-5.8655826,43.3063253],[-5.8655923,43.3063291],[-5.8655991,43.3063304],[-5.8656057,43.3063305],[-5.8656122,43.3063292],[-5.8656177,43.3063264],[-5.8656235,43.3063203],[-5.8656274,43.3063119],[-5.8656298,43.3063017],[-5.8656311,43.3062903],[-5.8656314,43.3062786],[-5.8656309,43.3062634],[-5.8656294,43.3062475],[-5.8656248,43.3062144],[-5.8656073,43.3061125],[-5.8655834,43.3059609],[-5.8655744,43.3059111],[-5.8655625,43.3058545],[-5.8655603,43.3058394],[-5.8655575,43.305809],[-5.8655534,43.3057337],[-5.8655487,43.3056624],[-5.8655474,43.3055897],[-5.8655442,43.3055315],[-5.8655439,43.3055169],[-5.8655442,43.3055003],[-5.8655468,43.3054506],[-5.8655472,43.305434],[-5.865547,43.3054192],[-5.8655453,43.3053748],[-5.8655451,43.3053601],[-5.8655457,43.3053073],[-5.8655454,43.3052276],[-5.8655466,43.3051887],[-5.8655493,43.3051401],[-5.8655498,43.3051078],[-5.8655492,43.3050855],[-5.8655492,43.3050826],[-5.8655477,43.3050775],[-5.8655445,43.305071],[-5.8655374,43.3050609],[-5.8655274,43.3050514],[-5.865515,43.3050445],[-5.8655024,43.305042],[-5.8654889,43.3050428]]]}}]}